-- --------------------------------------------------------
-- Host:                         localhost
-- Server version:               8.3.0 - MySQL Community Server - GPL
-- Server OS:                    Win64
-- HeidiSQL Version:             12.6.0.6765
-- --------------------------------------------------------

/*!40101 SET @OLD_CHARACTER_SET_CLIENT=@@CHARACTER_SET_CLIENT */;
/*!40101 SET NAMES utf8 */;
/*!50503 SET NAMES utf8mb4 */;
/*!40103 SET @OLD_TIME_ZONE=@@TIME_ZONE */;
/*!40103 SET TIME_ZONE='+00:00' */;
/*!40014 SET @OLD_FOREIGN_KEY_CHECKS=@@FOREIGN_KEY_CHECKS, FOREIGN_KEY_CHECKS=0 */;
/*!40101 SET @OLD_SQL_MODE=@@SQL_MODE, SQL_MODE='NO_AUTO_VALUE_ON_ZERO' */;
/*!40111 SET @OLD_SQL_NOTES=@@SQL_NOTES, SQL_NOTES=0 */;


-- Dumping database structure for iva
DROP DATABASE IF EXISTS `iva`;
CREATE DATABASE IF NOT EXISTS `iva` /*!40100 DEFAULT CHARACTER SET utf8mb3 COLLATE utf8mb3_unicode_ci */ /*!80016 DEFAULT ENCRYPTION='N' */;
USE `iva`;

-- Dumping structure for table iva.administrator
DROP TABLE IF EXISTS `administrator`;
CREATE TABLE IF NOT EXISTS `administrator` (
  `administrator_id` int unsigned NOT NULL AUTO_INCREMENT,
  `username` varchar(32) COLLATE utf8mb3_unicode_ci NOT NULL DEFAULT '0',
  `password_hash` varchar(128) COLLATE utf8mb3_unicode_ci NOT NULL DEFAULT '0',
  PRIMARY KEY (`administrator_id`),
  UNIQUE KEY `uq_administrator_username` (`username`)
) ENGINE=InnoDB AUTO_INCREMENT=114 DEFAULT CHARSET=utf8mb3 COLLATE=utf8mb3_unicode_ci;

-- Dumping data for table iva.administrator: ~75 rows (approximately)
DELETE FROM `administrator`;
INSERT INTO `administrator` (`administrator_id`, `username`, `password_hash`) VALUES
	(1, 'Anes', 'A9DBF11FDDD3AA0FE634881DBF9A89938F2E5BFB59E36E64B3BF32080F9ED1C791E517C3C236DC6FA3B11AF2D5E3569ABC550170F82A985EC1F3832DDBEDC20D'),
	(2, 'Neko', '2E38C35B43DB810FE51B82E41B3E8EDD6EB39C523129EB874003F8B8274FE03DA2D499FD1EEA14D80C1B8397FF817A3F19E79BE53CE7240D3065FF44F5E6CF86'),
	(3, 'pperic', '6A4C0DC4FCC43BDEA28963DF73E4F8351BCDAE08FDA1516234E8D764AF8178A610BCCA2813D204DFF92A43F0511EB0016C7682CCF7B343D99E01739FC26EF104'),
	(6, 'Neki username', '0DCC617B3BEF102B2B55B9C4275C7A8924E825DBC4AEF3B69D40550D865CF67DCF5399A5FFAB74CF4D9C737DF73C3D2BEC03E21AB5B62B1DBB200ADF40AD5C88'),
	(8, 'mmilic', '8838A4482A92C18E0B96F742A043E749B65B21B213E4D164ACB4838CBC001E9664A23803555925B54A54152B8011D30B0C704ACA70B7B56443970A32819C9719'),
	(12, 'mmilic2', 'BBE6106AE37E78E0842D860F0D5DA4FCE3C2E4F9FEA093F240C0B3215AA1F3FE4E0DFAB302E82569F2203F0731D9BDE929E003F0AE325BDD820C74154DA45016'),
	(13, 'Neki adminn', '02C260C897E97265018128FC7838475D7668F558B015521F3E4A8DC633C709368067FDA68B393CA303B328A02D384D7AB381FDDB5FC4DB3EA807155ABF781D26'),
	(14, 'Neki Novi', 'B109F3BBBC244EB82441917ED06D618B9008DD09B3BEFD1B5E07394C706A8BB980B1D7785E5976EC049B46DF5F1326AF5A2EA6D103FD07C95385FFAB0CACBC86'),
	(15, 'Drugi Korisnik', '0005D5B313ED7D922FEED8D7488BCF4E1A090E9116739A92173E5327C1AC6B09D29C71E7E730EDD26A05DD9A581A9F7A48531709EB443AA8AF40DDA2CBED871E'),
	(16, 'Treci Korisnik', '30A75C5A5923422652578A11BA5DB974BA12C2C9288BB6AF0516A864082049FECCB343A42E56AB24B45A5FA5C337F8857B36576FBCC49AF74CC01940190FCB12'),
	(18, 'Cetvrti Korisnik', '1985e6b2e1e1e3e2deea331d89840171f69a72f2406f5c8fa1232513d7bfd3c4dc6ceea5941cd46f69d63b1ece8139a36a267bf34c89b95692b2bea4fb73e753'),
	(19, 'Peti Korisnik', '745e32dffeab2b1de7c8a1f8a6d811050f1ef0fd28a2ed94bf609a5ee77f64978b9ea4a5a9a050b17ae7fbad67b1fedf049cdf85e69f1a524dd1224222cce909'),
	(20, 'Sesti Korisnik', '63272BAE374E274BA3BCFA631B4184430ECBD4DBC6AE035BD19AEE2366942D5356E03DE4382885DFD666A2A7FACAA918950EED3219AD894F3A2A883D02BF886C'),
	(22, 'Sedmi Korisnik', '5D7AD72AA4A53D4D40ED26E50299A9644D08EA195D3B1AED3EBB9A14F3FC43015B13BCE88A6CA45F3CB112405462210FE76490F3067AE6739A0470F15430FF83'),
	(24, 'Sedmi K', 'FEA80346C5DB87F872FD49E729A64DA956ED3D80D3794875CA0785B18792B4353CCA46162BFBC428FB8E172B37FFF0676398BBD91A088DE6735933F1F5AA0F4C'),
	(25, '0', '2B68E0A388296D4FA35567B7200A9EFADB75D92C5544348CD7FCE62151DA9EB04D440624D11A15A39888B9C1E29CCEF9706457924504ACCD2B5FFB654DED8971'),
	(28, 'admin', 'C7AD44CBAD762A5DA0A452F9E854FDC1E0E7A52A38015F23F3EAB1D80B931DD472634DFAC71CD34EBC35D16AB7FB8A90C81F975113D6C7538DC69DD8DE9077EC'),
	(29, 'test', 'EE26B0DD4AF7E749AA1A8EE3C10AE9923F618980772E473F8819A5D4940E0DB27AC185F8A0E1D5F84F88BC887FD67B143732C304CC5FA9AD8E6F57F50028A8FF'),
	(30, 'Novi User Test', '84285DE205DD1EBA122AE76D702F67668F9DC5751062BE1582280C9BA779733454352B539B7DC77749683590B8B38BDEC9A4F5EF02636D03FF62916367137A2E'),
	(33, 'neki', '9636EFC2E2DB6A802CFA49ED1EF5FC63F62E3A0C9D80CBD43298CADB9A647DC29866D0583D191E7C99A872C9725D492B51DF6D801614BD76DBDC9F1E3C8906DE'),
	(34, '', '9636EFC2E2DB6A802CFA49ED1EF5FC63F62E3A0C9D80CBD43298CADB9A647DC29866D0583D191E7C99A872C9725D492B51DF6D801614BD76DBDC9F1E3C8906DE'),
	(35, 'User Name 3245', '7D667E66B46793D92468A8FD2144EA939EEF1B9917CF173B7AF3E2E791910DC6478502D7052075C574042233B1235950FA2A7F48CF6F08990D612B77AA160804'),
	(36, 'johnDoe', 'C9DFBD9D08308F5E65EC72ECB0B570953FF3DC073B31D32E4BBD29C7F1C5F6C2E10BD3CB38ACF35F1E9DBF676A1352746B99F2FEC09F98D16610E211433464B9'),
	(37, 'johnDoe2', 'C9DFBD9D08308F5E65EC72ECB0B570953FF3DC073B31D32E4BBD29C7F1C5F6C2E10BD3CB38ACF35F1E9DBF676A1352746B99F2FEC09F98D16610E211433464B9'),
	(38, 'johnDoe_doe', 'C9DFBD9D08308F5E65EC72ECB0B570953FF3DC073B31D32E4BBD29C7F1C5F6C2E10BD3CB38ACF35F1E9DBF676A1352746B99F2FEC09F98D16610E211433464B9'),
	(39, 'johnDoe_doe23asd', 'D29336B7CAAEAA1019D570CC19B3D73C8BD4CDEF33458DF05AECAA767FBADFE289F720DDA8AB174E24F26AC41228485F3AC313ABB13FE06D827619E9B3DCA0B7'),
	(40, 'abc123', '859BA8D44F72F89C3EDC7E9927F5CA289022D82926D3D1FEEA2E9A99DF62E26BA9DD56529F71D3B72C8487B7E7C03A6F4845723190BA74B7CC3BCA3F9BAE84ED'),
	(41, 'abc1234', '12CCDAD4D6768B07C647CAA57733253AED79E88408F08E0F2D2A6A895120D402C3CA9E3DE55AEDD4771D1F161D10945B881C8CE6262AC09305480F7AC4488234'),
	(42, 'abc1234Ads', '755068558844CB0A813BE4B459C252850E92417CE3221DC5A8A3F80157B6E45F2D2705292B3D5278AA0B0F1258335F0ADDDC213E4348957E928C3A810336C9A0'),
	(43, 'sdadsadsa', '755068558844CB0A813BE4B459C252850E92417CE3221DC5A8A3F80157B6E45F2D2705292B3D5278AA0B0F1258335F0ADDDC213E4348957E928C3A810336C9A0'),
	(44, 'sdadsadsdsaa', '755068558844CB0A813BE4B459C252850E92417CE3221DC5A8A3F80157B6E45F2D2705292B3D5278AA0B0F1258335F0ADDDC213E4348957E928C3A810336C9A0'),
	(46, 'asdAds_dsa', 'D29336B7CAAEAA1019D570CC19B3D73C8BD4CDEF33458DF05AECAA767FBADFE289F720DDA8AB174E24F26AC41228485F3AC313ABB13FE06D827619E9B3DCA0B7'),
	(47, 'asd', '755068558844CB0A813BE4B459C252850E92417CE3221DC5A8A3F80157B6E45F2D2705292B3D5278AA0B0F1258335F0ADDDC213E4348957E928C3A810336C9A0'),
	(49, 'NekiNovisuUser', 'AD1F95E79CA3E78CA2639C27413F2348B4A41371516AD3D118811EEF6CEB7D80BA1C6D05BAD4A70B0B3D324BC9CD7EAF6CC26D225BDF5D2DD9D65A5D85C1C035'),
	(50, 'asdAds_dsazzssxs', '9B4E6ABD1DC625B97A34219268630FBB8A97C7029AD1DAFF0F4DB28A93D914C9C1F1D3ACD8E7E4D5FCB2863F01191A3483E24A8727F14B56E294C5D020F07979'),
	(51, 'NekiNovisuUsesr2', '5D210798CDF7035F9AA453F528223215DDB5BF5B112FC1F20487897B3321667E40C4BF3F032E4DA9D56300B4AFD2C07D1AE3215F52C3E4AF5C5FB662A34D1C9B'),
	(53, 'ds', '5D210798CDF7035F9AA453F528223215DDB5BF5B112FC1F20487897B3321667E40C4BF3F032E4DA9D56300B4AFD2C07D1AE3215F52C3E4AF5C5FB662A34D1C9B'),
	(55, 'MojNoviJuzer', 'B13DD1F54E5C96CBCF92C8BE7D87AA649C1938E508A5E9BB3288A99B0ACA3C930C049688CA69738A8CA394F8EE36F2B07DEE0CC5B926273D990F17B5A9DF0F85'),
	(56, 'MojNoviUser112', '5F7D6CE3005DB91F6C4824194ABD173141EF258F54233A609441489B6339741AEBA2FF2E0A77D417013F3C19BEFE3F50B956428E9A4E29CF991B84A199C229F9'),
	(57, 'MojNoviUser11NekiUser2', 'A2FDD97A07499CB586BDB959917373E740A620CFE04AC6312F37185AA2D7A6C0CA7778237256EA8221AEA8B904FCAA762C758771799E684F4AC7D53BF4547B86'),
	(60, 'MojNoviUser11NekiUser222', '1969ABBEFD03BD6D0577D12EB72F900AE80952B75C57CC1A6F270C95B9343453C0F0B17596F41172AC2B0F6CF746121420A6BAFD8DEF1BFFC028261A3424BF29'),
	(62, 'kostreba', '46C37B1B911F4328CB18745DBD42891A7E84491DDC025B6C368F75BD721CA525CDE71CEBB2D943A8BA5CCA34DFC3422905BBF1B308845F2EB5ED213ED62B7983'),
	(66, 'kostrebAdsada', 'C1266D6ED63B78CAE7FEE52B15536CFF3133DF0DFF6D1A014D89A81D18807BE550538BBBAEE4B5CF100CAE6F481400B04C0FF9A9326B3A94D2DC23B813764A4C'),
	(67, '222', 'C1266D6ED63B78CAE7FEE52B15536CFF3133DF0DFF6D1A014D89A81D18807BE550538BBBAEE4B5CF100CAE6F481400B04C0FF9A9326B3A94D2DC23B813764A4C'),
	(69, '2222', 'C1266D6ED63B78CAE7FEE52B15536CFF3133DF0DFF6D1A014D89A81D18807BE550538BBBAEE4B5CF100CAE6F481400B04C0FF9A9326B3A94D2DC23B813764A4C'),
	(70, '222dsadsa2', 'CF83E1357EEFB8BDF1542850D66D8007D620E4050B5715DC83F4A921D36CE9CE47D0D13C5D85F2B0FF8318D2877EEC2F63B931BD47417A81A538327AF927DA3E'),
	(72, 'aaaa', 'D15DEC9673E2EE8494CDD399834E26A6ADBA138241CEAE13D1ED33DBDD7336E8C98E05126737337A5CFEC7E118D062AC457B3E6AEE7B26C279BAA2E71F9C0D7A'),
	(73, 'aaaa@', 'D15DEC9673E2EE8494CDD399834E26A6ADBA138241CEAE13D1ED33DBDD7336E8C98E05126737337A5CFEC7E118D062AC457B3E6AEE7B26C279BAA2E71F9C0D7A'),
	(74, 'aaaa@./.@', 'D15DEC9673E2EE8494CDD399834E26A6ADBA138241CEAE13D1ED33DBDD7336E8C98E05126737337A5CFEC7E118D062AC457B3E6AEE7B26C279BAA2E71F9C0D7A'),
	(77, 'aasdadsadaa', 'CF83E1357EEFB8BDF1542850D66D8007D620E4050B5715DC83F4A921D36CE9CE47D0D13C5D85F2B0FF8318D2877EEC2F63B931BD47417A81A538327AF927DA3E'),
	(79, 'kostAnesreba', '8135B0D2F6EFC4043E3A466C45ABCC3AF5FCD73A9B7D50D33175D236E4AAEE2482AFE87963CCDF9FE9A58F59634571FC796A4E8DABF9D43328FD0FA7C8D83FB9'),
	(82, 'cokolada', 'D6016637E6B4656B9912A270EFD2D999A71CCAD03CDFF5F6FD36E91A905712326EE56DB194FB4E746D7839841B8244EAE164F20FDB82B5EB231E255E4CEF83A1'),
	(84, 'cokoladaxx', 'D60432C4749313ECA668178132BA1EBF1916FF4605DBE7ADA5D2CD9C6FE1611A55DBAE41EBD5BE536D485B57A01938F5F0900116E924989E515A33BFA7288914'),
	(86, 'cokoscxsalacdaxx', '78FF7E6D978C215612E25BBF94B19B314779D743060CEA5FE47BAC787DC0C47E8D7BEAFF31DCFC171F3A1591A6881B0B6AB23F5C4CCC240D1A4733CA88F5B719'),
	(87, 'edosdad.2', '07A68382BE73B5F2417EAE74F9A38F30550D2140B682FDE4B78D24E9E1BE8EED1B55ABE5FD575AB5B0DB0BDE95C9018D3B1269AACED7BDC60A8AC380C1419FE9'),
	(89, 'biblioteka', '6B741262E168B7914760E7209BC8EA0A9F9C752C90D002258CDC2FDA5BE57888B40096C702628F4E9D1D8AF7B1049E9C775A6CEEB963EE83C5A0D145B7ECFCEB'),
	(92, 'userNekiDrugi', 'FE6086EACFFE8C95A2B7DF749A4E1F7F4701B392BD3983BCA0B495C72A0E1116F867FC2DD15C1DE2EAC31F46382C4160B4AEF473F835069839B5262117F42C10'),
	(94, 'userNekiDrugiz', '9792E3735B4C92366DF879051616F2E1EF724E8ECF1C90E77E0AD433BE4B1E7159AD3A2DDB6FB5160542721C4B8D938C69D355C718668B629DA9024BC576625B'),
	(95, 'administrator', 'CF835DE3D4EA01367C45E412E7A9393A85A4E40AF149ED8C3ED6C37C05B67B27813D7FF8072C1035CEDD19415ADF17128D63186F05F0D656002B0CA1C34F44A0'),
	(96, 'usersdaNekiDrugizzzx', 'D39B99473922A9A26C832385D215E76A850D40A8ADE6BC99E3F7E56CBDBD82F2160C3826DC5F2CE047313CFE513D0796E705B37B582D9E65EDEE0D433490FC5B'),
	(97, 'usersdaNekiDrugisszzzx', 'A8C0617F9534D54CFB6E7493080C64EA36371BFFD3562F9A8EC277526D831AB797E084157BEDDFC59ABD0DC1A81FF46EC2F2B7B613FDB91FE97ED0D21C7BC9A3'),
	(98, 'usersdzzaNekiDrugisszzzx', 'F3DA034ADE84BDB9FFE85112CDBA2502A4E210F1E5E3707BAA687888792C2ABBD535F92A0D56B126736307C93653976523F027563F604973564FA10BE6ED93CC'),
	(99, 'usersdzzaNekiDrxxugisszzzx', '21722F77419BC817BC869BE7EEF6A9457D4881071B799D05787094D2CF92D26E5A7630361805DBE3192C23AB7D7B98C8B708000C499B4DB98439CF1D3F16A9FD'),
	(100, 'usccersdzzaNekiDrxxugisszzzx', 'BC69195352D8120FB5DEA7CBFFB2DDDAFEAD8C9174E6083E87B1EF012721CD509FC21A82649D9D85DAB3A0AB7EDE48F1EE9D23F4E8A09A107030CD08B5A06642'),
	(101, 'asdxf', 'BC69195352D8120FB5DEA7CBFFB2DDDAFEAD8C9174E6083E87B1EF012721CD509FC21A82649D9D85DAB3A0AB7EDE48F1EE9D23F4E8A09A107030CD08B5A06642'),
	(102, 'asdxssssss', 'BC69195352D8120FB5DEA7CBFFB2DDDAFEAD8C9174E6083E87B1EF012721CD509FC21A82649D9D85DAB3A0AB7EDE48F1EE9D23F4E8A09A107030CD08B5A06642'),
	(103, 'asdxsssssyhtgfhs', '3DF025D5D874FDFEE74E8424E5D04C536B649CAD17517148138E4207BFD8585322C41CFABEC9BD2E3A1160309752D0D6F3E26C92050605AF61B2CA5A69226079'),
	(104, 'asdxsssxxxxxxxxssyhtgfhs', '6149F81A63DA24EB16065C21CADD766DB5E389E62F33005BB17D51A39B02E0C065970C06A110A18A882109870B1A7658919E5D0910B011E4C441E648DF913E83'),
	(106, 'kakosezove', '2e2cd7557ba9e6dc6be9069f016ef0e9acf7cb945f4358f8779db938fc87369ad131c8ad41392f9104cd03eda695d7e4c5790dac1a8ebc6d61cadf44b68c298d'),
	(107, 'vvvvvvvvvvvvvvvvv', '79E39E2F069A51318DE8E25DCF0C0836ABF0479090DF7ABCA6270042902A72AA72FAED54D8EFB62E27348ED3952C076AC62802F7DFE22F6E359A6DDC09428F9D'),
	(108, 'noviadmin', 'fe6086eacffe8c95a2b7df749a4e1f7f4701b392bd3983bca0b495c72a0e1116f867fc2dd15c1de2eac31f46382c4160b4aef473f835069839b5262117f42c10'),
	(109, 'admin66', 'd52f366983f54e47a7dbaa60ebfe95b0f4c779c423fa4d3aacd851cc2e4a53f0ae5f7766fd4ff41cbec3793c8fc0da93430739422b099b65ff82979c96ae42bb'),
	(111, 'noviAdminneki', 'A562D24E547ED5A7D6102D435A9C7392296880D133E37958EBD1693C7B80A987BBFA103B153FFFF69C66D353811E3B2DC53A52B8FFF905C262E5D7FC1F4C2766'),
	(112, 'noviAdminneki2A', '9c69e24186d49a1530a17d0c997dffcdea2180706683a734f207a4fe802a34e774148e9e140efa452bbc2aba915b5e9976c1ef55ca0a0c965821fbb84422fe7c'),
	(113, 'noviAdministrator', '9c69e24186d49a1530a17d0c997dffcdea2180706683a734f207a4fe802a34e774148e9e140efa452bbc2aba915b5e9976c1ef55ca0a0c965821fbb84422fe7c');

-- Dumping structure for table iva.administrator_token
DROP TABLE IF EXISTS `administrator_token`;
CREATE TABLE IF NOT EXISTS `administrator_token` (
  `administrator_token_id` int unsigned NOT NULL AUTO_INCREMENT,
  `administrator_id` int unsigned NOT NULL,
  `created_at` timestamp NOT NULL DEFAULT CURRENT_TIMESTAMP,
  `token` text COLLATE utf8mb3_unicode_ci NOT NULL,
  `expires_at` datetime NOT NULL,
  `is_valid` tinyint unsigned NOT NULL DEFAULT '1',
  PRIMARY KEY (`administrator_token_id`),
  KEY `fk_administrator_token_administrator_id` (`administrator_id`),
  CONSTRAINT `fk_administrator_token_administrator_id` FOREIGN KEY (`administrator_id`) REFERENCES `administrator` (`administrator_id`) ON UPDATE CASCADE
) ENGINE=InnoDB AUTO_INCREMENT=71 DEFAULT CHARSET=utf8mb3 COLLATE=utf8mb3_unicode_ci;

-- Dumping data for table iva.administrator_token: ~64 rows (approximately)
DELETE FROM `administrator_token`;
INSERT INTO `administrator_token` (`administrator_token_id`, `administrator_id`, `created_at`, `token`, `expires_at`, `is_valid`) VALUES
	(1, 92, '2024-06-04 11:56:16', 'eyJhbGciOiJIUzI1NiIsInR5cCI6IkpXVCJ9.eyJyb2xlIjoiYWRtaW5pc3RyYXRvciIsImlkIjo5MiwiaWRlbnRpdHkiOiJ1c2VyTmVraURydWdpIiwiZXhwIjoxNzIwMTgwNTc2LjkzMiwiaXAiOiI6OjEiLCJ1YSI6IlBvc3RtYW5SdW50aW1lLzcuMzkuMCIsImlhdCI6MTcxNzUwMjE3Nn0.jnR9pjPZAvwnfGUSGkYWurMVZjrIuJfB8IqdKvfTkIo', '2024-07-05 11:56:16', 1),
	(2, 92, '2024-06-04 11:56:38', 'eyJhbGciOiJIUzI1NiIsInR5cCI6IkpXVCJ9.eyJyb2xlIjoiYWRtaW5pc3RyYXRvciIsImlkIjo5MiwiaWRlbnRpdHkiOiJ1c2VyTmVraURydWdpIiwiZXhwIjoxNzIwMTgwNTk4LjUwNiwiaXAiOiI6OjEiLCJ1YSI6IlBvc3RtYW5SdW50aW1lLzcuMzkuMCIsImlhdCI6MTcxNzUwMjE5OH0.A234lDlh-50TsyN6W6mFycRqxm5cODg756tydfX60ak', '2024-07-05 11:56:38', 1),
	(3, 92, '2024-06-04 11:56:40', 'eyJhbGciOiJIUzI1NiIsInR5cCI6IkpXVCJ9.eyJyb2xlIjoiYWRtaW5pc3RyYXRvciIsImlkIjo5MiwiaWRlbnRpdHkiOiJ1c2VyTmVraURydWdpIiwiZXhwIjoxNzIwMTgwNjAwLjMyNywiaXAiOiI6OjEiLCJ1YSI6IlBvc3RtYW5SdW50aW1lLzcuMzkuMCIsImlhdCI6MTcxNzUwMjIwMH0.SqkCQMM-jeZvpvCGtz5l-RIMRw3PBYlcPHaUOICu4MQ', '2024-07-05 11:56:40', 1),
	(4, 92, '2024-06-04 11:56:44', 'eyJhbGciOiJIUzI1NiIsInR5cCI6IkpXVCJ9.eyJyb2xlIjoiYWRtaW5pc3RyYXRvciIsImlkIjo5MiwiaWRlbnRpdHkiOiJ1c2VyTmVraURydWdpIiwiZXhwIjoxNzIwMTgwNjA0LjMyMiwiaXAiOiI6OjEiLCJ1YSI6IlBvc3RtYW5SdW50aW1lLzcuMzkuMCIsImlhdCI6MTcxNzUwMjIwNH0.BRK-7UzIJNjV6NdzBmsc-zGjOCpSGrzxggQLzR62wgs', '2024-07-05 11:56:44', 1),
	(5, 92, '2024-06-04 11:56:45', 'eyJhbGciOiJIUzI1NiIsInR5cCI6IkpXVCJ9.eyJyb2xlIjoiYWRtaW5pc3RyYXRvciIsImlkIjo5MiwiaWRlbnRpdHkiOiJ1c2VyTmVraURydWdpIiwiZXhwIjoxNzIwMTgwNjA1Ljg4NiwiaXAiOiI6OjEiLCJ1YSI6IlBvc3RtYW5SdW50aW1lLzcuMzkuMCIsImlhdCI6MTcxNzUwMjIwNX0.pQpnMpr96zR-R3hhDl4W-hLGy-v26pPfSBojr3K4WQE', '2024-07-05 11:56:45', 1),
	(6, 92, '2024-06-04 11:56:47', 'eyJhbGciOiJIUzI1NiIsInR5cCI6IkpXVCJ9.eyJyb2xlIjoiYWRtaW5pc3RyYXRvciIsImlkIjo5MiwiaWRlbnRpdHkiOiJ1c2VyTmVraURydWdpIiwiZXhwIjoxNzIwMTgwNjA3LjEzNCwiaXAiOiI6OjEiLCJ1YSI6IlBvc3RtYW5SdW50aW1lLzcuMzkuMCIsImlhdCI6MTcxNzUwMjIwN30.EkiOgQUAUmM_LM9q0weHVmxmRtC2wFjLt3m3QEsit6w', '2024-07-05 11:56:47', 1),
	(7, 92, '2024-06-04 12:09:52', 'eyJhbGciOiJIUzI1NiIsInR5cCI6IkpXVCJ9.eyJyb2xlIjoiYWRtaW5pc3RyYXRvciIsImlkIjo5MiwiaWRlbnRpdHkiOiJ1c2VyTmVraURydWdpIiwiZXhwIjoxNzIwMTgxMzkyLjc2NCwiaXAiOiI6OjEiLCJ1YSI6IlBvc3RtYW5SdW50aW1lLzcuMzkuMCIsImlhdCI6MTcxNzUwMjk5Mn0.OL6UUOuHV0aXNFWfd9PVU7jad5K27vLjml1p9_BtHvA', '2024-07-05 12:09:52', 1),
	(8, 92, '2024-06-04 12:15:25', 'eyJhbGciOiJIUzI1NiIsInR5cCI6IkpXVCJ9.eyJyb2xlIjoiYWRtaW5pc3RyYXRvciIsImlkIjo5MiwiaWRlbnRpdHkiOiJ1c2VyTmVraURydWdpIiwiZXhwIjoxNzIwMTgxNzI1LjMyMSwiaXAiOiI6OjEiLCJ1YSI6Ik1vemlsbGEvNS4wIChXaW5kb3dzIE5UIDEwLjA7IFdpbjY0OyB4NjQpIEFwcGxlV2ViS2l0LzUzNy4zNiAoS0hUTUwsIGxpa2UgR2Vja28pIENocm9tZS8xMjUuMC4wLjAgU2FmYXJpLzUzNy4zNiIsImlhdCI6MTcxNzUwMzMyNX0.mJ5iNympLwyzBv8yQ9K_GSlVGenG5EmJ0w7Im1-UVcA', '2024-07-05 12:15:25', 1),
	(9, 92, '2024-06-04 12:15:57', 'eyJhbGciOiJIUzI1NiIsInR5cCI6IkpXVCJ9.eyJyb2xlIjoiYWRtaW5pc3RyYXRvciIsImlkIjo5MiwiaWRlbnRpdHkiOiJ1c2VyTmVraURydWdpIiwiZXhwIjoxNzIwMTgxNzU3LjE2NCwiaXAiOiI6OjEiLCJ1YSI6Ik1vemlsbGEvNS4wIChXaW5kb3dzIE5UIDEwLjA7IFdpbjY0OyB4NjQpIEFwcGxlV2ViS2l0LzUzNy4zNiAoS0hUTUwsIGxpa2UgR2Vja28pIENocm9tZS8xMjUuMC4wLjAgU2FmYXJpLzUzNy4zNiIsImlhdCI6MTcxNzUwMzM1N30.j5_9r7_0BuWXjM9Cl0nEtIp7VdPwcmEEkoZy2NQtiDQ', '2024-07-05 12:15:57', 1),
	(10, 92, '2024-06-04 12:18:28', 'eyJhbGciOiJIUzI1NiIsInR5cCI6IkpXVCJ9.eyJyb2xlIjoiYWRtaW5pc3RyYXRvciIsImlkIjo5MiwiaWRlbnRpdHkiOiJ1c2VyTmVraURydWdpIiwiZXhwIjoxNzIwMTgxOTA4LjgwNywiaXAiOiI6OjEiLCJ1YSI6Ik1vemlsbGEvNS4wIChXaW5kb3dzIE5UIDEwLjA7IFdpbjY0OyB4NjQpIEFwcGxlV2ViS2l0LzUzNy4zNiAoS0hUTUwsIGxpa2UgR2Vja28pIENocm9tZS8xMjUuMC4wLjAgU2FmYXJpLzUzNy4zNiIsImlhdCI6MTcxNzUwMzUwOH0.xs_dq6u76aRPYnXP3lnBwF7Dq77Rf3Q4onoXt_vO1XY', '2024-07-05 12:18:28', 1),
	(11, 92, '2024-06-04 12:20:23', 'eyJhbGciOiJIUzI1NiIsInR5cCI6IkpXVCJ9.eyJyb2xlIjoiYWRtaW5pc3RyYXRvciIsImlkIjo5MiwiaWRlbnRpdHkiOiJ1c2VyTmVraURydWdpIiwiZXhwIjoxNzIwMTgyMDIzLjU2NSwiaXAiOiI6OjEiLCJ1YSI6Ik1vemlsbGEvNS4wIChXaW5kb3dzIE5UIDEwLjA7IFdpbjY0OyB4NjQpIEFwcGxlV2ViS2l0LzUzNy4zNiAoS0hUTUwsIGxpa2UgR2Vja28pIENocm9tZS8xMjUuMC4wLjAgU2FmYXJpLzUzNy4zNiIsImlhdCI6MTcxNzUwMzYyM30.UVM347HQCbD-MXdyEPaGszHAmf862fqdm4SAqvmLMpg', '2024-07-05 12:20:23', 1),
	(12, 92, '2024-06-04 13:37:03', 'eyJhbGciOiJIUzI1NiIsInR5cCI6IkpXVCJ9.eyJyb2xlIjoiYWRtaW5pc3RyYXRvciIsImlkIjo5MiwiaWRlbnRpdHkiOiJ1c2VyTmVraURydWdpIiwiZXhwIjoxNzIwMTg2NjIzLjI3NSwiaXAiOiI6OjEiLCJ1YSI6Ik1vemlsbGEvNS4wIChXaW5kb3dzIE5UIDEwLjA7IFdpbjY0OyB4NjQpIEFwcGxlV2ViS2l0LzUzNy4zNiAoS0hUTUwsIGxpa2UgR2Vja28pIENocm9tZS8xMjUuMC4wLjAgU2FmYXJpLzUzNy4zNiIsImlhdCI6MTcxNzUwODIyM30.8pLAxeZKVJcDFPDNrdVh-gr8rwZwMZ0X6UArEHf9k5s', '2024-07-05 13:37:03', 1),
	(13, 92, '2024-06-05 07:17:40', 'eyJhbGciOiJIUzI1NiIsInR5cCI6IkpXVCJ9.eyJyb2xlIjoiYWRtaW5pc3RyYXRvciIsImlkIjo5MiwiaWRlbnRpdHkiOiJ1c2VyTmVraURydWdpIiwiZXhwIjoxNzIwMjUwMjYwLjkwOSwiaXAiOiI6OjEiLCJ1YSI6Ik1vemlsbGEvNS4wIChXaW5kb3dzIE5UIDEwLjA7IFdpbjY0OyB4NjQpIEFwcGxlV2ViS2l0LzUzNy4zNiAoS0hUTUwsIGxpa2UgR2Vja28pIENocm9tZS8xMjUuMC4wLjAgU2FmYXJpLzUzNy4zNiIsImlhdCI6MTcxNzU3MTg2MH0.mXB8yB7BYFvCDAQKvSdCavMABIJ9_hayqw4Ikkuloko', '2024-07-06 07:17:40', 1),
	(14, 92, '2024-06-06 12:07:40', 'eyJhbGciOiJIUzI1NiIsInR5cCI6IkpXVCJ9.eyJyb2xlIjoiYWRtaW5pc3RyYXRvciIsImlkIjo5MiwiaWRlbnRpdHkiOiJ1c2VyTmVraURydWdpIiwiZXhwIjoxNzIwMzU0MDYwLjMyNiwiaXAiOiI6OjEiLCJ1YSI6IlBvc3RtYW5SdW50aW1lLzcuMzkuMCIsImlhdCI6MTcxNzY3NTY2MH0.VhsYGpngq9RzGAMnsy0KJ2xUrzPt_h912FXtljOVl2I', '2024-07-07 12:07:40', 1),
	(15, 92, '2024-06-07 12:40:37', 'eyJhbGciOiJIUzI1NiIsInR5cCI6IkpXVCJ9.eyJyb2xlIjoiYWRtaW5pc3RyYXRvciIsImlkIjo5MiwiaWRlbnRpdHkiOiJ1c2VyTmVraURydWdpIiwiZXhwIjoxNzIwNDQyNDM3LjY0NywiaXAiOiI6OjEiLCJ1YSI6IlBvc3RtYW5SdW50aW1lLzcuMzkuMCIsImlhdCI6MTcxNzc2NDAzN30.YXv853HVqfXZrjh6ax1o2oNQWGsTMcKzgcOyM-xrub0', '2024-07-08 12:40:37', 1),
	(16, 92, '2024-06-07 13:24:46', 'eyJhbGciOiJIUzI1NiIsInR5cCI6IkpXVCJ9.eyJyb2xlIjoiYWRtaW5pc3RyYXRvciIsImlkIjo5MiwiaWRlbnRpdHkiOiJ1c2VyTmVraURydWdpIiwiZXhwIjoxNzIwNDQ1MDg2LjQ1LCJpcCI6Ijo6MSIsInVhIjoiUG9zdG1hblJ1bnRpbWUvNy4zOS4wIiwiaWF0IjoxNzE3NzY2Njg2fQ.jYmqbnbXWZwlfa6HhrnUrsl3CS_s8AR_KBJK9y2DvhY', '2024-07-08 13:24:46', 1),
	(17, 92, '2024-06-07 13:46:07', 'eyJhbGciOiJIUzI1NiIsInR5cCI6IkpXVCJ9.eyJyb2xlIjoiYWRtaW5pc3RyYXRvciIsImlkIjo5MiwiaWRlbnRpdHkiOiJ1c2VyTmVraURydWdpIiwiZXhwIjoxNzIwNDQ2MzY3LjMyMSwiaXAiOiI6OjEiLCJ1YSI6IlBvc3RtYW5SdW50aW1lLzcuMzkuMCIsImlhdCI6MTcxNzc2Nzk2N30.p1kDfoz0lyMy_ZWDLFxQU6lLZtqEmEvt7g9zYgv_j1s', '2024-07-08 13:46:07', 1),
	(18, 92, '2024-06-07 14:47:07', 'eyJhbGciOiJIUzI1NiIsInR5cCI6IkpXVCJ9.eyJyb2xlIjoiYWRtaW5pc3RyYXRvciIsImlkIjo5MiwiaWRlbnRpdHkiOiJ1c2VyTmVraURydWdpIiwiZXhwIjoxNzIwNDUwMDI3Ljc1LCJpcCI6Ijo6MSIsInVhIjoiUG9zdG1hblJ1bnRpbWUvNy4zOS4wIiwiaWF0IjoxNzE3NzcxNjI3fQ.J5FjeoiNqnIQKvUxz_IwKIJu0UqUF2kcqzkODvNOBWg', '2024-07-08 14:47:07', 1),
	(19, 92, '2024-06-07 15:17:32', 'eyJhbGciOiJIUzI1NiIsInR5cCI6IkpXVCJ9.eyJyb2xlIjoiYWRtaW5pc3RyYXRvciIsImlkIjo5MiwiaWRlbnRpdHkiOiJ1c2VyTmVraURydWdpIiwiZXhwIjoxNzIwNDUxODUyLjAxNCwiaXAiOiI6OjEiLCJ1YSI6IlBvc3RtYW5SdW50aW1lLzcuMzkuMCIsImlhdCI6MTcxNzc3MzQ1Mn0.HznbbPrb63094yhbrEbgB7w3DgAS9j1D8ZPDCcQ1qwk', '2024-07-08 15:17:32', 1),
	(20, 92, '2024-06-07 15:22:45', 'eyJhbGciOiJIUzI1NiIsInR5cCI6IkpXVCJ9.eyJyb2xlIjoiYWRtaW5pc3RyYXRvciIsImlkIjo5MiwiaWRlbnRpdHkiOiJ1c2VyTmVraURydWdpIiwiZXhwIjoxNzIwNDUyMTY1LjAyOSwiaXAiOiI6OjEiLCJ1YSI6Ik1vemlsbGEvNS4wIChXaW5kb3dzIE5UIDEwLjA7IFdpbjY0OyB4NjQpIEFwcGxlV2ViS2l0LzUzNy4zNiAoS0hUTUwsIGxpa2UgR2Vja28pIENocm9tZS8xMjUuMC4wLjAgU2FmYXJpLzUzNy4zNiIsImlhdCI6MTcxNzc3Mzc2NX0.fbWtCsyNtMQHwGCf0rhEej_F4KCLUL-tvaqgqpRi-mw', '2024-07-08 15:22:45', 1),
	(21, 92, '2024-06-07 15:24:23', 'eyJhbGciOiJIUzI1NiIsInR5cCI6IkpXVCJ9.eyJyb2xlIjoiYWRtaW5pc3RyYXRvciIsImlkIjo5MiwiaWRlbnRpdHkiOiJ1c2VyTmVraURydWdpIiwiZXhwIjoxNzIwNDUyMjYzLjA5NywiaXAiOiI6OjEiLCJ1YSI6Ik1vemlsbGEvNS4wIChXaW5kb3dzIE5UIDEwLjA7IFdpbjY0OyB4NjQpIEFwcGxlV2ViS2l0LzUzNy4zNiAoS0hUTUwsIGxpa2UgR2Vja28pIENocm9tZS8xMjUuMC4wLjAgU2FmYXJpLzUzNy4zNiIsImlhdCI6MTcxNzc3Mzg2M30.OBUbEwbUgv68_L0bwd3kbKzjhRYBSruBKXqpx9uvMn4', '2024-07-08 15:24:23', 1),
	(22, 92, '2024-06-07 15:25:54', 'eyJhbGciOiJIUzI1NiIsInR5cCI6IkpXVCJ9.eyJyb2xlIjoiYWRtaW5pc3RyYXRvciIsImlkIjo5MiwiaWRlbnRpdHkiOiJ1c2VyTmVraURydWdpIiwiZXhwIjoxNzIwNDUyMzU0LjIsImlwIjoiOjoxIiwidWEiOiJNb3ppbGxhLzUuMCAoV2luZG93cyBOVCAxMC4wOyBXaW42NDsgeDY0KSBBcHBsZVdlYktpdC81MzcuMzYgKEtIVE1MLCBsaWtlIEdlY2tvKSBDaHJvbWUvMTI1LjAuMC4wIFNhZmFyaS81MzcuMzYiLCJpYXQiOjE3MTc3NzM5NTR9.F4RM3eXAq8iLISU92R9uc2HS_JmuA74xWHSUt6HYtOs', '2024-07-08 15:25:54', 1),
	(23, 92, '2024-06-07 15:28:32', 'eyJhbGciOiJIUzI1NiIsInR5cCI6IkpXVCJ9.eyJyb2xlIjoiYWRtaW5pc3RyYXRvciIsImlkIjo5MiwiaWRlbnRpdHkiOiJ1c2VyTmVraURydWdpIiwiZXhwIjoxNzIwNDUyNTEyLjE3LCJpcCI6Ijo6MSIsInVhIjoiTW96aWxsYS81LjAgKFdpbmRvd3MgTlQgMTAuMDsgV2luNjQ7IHg2NCkgQXBwbGVXZWJLaXQvNTM3LjM2IChLSFRNTCwgbGlrZSBHZWNrbykgQ2hyb21lLzEyNS4wLjAuMCBTYWZhcmkvNTM3LjM2IiwiaWF0IjoxNzE3Nzc0MTEyfQ.jzbhW6WZxoLsFoLSv6Anxrkud6D_vivm7c4HOdRAk6k', '2024-07-08 15:28:32', 1),
	(24, 92, '2024-06-10 13:39:03', 'eyJhbGciOiJIUzI1NiIsInR5cCI6IkpXVCJ9.eyJyb2xlIjoiYWRtaW5pc3RyYXRvciIsImlkIjo5MiwiaWRlbnRpdHkiOiJ1c2VyTmVraURydWdpIiwiZXhwIjoxNzIwNzA1MTQzLjc3NywiaXAiOiI6OjEiLCJ1YSI6IlBvc3RtYW5SdW50aW1lLzcuMzkuMCIsImlhdCI6MTcxODAyNjc0M30.Ql0_H-hdtTfF0rkk94CjJaRBFSK_pZmOi7l9BrfsG2A', '2024-07-11 13:39:03', 1),
	(25, 92, '2024-06-10 14:00:55', 'eyJhbGciOiJIUzI1NiIsInR5cCI6IkpXVCJ9.eyJyb2xlIjoiYWRtaW5pc3RyYXRvciIsImlkIjo5MiwiaWRlbnRpdHkiOiJ1c2VyTmVraURydWdpIiwiZXhwIjoxNzIwNzA2NDU1LjQ3MSwiaXAiOiI6OjEiLCJ1YSI6IlBvc3RtYW5SdW50aW1lLzcuMzkuMCIsImlhdCI6MTcxODAyODA1NX0.GKq0KCCeJebkghWb0-MkF9CXbgSndlkZIVmTwd7VuFk', '2024-07-11 14:00:55', 1),
	(26, 92, '2024-06-10 14:17:31', 'eyJhbGciOiJIUzI1NiIsInR5cCI6IkpXVCJ9.eyJyb2xlIjoiYWRtaW5pc3RyYXRvciIsImlkIjo5MiwiaWRlbnRpdHkiOiJ1c2VyTmVraURydWdpIiwiZXhwIjoxNzIwNzA3NDUxLjY0LCJpcCI6Ijo6MSIsInVhIjoiTW96aWxsYS81LjAgKFdpbmRvd3MgTlQgMTAuMDsgV2luNjQ7IHg2NCkgQXBwbGVXZWJLaXQvNTM3LjM2IChLSFRNTCwgbGlrZSBHZWNrbykgQ2hyb21lLzEyNS4wLjAuMCBTYWZhcmkvNTM3LjM2IiwiaWF0IjoxNzE4MDI5MDUxfQ.Q_2G2iWPKkC54U35q7xlZcsrvEU6pJgbx0kz8_TkY0s', '2024-07-11 14:17:31', 1),
	(27, 92, '2024-06-12 12:03:45', 'eyJhbGciOiJIUzI1NiIsInR5cCI6IkpXVCJ9.eyJyb2xlIjoiYWRtaW5pc3RyYXRvciIsImlkIjo5MiwiaWRlbnRpdHkiOiJ1c2VyTmVraURydWdpIiwiZXhwIjoxNzIwODcyMjI1LjIwOCwiaXAiOiI6OjEiLCJ1YSI6Ik1vemlsbGEvNS4wIChXaW5kb3dzIE5UIDEwLjA7IFdpbjY0OyB4NjQpIEFwcGxlV2ViS2l0LzUzNy4zNiAoS0hUTUwsIGxpa2UgR2Vja28pIENocm9tZS8xMjUuMC4wLjAgU2FmYXJpLzUzNy4zNiIsImlhdCI6MTcxODE5MzgyNX0.FW5xVWsVwZZwfqJbgntxOrni4zixwRK9VWaA7_pgxLg', '2024-07-13 12:03:45', 1),
	(28, 92, '2024-06-12 18:49:44', 'eyJhbGciOiJIUzI1NiIsInR5cCI6IkpXVCJ9.eyJyb2xlIjoiYWRtaW5pc3RyYXRvciIsImlkIjo5MiwiaWRlbnRpdHkiOiJ1c2VyTmVraURydWdpIiwiZXhwIjoxNzIwODk2NTg0LjE2NSwiaXAiOiI6OjEiLCJ1YSI6Ik1vemlsbGEvNS4wIChXaW5kb3dzIE5UIDEwLjA7IFdpbjY0OyB4NjQpIEFwcGxlV2ViS2l0LzUzNy4zNiAoS0hUTUwsIGxpa2UgR2Vja28pIENocm9tZS8xMjUuMC4wLjAgU2FmYXJpLzUzNy4zNiIsImlhdCI6MTcxODIxODE4NH0.LL155rnyWnKKYTazwMv2U3SKg3J2McawSaWMTb10jWI', '2024-07-13 18:49:44', 1),
	(29, 92, '2024-06-12 19:05:40', 'eyJhbGciOiJIUzI1NiIsInR5cCI6IkpXVCJ9.eyJyb2xlIjoiYWRtaW5pc3RyYXRvciIsImlkIjo5MiwiaWRlbnRpdHkiOiJ1c2VyTmVraURydWdpIiwiZXhwIjoxNzIwODk3NTQwLjY2OCwiaXAiOiI6OjEiLCJ1YSI6Ik1vemlsbGEvNS4wIChXaW5kb3dzIE5UIDEwLjA7IFdpbjY0OyB4NjQpIEFwcGxlV2ViS2l0LzUzNy4zNiAoS0hUTUwsIGxpa2UgR2Vja28pIENocm9tZS8xMjUuMC4wLjAgU2FmYXJpLzUzNy4zNiIsImlhdCI6MTcxODIxOTE0MH0.qA-l_-kS2yckxnsv3QRpVFzndToI5oS5uxDan9FKZo0', '2024-07-13 19:05:40', 1),
	(30, 92, '2024-06-12 19:13:23', 'eyJhbGciOiJIUzI1NiIsInR5cCI6IkpXVCJ9.eyJyb2xlIjoiYWRtaW5pc3RyYXRvciIsImlkIjo5MiwiaWRlbnRpdHkiOiJ1c2VyTmVraURydWdpIiwiZXhwIjoxNzIwODk4MDAzLjc2NSwiaXAiOiI6OjEiLCJ1YSI6Ik1vemlsbGEvNS4wIChXaW5kb3dzIE5UIDEwLjA7IFdpbjY0OyB4NjQpIEFwcGxlV2ViS2l0LzUzNy4zNiAoS0hUTUwsIGxpa2UgR2Vja28pIENocm9tZS8xMjUuMC4wLjAgU2FmYXJpLzUzNy4zNiIsImlhdCI6MTcxODIxOTYwM30.BRukuLKcTIhhp2i_zMVAcAJAR5AWB2tJhphIkzxVTvk', '2024-07-13 19:13:23', 1),
	(31, 92, '2024-06-13 07:16:50', 'eyJhbGciOiJIUzI1NiIsInR5cCI6IkpXVCJ9.eyJyb2xlIjoiYWRtaW5pc3RyYXRvciIsImlkIjo5MiwiaWRlbnRpdHkiOiJ1c2VyTmVraURydWdpIiwiZXhwIjoxNzIwOTQxNDEwLjUxNiwiaXAiOiI6OjEiLCJ1YSI6IlBvc3RtYW5SdW50aW1lLzcuMzkuMCIsImlhdCI6MTcxODI2MzAxMH0.dtSSFYlcY0nv__dRXNdyu5O3r_TwRm5naHDqN9kvCEo', '2024-07-14 07:16:50', 1),
	(32, 92, '2024-06-13 07:17:35', 'eyJhbGciOiJIUzI1NiIsInR5cCI6IkpXVCJ9.eyJyb2xlIjoiYWRtaW5pc3RyYXRvciIsImlkIjo5MiwiaWRlbnRpdHkiOiJ1c2VyTmVraURydWdpIiwiZXhwIjoxNzIwOTQxNDU1LjY1LCJpcCI6Ijo6MSIsInVhIjoiUG9zdG1hblJ1bnRpbWUvNy4zOS4wIiwiaWF0IjoxNzE4MjYzMDU1fQ.rVeDkn-cadcrzFrW0uVb9rv8eIvRjjcp3207vnNINdM', '2024-07-14 07:17:35', 1),
	(33, 92, '2024-06-13 07:39:11', 'eyJhbGciOiJIUzI1NiIsInR5cCI6IkpXVCJ9.eyJyb2xlIjoiYWRtaW5pc3RyYXRvciIsImlkIjo5MiwiaWRlbnRpdHkiOiJ1c2VyTmVraURydWdpIiwiZXhwIjoxNzIwOTQyNzUxLjI4NSwiaXAiOiI6OjEiLCJ1YSI6Ik1vemlsbGEvNS4wIChXaW5kb3dzIE5UIDEwLjA7IFdpbjY0OyB4NjQpIEFwcGxlV2ViS2l0LzUzNy4zNiAoS0hUTUwsIGxpa2UgR2Vja28pIENocm9tZS8xMjUuMC4wLjAgU2FmYXJpLzUzNy4zNiIsImlhdCI6MTcxODI2NDM1MX0.b7otoXr9DnO7jqyG9KSYQYES-HITQK0PkmUZnOZWIN8', '2024-07-14 07:39:11', 1),
	(34, 92, '2024-06-13 10:39:05', 'eyJhbGciOiJIUzI1NiIsInR5cCI6IkpXVCJ9.eyJyb2xlIjoiYWRtaW5pc3RyYXRvciIsImlkIjo5MiwiaWRlbnRpdHkiOiJ1c2VyTmVraURydWdpIiwiZXhwIjoxNzIwOTUzNTQ1LjgyLCJpcCI6Ijo6MSIsInVhIjoiTW96aWxsYS81LjAgKFdpbmRvd3MgTlQgMTAuMDsgV2luNjQ7IHg2NCkgQXBwbGVXZWJLaXQvNTM3LjM2IChLSFRNTCwgbGlrZSBHZWNrbykgQ2hyb21lLzEyNS4wLjAuMCBTYWZhcmkvNTM3LjM2IiwiaWF0IjoxNzE4Mjc1MTQ1fQ.D3UBNsiDsASc90rbM4jz20FG3Lnii7GUa_KPAi3tAQA', '2024-07-14 10:39:05', 1),
	(35, 92, '2024-06-13 10:47:35', 'eyJhbGciOiJIUzI1NiIsInR5cCI6IkpXVCJ9.eyJyb2xlIjoiYWRtaW5pc3RyYXRvciIsImlkIjo5MiwiaWRlbnRpdHkiOiJ1c2VyTmVraURydWdpIiwiZXhwIjoxNzIwOTU0MDU1LjUzMSwiaXAiOiI6OjEiLCJ1YSI6IlBvc3RtYW5SdW50aW1lLzcuMzkuMCIsImlhdCI6MTcxODI3NTY1NX0.PzWs2NGh04L7aK1TQW7eLBs1m9C0x_A1vqniVj8LV_Q', '2024-07-14 10:47:35', 1),
	(36, 92, '2024-06-14 07:23:24', 'eyJhbGciOiJIUzI1NiIsInR5cCI6IkpXVCJ9.eyJyb2xlIjoiYWRtaW5pc3RyYXRvciIsImlkIjo5MiwiaWRlbnRpdHkiOiJ1c2VyTmVraURydWdpIiwiZXhwIjoxNzIxMDI4MjA0LjYwNCwiaXAiOiI6OjEiLCJ1YSI6Ik1vemlsbGEvNS4wIChXaW5kb3dzIE5UIDEwLjA7IFdpbjY0OyB4NjQpIEFwcGxlV2ViS2l0LzUzNy4zNiAoS0hUTUwsIGxpa2UgR2Vja28pIENocm9tZS8xMjYuMC4wLjAgU2FmYXJpLzUzNy4zNiIsImlhdCI6MTcxODM0OTgwNH0.vkY2-c8snIBtTVmELwdm8ivQ0mC9dJIpnof3XfQWGuk', '2024-07-15 07:23:24', 1),
	(37, 92, '2024-06-14 08:44:22', 'eyJhbGciOiJIUzI1NiIsInR5cCI6IkpXVCJ9.eyJyb2xlIjoiYWRtaW5pc3RyYXRvciIsImlkIjo5MiwiaWRlbnRpdHkiOiJ1c2VyTmVraURydWdpIiwiZXhwIjoxNzIxMDMzMDYyLjcyOCwiaXAiOiI6OjEiLCJ1YSI6Ik1vemlsbGEvNS4wIChXaW5kb3dzIE5UIDEwLjA7IFdpbjY0OyB4NjQpIEFwcGxlV2ViS2l0LzUzNy4zNiAoS0hUTUwsIGxpa2UgR2Vja28pIENocm9tZS8xMjYuMC4wLjAgU2FmYXJpLzUzNy4zNiIsImlhdCI6MTcxODM1NDY2Mn0.J8CsvM6PS073vdW0CgivzGDc-dHqgVCHrZKvwVRyrn8', '2024-07-15 08:44:22', 1),
	(38, 92, '2024-06-14 08:49:15', 'eyJhbGciOiJIUzI1NiIsInR5cCI6IkpXVCJ9.eyJyb2xlIjoiYWRtaW5pc3RyYXRvciIsImlkIjo5MiwiaWRlbnRpdHkiOiJ1c2VyTmVraURydWdpIiwiZXhwIjoxNzIxMDMzMzU1LjI2NSwiaXAiOiI6OjEiLCJ1YSI6Ik1vemlsbGEvNS4wIChXaW5kb3dzIE5UIDEwLjA7IFdpbjY0OyB4NjQpIEFwcGxlV2ViS2l0LzUzNy4zNiAoS0hUTUwsIGxpa2UgR2Vja28pIENocm9tZS8xMjYuMC4wLjAgU2FmYXJpLzUzNy4zNiIsImlhdCI6MTcxODM1NDk1NX0.8o5WcESn3FgM_jhowJNk4V_1iqWTZGNaNH-JEQxKT9s', '2024-07-15 08:49:15', 1),
	(39, 92, '2024-06-14 08:49:53', 'eyJhbGciOiJIUzI1NiIsInR5cCI6IkpXVCJ9.eyJyb2xlIjoiYWRtaW5pc3RyYXRvciIsImlkIjo5MiwiaWRlbnRpdHkiOiJ1c2VyTmVraURydWdpIiwiZXhwIjoxNzIxMDMzMzkzLjE2MywiaXAiOiI6OjEiLCJ1YSI6Ik1vemlsbGEvNS4wIChXaW5kb3dzIE5UIDEwLjA7IFdpbjY0OyB4NjQpIEFwcGxlV2ViS2l0LzUzNy4zNiAoS0hUTUwsIGxpa2UgR2Vja28pIENocm9tZS8xMjYuMC4wLjAgU2FmYXJpLzUzNy4zNiIsImlhdCI6MTcxODM1NDk5M30.CpDZog84rFJ8jZucA7Yx60EBFNiC890lljPxXu9Q0ow', '2024-07-15 08:49:53', 1),
	(40, 92, '2024-06-14 09:22:41', 'eyJhbGciOiJIUzI1NiIsInR5cCI6IkpXVCJ9.eyJyb2xlIjoiYWRtaW5pc3RyYXRvciIsImlkIjo5MiwiaWRlbnRpdHkiOiJ1c2VyTmVraURydWdpIiwiZXhwIjoxNzIxMDM1MzYxLjczMywiaXAiOiI6OjEiLCJ1YSI6Ik1vemlsbGEvNS4wIChXaW5kb3dzIE5UIDEwLjA7IFdpbjY0OyB4NjQpIEFwcGxlV2ViS2l0LzUzNy4zNiAoS0hUTUwsIGxpa2UgR2Vja28pIENocm9tZS8xMjYuMC4wLjAgU2FmYXJpLzUzNy4zNiIsImlhdCI6MTcxODM1Njk2MX0.gwL4F5qa2SeXtSsyVMvBx6oRCx7GI28XaJxk44exbXc', '2024-07-15 09:22:41', 1),
	(41, 92, '2024-06-14 09:27:06', 'eyJhbGciOiJIUzI1NiIsInR5cCI6IkpXVCJ9.eyJyb2xlIjoiYWRtaW5pc3RyYXRvciIsImlkIjo5MiwiaWRlbnRpdHkiOiJ1c2VyTmVraURydWdpIiwiZXhwIjoxNzIxMDM1NjI2LjIzOCwiaXAiOiI6OjEiLCJ1YSI6Ik1vemlsbGEvNS4wIChXaW5kb3dzIE5UIDEwLjA7IFdpbjY0OyB4NjQpIEFwcGxlV2ViS2l0LzUzNy4zNiAoS0hUTUwsIGxpa2UgR2Vja28pIENocm9tZS8xMjYuMC4wLjAgU2FmYXJpLzUzNy4zNiIsImlhdCI6MTcxODM1NzIyNn0.tsxWElkCHaab-dmVy-ozvPzPZIwNe5UC7hCsTrqenFA', '2024-07-15 09:27:06', 1),
	(42, 92, '2024-06-14 14:52:05', 'eyJhbGciOiJIUzI1NiIsInR5cCI6IkpXVCJ9.eyJyb2xlIjoiYWRtaW5pc3RyYXRvciIsImlkIjo5MiwiaWRlbnRpdHkiOiJ1c2VyTmVraURydWdpIiwiZXhwIjoxNzIxMDU1MTI1LjMxNiwiaXAiOiI6OjEiLCJ1YSI6Ik1vemlsbGEvNS4wIChXaW5kb3dzIE5UIDEwLjA7IFdpbjY0OyB4NjQpIEFwcGxlV2ViS2l0LzUzNy4zNiAoS0hUTUwsIGxpa2UgR2Vja28pIENocm9tZS8xMjUuMC4wLjAgU2FmYXJpLzUzNy4zNiBFZGcvMTI1LjAuMC4wIiwiaWF0IjoxNzE4Mzc2NzI1fQ.x2cR-ZTiLv31SMKPW9uTXPQTXI1aQPiEho-UXEtrZwA', '2024-07-15 14:52:05', 1),
	(43, 92, '2024-07-01 16:32:38', 'eyJhbGciOiJIUzI1NiIsInR5cCI6IkpXVCJ9.eyJyb2xlIjoiYWRtaW5pc3RyYXRvciIsImlkIjo5MiwiaWRlbnRpdHkiOiJ1c2VyTmVraURydWdpIiwiZXhwIjoxNzIyNTI5OTU4LjM3MSwiaXAiOiI6OjEiLCJ1YSI6Ik1vemlsbGEvNS4wIChXaW5kb3dzIE5UIDEwLjA7IFdpbjY0OyB4NjQpIEFwcGxlV2ViS2l0LzUzNy4zNiAoS0hUTUwsIGxpa2UgR2Vja28pIENocm9tZS8xMjYuMC4wLjAgU2FmYXJpLzUzNy4zNiIsImlhdCI6MTcxOTg1MTU1OH0.tEKz2VQyNS_cFr3CIq4tZVvNP2_OsjpcGDRKrLHNc4E', '2024-08-01 16:32:38', 1),
	(44, 92, '2024-07-02 13:16:24', 'eyJhbGciOiJIUzI1NiIsInR5cCI6IkpXVCJ9.eyJyb2xlIjoiYWRtaW5pc3RyYXRvciIsImlkIjo5MiwiaWRlbnRpdHkiOiJ1c2VyTmVraURydWdpIiwiZXhwIjoxNzIyNjA0NTgzLjk5NywiaXAiOiI6OjEiLCJ1YSI6Ik1vemlsbGEvNS4wIChXaW5kb3dzIE5UIDEwLjA7IFdpbjY0OyB4NjQpIEFwcGxlV2ViS2l0LzUzNy4zNiAoS0hUTUwsIGxpa2UgR2Vja28pIENocm9tZS8xMjYuMC4wLjAgU2FmYXJpLzUzNy4zNiIsImlhdCI6MTcxOTkyNjE4M30.8_DtzonxiLcyZVjyorc_YuRPm2WNi35zv9CuMA-bU3k', '2024-08-02 13:16:23', 1),
	(45, 92, '2024-07-05 10:46:56', 'eyJhbGciOiJIUzI1NiIsInR5cCI6IkpXVCJ9.eyJyb2xlIjoiYWRtaW5pc3RyYXRvciIsImlkIjo5MiwiaWRlbnRpdHkiOiJ1c2VyTmVraURydWdpIiwiZXhwIjoxNzIyODU0ODE2LjU3MiwiaXAiOiI6OjEiLCJ1YSI6IlBvc3RtYW5SdW50aW1lLzcuMzkuMCIsImlhdCI6MTcyMDE3NjQxNn0.6CT4m_WgKYdE3W8mDGif-b-qMWvKsEtZVtQCJdgiv2Y', '2024-08-05 10:46:56', 1),
	(46, 92, '2024-07-05 10:47:17', 'eyJhbGciOiJIUzI1NiIsInR5cCI6IkpXVCJ9.eyJyb2xlIjoiYWRtaW5pc3RyYXRvciIsImlkIjo5MiwiaWRlbnRpdHkiOiJ1c2VyTmVraURydWdpIiwiZXhwIjoxNzIyODU0ODM3LjAwNiwiaXAiOiI6OjEiLCJ1YSI6Ik1vemlsbGEvNS4wIChXaW5kb3dzIE5UIDEwLjA7IFdpbjY0OyB4NjQpIEFwcGxlV2ViS2l0LzUzNy4zNiAoS0hUTUwsIGxpa2UgR2Vja28pIENocm9tZS8xMjYuMC4wLjAgU2FmYXJpLzUzNy4zNiIsImlhdCI6MTcyMDE3NjQzN30.vlYa6lC453SRLQvTcAb0NbD5oFiBo1sPuG6DuEcbRug', '2024-08-05 10:47:17', 1),
	(47, 92, '2024-07-20 22:26:23', 'eyJhbGciOiJIUzI1NiIsInR5cCI6IkpXVCJ9.eyJyb2xlIjoiYWRtaW5pc3RyYXRvciIsImlkIjo5MiwiaWRlbnRpdHkiOiJ1c2VyTmVraURydWdpIiwiZXhwIjoxNzI0MTkyNzgzLjkwNSwiaXAiOiI6OjEiLCJ1YSI6Ik1vemlsbGEvNS4wIChXaW5kb3dzIE5UIDEwLjA7IFdpbjY0OyB4NjQpIEFwcGxlV2ViS2l0LzUzNy4zNiAoS0hUTUwsIGxpa2UgR2Vja28pIENocm9tZS8xMjYuMC4wLjAgU2FmYXJpLzUzNy4zNiIsImlhdCI6MTcyMTUxNDM4M30.G3BTZmypOW747qIKORt81C1dsLZRtT4epl_hDj1uABI', '2024-08-20 22:26:23', 1),
	(48, 92, '2024-07-20 22:49:39', 'eyJhbGciOiJIUzI1NiIsInR5cCI6IkpXVCJ9.eyJyb2xlIjoiYWRtaW5pc3RyYXRvciIsImlkIjo5MiwiaWRlbnRpdHkiOiJ1c2VyTmVraURydWdpIiwiZXhwIjoxNzI0MTk0MTc5LjE3MiwiaXAiOiI6OjEiLCJ1YSI6Ik1vemlsbGEvNS4wIChXaW5kb3dzIE5UIDEwLjA7IFdpbjY0OyB4NjQpIEFwcGxlV2ViS2l0LzUzNy4zNiAoS0hUTUwsIGxpa2UgR2Vja28pIENocm9tZS8xMjYuMC4wLjAgU2FmYXJpLzUzNy4zNiIsImlhdCI6MTcyMTUxNTc3OX0.Tl3hrnG1hh3ux7xZDZlP_p4aZhZHgXlgZundssuBqfo', '2024-08-20 22:49:39', 1),
	(49, 92, '2024-07-22 15:19:33', 'eyJhbGciOiJIUzI1NiIsInR5cCI6IkpXVCJ9.eyJyb2xlIjoiYWRtaW5pc3RyYXRvciIsImlkIjo5MiwiaWRlbnRpdHkiOiJ1c2VyTmVraURydWdpIiwiZXhwIjoxNzI0MzM5OTczLjk2NiwiaXAiOiI6OjEiLCJ1YSI6Ik1vemlsbGEvNS4wIChXaW5kb3dzIE5UIDEwLjA7IFdpbjY0OyB4NjQpIEFwcGxlV2ViS2l0LzUzNy4zNiAoS0hUTUwsIGxpa2UgR2Vja28pIENocm9tZS8xMjYuMC4wLjAgU2FmYXJpLzUzNy4zNiIsImlhdCI6MTcyMTY2MTU3M30.XQkTUrHnrdz_csQ5FVfzuwC6jASxi4JrVKv7NtrHMcc', '2024-08-22 15:19:33', 1),
	(50, 92, '2024-07-22 19:21:21', 'eyJhbGciOiJIUzI1NiIsInR5cCI6IkpXVCJ9.eyJyb2xlIjoiYWRtaW5pc3RyYXRvciIsImlkIjo5MiwiaWRlbnRpdHkiOiJ1c2VyTmVraURydWdpIiwiZXhwIjoxNzI0MzU0NDgxLjM0NCwiaXAiOiI6OjEiLCJ1YSI6Ik1vemlsbGEvNS4wIChXaW5kb3dzIE5UIDEwLjA7IFdpbjY0OyB4NjQpIEFwcGxlV2ViS2l0LzUzNy4zNiAoS0hUTUwsIGxpa2UgR2Vja28pIENocm9tZS8xMjYuMC4wLjAgU2FmYXJpLzUzNy4zNiIsImlhdCI6MTcyMTY3NjA4MX0.UHxdTQQP34VUoSxJtrNtikHRg7Pu8A0JTSNjU6bVTvw', '2024-08-22 19:21:21', 1),
	(51, 92, '2024-07-23 05:41:42', 'eyJhbGciOiJIUzI1NiIsInR5cCI6IkpXVCJ9.eyJyb2xlIjoiYWRtaW5pc3RyYXRvciIsImlkIjo5MiwiaWRlbnRpdHkiOiJ1c2VyTmVraURydWdpIiwiZXhwIjoxNzI0MzkxNzAyLjQyLCJpcCI6Ijo6MSIsInVhIjoiTW96aWxsYS81LjAgKFdpbmRvd3MgTlQgMTAuMDsgV2luNjQ7IHg2NCkgQXBwbGVXZWJLaXQvNTM3LjM2IChLSFRNTCwgbGlrZSBHZWNrbykgQ2hyb21lLzEyNi4wLjAuMCBTYWZhcmkvNTM3LjM2IiwiaWF0IjoxNzIxNzEzMzAyfQ.DJO7zCH7hZEkp-BVxHSn7QbaUTDeZZuMD4bVA2f8yvU', '2024-08-23 05:41:42', 1),
	(52, 92, '2024-07-23 05:42:42', 'eyJhbGciOiJIUzI1NiIsInR5cCI6IkpXVCJ9.eyJyb2xlIjoiYWRtaW5pc3RyYXRvciIsImlkIjo5MiwiaWRlbnRpdHkiOiJ1c2VyTmVraURydWdpIiwiZXhwIjoxNzI0MzkxNzYyLjY0OSwiaXAiOiI6OjEiLCJ1YSI6Ik1vemlsbGEvNS4wIChXaW5kb3dzIE5UIDEwLjA7IFdpbjY0OyB4NjQpIEFwcGxlV2ViS2l0LzUzNy4zNiAoS0hUTUwsIGxpa2UgR2Vja28pIENocm9tZS8xMjYuMC4wLjAgU2FmYXJpLzUzNy4zNiIsImlhdCI6MTcyMTcxMzM2Mn0.OHU8HNQq-0EaFSHxLA61yYTqIq7Bj2MKgHm4QW8pijY', '2024-08-23 05:42:42', 1),
	(53, 92, '2024-07-23 08:09:33', 'eyJhbGciOiJIUzI1NiIsInR5cCI6IkpXVCJ9.eyJyb2xlIjoiYWRtaW5pc3RyYXRvciIsImlkIjo5MiwiaWRlbnRpdHkiOiJ1c2VyTmVraURydWdpIiwiZXhwIjoxNzI0NDAwNTczLjg3LCJpcCI6Ijo6MSIsInVhIjoiTW96aWxsYS81LjAgKFdpbmRvd3MgTlQgMTAuMDsgV2luNjQ7IHg2NCkgQXBwbGVXZWJLaXQvNTM3LjM2IChLSFRNTCwgbGlrZSBHZWNrbykgQ2hyb21lLzEyNi4wLjAuMCBTYWZhcmkvNTM3LjM2IiwiaWF0IjoxNzIxNzIyMTczfQ.LB--P1zEl88cQFvKFWIM4KRhczWZAnYa2c0MADtsaIs', '2024-08-23 08:09:33', 1),
	(54, 92, '2024-08-01 19:13:31', 'eyJhbGciOiJIUzI1NiIsInR5cCI6IkpXVCJ9.eyJyb2xlIjoiYWRtaW5pc3RyYXRvciIsImlkIjo5MiwiaWRlbnRpdHkiOiJ1c2VyTmVraURydWdpIiwiZXhwIjoxNzI1MjE4MDExLjUsImlwIjoiOjoxIiwidWEiOiJNb3ppbGxhLzUuMCAoV2luZG93cyBOVCAxMC4wOyBXaW42NDsgeDY0KSBBcHBsZVdlYktpdC81MzcuMzYgKEtIVE1MLCBsaWtlIEdlY2tvKSBDaHJvbWUvMTI3LjAuMC4wIFNhZmFyaS81MzcuMzYiLCJpYXQiOjE3MjI1Mzk2MTF9.soFgvDcAmZUcRaQh3ybWkh3d5f2vZHcNoKxsYCtKG-U', '2024-09-01 19:13:31', 1),
	(55, 92, '2024-08-14 11:16:02', 'eyJhbGciOiJIUzI1NiIsInR5cCI6IkpXVCJ9.eyJyb2xlIjoiYWRtaW5pc3RyYXRvciIsImlkIjo5MiwiaWRlbnRpdHkiOiJ1c2VyTmVraURydWdpIiwiZXhwIjoxNzI2MzEyNTYyLjI5NywiaXAiOiI6OjEiLCJ1YSI6Ik1vemlsbGEvNS4wIChXaW5kb3dzIE5UIDEwLjA7IFdpbjY0OyB4NjQpIEFwcGxlV2ViS2l0LzUzNy4zNiAoS0hUTUwsIGxpa2UgR2Vja28pIENocm9tZS8xMjcuMC4wLjAgU2FmYXJpLzUzNy4zNiIsImlhdCI6MTcyMzYzNDE2Mn0.Gt-H1bCcq-X4zDSbQjm1mqgERLIv84edFPTxNwPIxkI', '2024-09-14 11:16:02', 1),
	(56, 92, '2025-02-18 14:16:18', 'eyJhbGciOiJIUzI1NiIsInR5cCI6IkpXVCJ9.eyJyb2xlIjoiYWRtaW5pc3RyYXRvciIsImlkIjo5MiwiaWRlbnRpdHkiOiJ1c2VyTmVraURydWdpIiwiZXhwIjoxNzQyNTY2NTc4LjM0NywiaXAiOiI6OjEiLCJ1YSI6Ik1vemlsbGEvNS4wIChXaW5kb3dzIE5UIDEwLjA7IFdpbjY0OyB4NjQpIEFwcGxlV2ViS2l0LzUzNy4zNiAoS0hUTUwsIGxpa2UgR2Vja28pIENocm9tZS8xMzMuMC4wLjAgU2FmYXJpLzUzNy4zNiIsImlhdCI6MTczOTg4ODE3OH0.e1sRWqvAuw-8qYciEcxm2pJbUcK_EfwsYHwcHrnnBtA', '2025-03-21 14:16:18', 1),
	(57, 92, '2025-02-18 14:28:05', 'eyJhbGciOiJIUzI1NiIsInR5cCI6IkpXVCJ9.eyJyb2xlIjoiYWRtaW5pc3RyYXRvciIsImlkIjo5MiwiaWRlbnRpdHkiOiJ1c2VyTmVraURydWdpIiwiZXhwIjoxNzQyNTY3Mjg1LjA0MSwiaXAiOiI6OjEiLCJ1YSI6IlBvc3RtYW5SdW50aW1lLzcuNDMuMCIsImlhdCI6MTczOTg4ODg4NX0.aqIsR-Zp0O8PYfiFzCAMSjB4O7OX93f1xWN7ViV50Vk', '2025-03-21 14:28:05', 1),
	(58, 92, '2025-02-18 14:34:12', 'eyJhbGciOiJIUzI1NiIsInR5cCI6IkpXVCJ9.eyJyb2xlIjoiYWRtaW5pc3RyYXRvciIsImlkIjo5MiwiaWRlbnRpdHkiOiJ1c2VyTmVraURydWdpIiwiZXhwIjoxNzQyNTY3NjUyLjQ0OSwiaXAiOiI6OjEiLCJ1YSI6Ik1vemlsbGEvNS4wIChXaW5kb3dzIE5UIDEwLjA7IFdpbjY0OyB4NjQpIEFwcGxlV2ViS2l0LzUzNy4zNiAoS0hUTUwsIGxpa2UgR2Vja28pIENocm9tZS8xMzMuMC4wLjAgU2FmYXJpLzUzNy4zNiIsImlhdCI6MTczOTg4OTI1Mn0.whzK8y3ninQCaQsEDGi34rDzxrnv81o5wve9NDt5_5Q', '2025-03-21 14:34:12', 1),
	(59, 92, '2025-02-18 14:40:04', 'eyJhbGciOiJIUzI1NiIsInR5cCI6IkpXVCJ9.eyJyb2xlIjoiYWRtaW5pc3RyYXRvciIsImlkIjo5MiwiaWRlbnRpdHkiOiJ1c2VyTmVraURydWdpIiwiZXhwIjoxNzQyNTY4MDA0LjcwNSwiaXAiOiI6OjEiLCJ1YSI6Ik1vemlsbGEvNS4wIChXaW5kb3dzIE5UIDEwLjA7IFdpbjY0OyB4NjQpIEFwcGxlV2ViS2l0LzUzNy4zNiAoS0hUTUwsIGxpa2UgR2Vja28pIENocm9tZS8xMzMuMC4wLjAgU2FmYXJpLzUzNy4zNiIsImlhdCI6MTczOTg4OTYwNH0.hpSERTQ-Srj6KzcdWykj-0bIxcfxeuks2v8LnFmNPYo', '2025-03-21 14:40:04', 1),
	(60, 92, '2025-02-18 14:44:00', 'eyJhbGciOiJIUzI1NiIsInR5cCI6IkpXVCJ9.eyJyb2xlIjoiYWRtaW5pc3RyYXRvciIsImlkIjo5MiwiaWRlbnRpdHkiOiJ1c2VyTmVraURydWdpIiwiZXhwIjoxNzQyNTY4MjQwLjksImlwIjoiOjoxIiwidWEiOiJNb3ppbGxhLzUuMCAoV2luZG93cyBOVCAxMC4wOyBXaW42NDsgeDY0KSBBcHBsZVdlYktpdC81MzcuMzYgKEtIVE1MLCBsaWtlIEdlY2tvKSBDaHJvbWUvMTMzLjAuMC4wIFNhZmFyaS81MzcuMzYiLCJpYXQiOjE3Mzk4ODk4NDB9.AkluBi7m4RbLhlU573HadMv5wzAcGyxJAWxsJylIGRM', '2025-03-21 14:44:00', 1),
	(61, 92, '2025-02-18 14:44:22', 'eyJhbGciOiJIUzI1NiIsInR5cCI6IkpXVCJ9.eyJyb2xlIjoiYWRtaW5pc3RyYXRvciIsImlkIjo5MiwiaWRlbnRpdHkiOiJ1c2VyTmVraURydWdpIiwiZXhwIjoxNzQyNTY4MjYyLjkxOCwiaXAiOiI6OjEiLCJ1YSI6Ik1vemlsbGEvNS4wIChXaW5kb3dzIE5UIDEwLjA7IFdpbjY0OyB4NjQpIEFwcGxlV2ViS2l0LzUzNy4zNiAoS0hUTUwsIGxpa2UgR2Vja28pIENocm9tZS8xMzMuMC4wLjAgU2FmYXJpLzUzNy4zNiIsImlhdCI6MTczOTg4OTg2Mn0.jJ2-jidj6e-fGIWcaJXT4nE7TP9Aysbqn9TxueeA7wA', '2025-03-21 14:44:22', 1),
	(62, 92, '2025-02-18 14:47:36', 'eyJhbGciOiJIUzI1NiIsInR5cCI6IkpXVCJ9.eyJyb2xlIjoiYWRtaW5pc3RyYXRvciIsImlkIjo5MiwiaWRlbnRpdHkiOiJ1c2VyTmVraURydWdpIiwiZXhwIjoxNzQyNTY4NDU2LjE2NywiaXAiOiI6OjEiLCJ1YSI6IlBvc3RtYW5SdW50aW1lLzcuNDMuMCIsImlhdCI6MTczOTg5MDA1Nn0.Xxq3IThVFCbQqJaByshFhZHNNsl4IJaYFFkxZCvC48o', '2025-03-21 14:47:36', 1),
	(63, 92, '2025-02-18 14:47:40', 'eyJhbGciOiJIUzI1NiIsInR5cCI6IkpXVCJ9.eyJyb2xlIjoiYWRtaW5pc3RyYXRvciIsImlkIjo5MiwiaWRlbnRpdHkiOiJ1c2VyTmVraURydWdpIiwiZXhwIjoxNzQyNTY4NDYwLjE2MSwiaXAiOiI6OjEiLCJ1YSI6IlBvc3RtYW5SdW50aW1lLzcuNDMuMCIsImlhdCI6MTczOTg5MDA2MH0.8H3ecpwntUa2QNlVD6autW0n5e7sL8QJjD7BX6L2h6Q', '2025-03-21 14:47:40', 1),
	(64, 92, '2025-02-18 14:47:41', 'eyJhbGciOiJIUzI1NiIsInR5cCI6IkpXVCJ9.eyJyb2xlIjoiYWRtaW5pc3RyYXRvciIsImlkIjo5MiwiaWRlbnRpdHkiOiJ1c2VyTmVraURydWdpIiwiZXhwIjoxNzQyNTY4NDYxLjE3MiwiaXAiOiI6OjEiLCJ1YSI6IlBvc3RtYW5SdW50aW1lLzcuNDMuMCIsImlhdCI6MTczOTg5MDA2MX0.xXzwHJOokclYWapDJtsbDTVr3pJUPwiWM-9HRsgiN3Q', '2025-03-21 14:47:41', 1),
	(65, 95, '2025-02-18 14:54:36', 'eyJhbGciOiJIUzI1NiIsInR5cCI6IkpXVCJ9.eyJyb2xlIjoiYWRtaW5pc3RyYXRvciIsImlkIjo5NSwiaWRlbnRpdHkiOiJhZG1pbmlzdHJhdG9yIiwiZXhwIjoxNzQyNTY4ODc2LjEyNSwiaXAiOiI6OjEiLCJ1YSI6Ik1vemlsbGEvNS4wIChXaW5kb3dzIE5UIDEwLjA7IFdpbjY0OyB4NjQpIEFwcGxlV2ViS2l0LzUzNy4zNiAoS0hUTUwsIGxpa2UgR2Vja28pIENocm9tZS8xMzMuMC4wLjAgU2FmYXJpLzUzNy4zNiIsImlhdCI6MTczOTg5MDQ3Nn0.4ZWT0J6YjkjKfo0uyk0GytkHyWfr6GoG3airWXC4ABs', '2025-03-21 14:54:36', 1),
	(66, 95, '2025-02-18 14:54:51', 'eyJhbGciOiJIUzI1NiIsInR5cCI6IkpXVCJ9.eyJyb2xlIjoiYWRtaW5pc3RyYXRvciIsImlkIjo5NSwiaWRlbnRpdHkiOiJhZG1pbmlzdHJhdG9yIiwiZXhwIjoxNzQyNTY4ODkxLjAzOSwiaXAiOiI6OjEiLCJ1YSI6Ik1vemlsbGEvNS4wIChXaW5kb3dzIE5UIDEwLjA7IFdpbjY0OyB4NjQpIEFwcGxlV2ViS2l0LzUzNy4zNiAoS0hUTUwsIGxpa2UgR2Vja28pIENocm9tZS8xMzMuMC4wLjAgU2FmYXJpLzUzNy4zNiIsImlhdCI6MTczOTg5MDQ5MX0.bTtymcxBan67avExMeAOMBKoyiRxjePnYJ0ckyxPaE0', '2025-03-21 14:54:51', 1),
	(67, 95, '2025-02-18 15:51:59', 'eyJhbGciOiJIUzI1NiIsInR5cCI6IkpXVCJ9.eyJyb2xlIjoiYWRtaW5pc3RyYXRvciIsImlkIjo5NSwiaWRlbnRpdHkiOiJhZG1pbmlzdHJhdG9yIiwiZXhwIjoxNzQyNTcyMzE5LjE0OSwiaXAiOiI6OjEiLCJ1YSI6Ik1vemlsbGEvNS4wIChXaW5kb3dzIE5UIDEwLjA7IFdpbjY0OyB4NjQpIEFwcGxlV2ViS2l0LzUzNy4zNiAoS0hUTUwsIGxpa2UgR2Vja28pIENocm9tZS8xMzMuMC4wLjAgU2FmYXJpLzUzNy4zNiIsImlhdCI6MTczOTg5MzkxOX0.qkU7Jr0DVUu6XJCoXqvtkhgH-xpwzHOLFJ-GmuFDV8A', '2025-03-21 15:51:59', 1),
	(68, 95, '2025-02-18 16:13:10', 'eyJhbGciOiJIUzI1NiIsInR5cCI6IkpXVCJ9.eyJyb2xlIjoiYWRtaW5pc3RyYXRvciIsImlkIjo5NSwiaWRlbnRpdHkiOiJhZG1pbmlzdHJhdG9yIiwiZXhwIjoxNzQyNTczNTkwLjkxMiwiaXAiOiI6OjEiLCJ1YSI6Ik1vemlsbGEvNS4wIChXaW5kb3dzIE5UIDEwLjA7IFdpbjY0OyB4NjQpIEFwcGxlV2ViS2l0LzUzNy4zNiAoS0hUTUwsIGxpa2UgR2Vja28pIENocm9tZS8xMzMuMC4wLjAgU2FmYXJpLzUzNy4zNiIsImlhdCI6MTczOTg5NTE5MH0.39sNdlXGZSaBesCCauIuMFwnu56qqAEmaLbze7JKWkA', '2025-03-21 16:13:10', 1),
	(69, 95, '2025-02-18 16:13:45', 'eyJhbGciOiJIUzI1NiIsInR5cCI6IkpXVCJ9.eyJyb2xlIjoiYWRtaW5pc3RyYXRvciIsImlkIjo5NSwiaWRlbnRpdHkiOiJhZG1pbmlzdHJhdG9yIiwiZXhwIjoxNzQyNTczNjI1LjA2NiwiaXAiOiI6OjEiLCJ1YSI6Ik1vemlsbGEvNS4wIChXaW5kb3dzIE5UIDEwLjA7IFdpbjY0OyB4NjQpIEFwcGxlV2ViS2l0LzUzNy4zNiAoS0hUTUwsIGxpa2UgR2Vja28pIENocm9tZS8xMzMuMC4wLjAgU2FmYXJpLzUzNy4zNiIsImlhdCI6MTczOTg5NTIyNX0.RlQlo02U7q75syv_ncfh5V3uhwsBOEgFqOGCQjfMKWA', '2025-03-21 16:13:45', 1),
	(70, 95, '2025-02-18 16:56:53', 'eyJhbGciOiJIUzI1NiIsInR5cCI6IkpXVCJ9.eyJyb2xlIjoiYWRtaW5pc3RyYXRvciIsImlkIjo5NSwiaWRlbnRpdHkiOiJhZG1pbmlzdHJhdG9yIiwiZXhwIjoxNzQyNTc2MjEzLjU1NiwiaXAiOiI6OjEiLCJ1YSI6Ik1vemlsbGEvNS4wIChXaW5kb3dzIE5UIDEwLjA7IFdpbjY0OyB4NjQpIEFwcGxlV2ViS2l0LzUzNy4zNiAoS0hUTUwsIGxpa2UgR2Vja28pIENocm9tZS8xMzMuMC4wLjAgU2FmYXJpLzUzNy4zNiIsImlhdCI6MTczOTg5NzgxM30.r9GLt1gCXodRZIw8syxz1L5vBCG1veOHf9hIAL9IVoE', '2025-03-21 16:56:53', 1);

-- Dumping structure for table iva.article
DROP TABLE IF EXISTS `article`;
CREATE TABLE IF NOT EXISTS `article` (
  `article_id` int unsigned NOT NULL AUTO_INCREMENT,
  `name` varchar(128) COLLATE utf8mb3_unicode_ci NOT NULL DEFAULT '0',
  `category_id` int unsigned NOT NULL DEFAULT '0',
  `excerpt` varchar(255) COLLATE utf8mb3_unicode_ci NOT NULL DEFAULT '0',
  `description` text COLLATE utf8mb3_unicode_ci NOT NULL,
  `status` enum('available','visible','hidden') COLLATE utf8mb3_unicode_ci NOT NULL DEFAULT 'available',
  `is_promoted` tinyint unsigned NOT NULL DEFAULT '0',
  `created_at` timestamp NOT NULL DEFAULT CURRENT_TIMESTAMP,
  PRIMARY KEY (`article_id`),
  KEY `fk_article_category_id` (`category_id`),
  CONSTRAINT `fk_article_category_id` FOREIGN KEY (`category_id`) REFERENCES `category` (`category_id`) ON UPDATE CASCADE
) ENGINE=InnoDB AUTO_INCREMENT=100 DEFAULT CHARSET=utf8mb3 COLLATE=utf8mb3_unicode_ci;

-- Dumping data for table iva.article: ~85 rows (approximately)
DELETE FROM `article`;
INSERT INTO `article` (`article_id`, `name`, `category_id`, `excerpt`, `description`, `status`, `is_promoted`, `created_at`) VALUES
	(1, 'Krema telo 12', 5, 'Kratni tekst ', 'Neki malo duži tekst o proizvodu 2. Neki malo duži tekst o proizvodu 2. Neki malo duži tekst o proizvodu 2. Neki malo duži tekst o proizvodu 2. Neki malo duži tekst o proizvodu 3. Neki malo duži tekst o proizvodu 2. Neki malo duži tekst o proizvodu 3. Neki malo duži tekst o proizvodu 3. Neki malo duži tekst o proizvodu 2. Neki malo duži tekst o proizvodu 3', 'available', 1, '2023-12-02 10:20:38'),
	(2, 'Krema telo 334', 5, 'Kratni tekst33', 'Lorem ipsum dolor sit amet, consectetur adipiscing elit. Etiam ac varius risus, non iaculis purus. Sed facilisis suscipit aliquam. Sed gravida, enim sit amet volutpat imperdiet, ante lorem laoreet leo, id ultricies arcu nunc a nulla. Donec ut dolor consequat, tincidunt tellus consectetur, finibus turpis. Vestibulum porttitor massa ac nunc blandit posuere. Nulla dignissim, dolor eu sodales dapibus, velit elit viverra felis, in pulvinar nunc orci sit amet urna. Fusce vel augue sit amet eros ullamcorper sodales quis et mi. Integer vel congue nisl. Vivamus facilisis', 'visible', 0, '2023-12-05 09:42:45'),
	(3, 'Proizvod', 5, 'Neki kratak tekst', 'Lorem ipsum dolor sit amet, consectetur adipiscing elit. Etiam ac varius risus, non iaculis purus. Sed facilisis suscipit aliquam. Sed gravida, enim sit amet volutpat imperdiet, ante lorem laoreet leo, id ultricies arcu nunc a nulla. Donec ut dolor consequat, tincidunt tellus consectetur, finibus turpis. Vestibulum porttitor massa ac nunc blandit posuere. Nulla dignissim, dolor eu sodales dapibus, velit elit viverra felis, in pulvinar nunc orci sit amet urna. Fusce vel augue sit amet eros ullamcorper sodales quis et mi. Integer vel congue nisl. Vivamus facilisis', 'available', 0, '2023-12-05 10:14:28'),
	(4, 'Neki proizvod 2', 5, 'Neki kratak tekst', 'Lorem ipsum dolor sit amet, consectetur adipiscing elit. Etiam ac varius risus, non iaculis purus. Sed facilisis suscipit aliquam. Sed gravida, enim sit amet volutpat imperdiet, ante lorem laoreet leo, id ultricies arcu nunc a nulla. Donec ut dolor consequat, tincidunt tellus consectetur, finibus turpis. Vestibulum porttitor massa ac nunc blandit posuere. Nulla dignissim, dolor eu sodales dapibus, velit elit viverra felis, in pulvinar nunc orci sit amet urna. Fusce vel augue sit amet eros ullamcorper sodales quis et mi. Integer vel congue nisl. Vivamus facilisis', 'available', 0, '2023-12-05 10:51:49'),
	(5, 'ACME HD11 1TB', 5, 'Neki kratak tekst', 'Neki malo duzi tekst', 'available', 0, '2023-12-05 10:55:44'),
	(6, 'ACME HD11 1TB', 5, 'Neki kratak tekst', 'Neki malo duži tekst', 'available', 0, '2023-12-05 11:03:53'),
	(7, 'ACME HD11 1TB', 5, 'Neki kratak tekst', 'Neki malo duži tekst', 'available', 0, '2023-12-05 11:12:58'),
	(8, 'ACME HD11 1TB', 5, 'Neki kratak tekst', 'Neki malo duži tekst', 'available', 0, '2023-12-05 11:14:23'),
	(9, 'ACME HD11 1TB', 1, 'Neki kratak tekst', 'Neki malo duži tekst', 'available', 0, '2023-12-05 11:15:00'),
	(10, 'ACME HD11 1TB', 5, 'Neki kratak tekst', 'Neki malo duži tekst', 'available', 0, '2023-12-05 11:15:58'),
	(11, 'ACME HD11 1TB', 5, 'Neki kratak tekst', 'Neki malo duži tekst', 'available', 0, '2023-12-05 11:22:40'),
	(12, 'ACME HD11 1TB', 1, 'Neki kratak tekst', 'Neki malo duži tekst', 'available', 0, '2023-12-05 11:26:03'),
	(13, 'ACME HD11 1TB', 1, 'Neki kratak tekst', 'Neki malo duži tekst', 'available', 0, '2023-12-05 11:41:19'),
	(14, 'ACME HD11 1TB', 5, 'Neki kratak tekst', 'Neki malo duži tekst', 'available', 0, '2023-12-05 11:42:29'),
	(15, 'ACME HD11 1TB', 5, 'Neki kratak tekst', 'Neki malo duži tekst', 'available', 0, '2023-12-05 12:58:21'),
	(16, 'ACME HD11 1TB', 5, 'Neki kratak tekst', 'Neki malo duži tekst', 'available', 0, '2023-12-05 13:14:14'),
	(17, 'ACME HD11 1TB', 5, 'Neki kratak tekst', 'Neki malo duži tekst', 'available', 0, '2023-12-05 13:14:52'),
	(18, 'ACME HD11 1TB', 5, 'Neki kratak tekst', 'Neki malo duži tekst', 'available', 0, '2023-12-05 13:16:04'),
	(19, 'ACME HD11 1TB', 4, 'Neki kratak tekst', 'Neki malo duži tekst', 'available', 0, '2023-12-05 13:18:30'),
	(20, 'ACME HD11 1TB', 4, 'Neki kratak tekst', 'Neki malo duži tekst', 'available', 0, '2023-12-05 13:18:56'),
	(21, 'ACME HD11 1TB', 4, 'Neki kratak tekst', 'Neki malo duži tekst', 'available', 0, '2023-12-05 13:19:12'),
	(22, 'ACME HD11 1TB', 5, 'Neki kratak tekst', 'Neki malo duži tekst', 'available', 0, '2023-12-05 13:20:37'),
	(23, 'ACME HD11 1TB', 5, 'Neki kratak tekst', 'Neki malo duži tekst', 'available', 0, '2023-12-05 13:28:03'),
	(24, 'ACME HD11 1TB', 5, 'Neki kratak tekst', 'Neki malo duži tekst', 'available', 0, '2023-12-05 13:28:26'),
	(25, 'ACME HD11 1TB', 5, 'Neki kratak tekst', 'Neki malo duži tekst', 'available', 0, '2023-12-05 13:28:36'),
	(26, 'ACME HD11 1TB', 5, 'Neki kratak tekst', 'Neki malo duži tekst', 'available', 0, '2023-12-05 13:28:43'),
	(27, 'ACME HD11 1TB', 5, 'Neki kratak tekst', 'Neki malo duži tekst', 'available', 0, '2023-12-05 13:28:46'),
	(28, 'ACME HD11 1TB', 5, 'Neki kratak tekst', 'Neki malo duži tekst', 'available', 0, '2023-12-05 13:29:06'),
	(29, 'ACME HD11 1TB', 5, 'Neki kratak tekst', 'Neki malo duži tekst', 'available', 0, '2023-12-05 13:29:25'),
	(30, 'ACME HD11 1TB', 5, 'Neki kratak tekst', 'Neki malo duži tekst', 'available', 0, '2023-12-05 13:38:22'),
	(31, 'ACME HD11 1TB', 5, 'Neki kratak tekst', 'Neki malo duži tekst', 'available', 0, '2023-12-05 13:38:42'),
	(32, 'ACME HD11 1TB', 5, 'Neki kratak tekst', 'Neki malo duži tekst', 'available', 0, '2023-12-06 09:06:23'),
	(33, 'ACME HD11 1TB', 5, 'Neki kratak tekst', 'Neki malo duži tekst', 'available', 0, '2023-12-06 09:07:41'),
	(34, 'ACME HD11 1TB', 5, 'Neki kratak tekst', 'Neki malo duži tekst', 'available', 0, '2023-12-13 11:00:56'),
	(35, 'MICROLIFE TOPLOMJER DIGITALNI MT 710 ZABA', 5, 'Zvučni signal nakon 30 sekundi. Dizajn termometra je u obliku žabice, prilagođen deci. 1 memorijsko mesto. Ne sadrži živu. Fleksibilan vrh za komforno merenje. Garantni rok neograničen. Automatsko isključivanje toplomera ', 'Duzi neki tekst', 'available', 0, '2024-01-11 09:42:46'),
	(36, 'ACME Laptop 3345', 3, 'Tekst kratki', 'Tekst dug', 'available', 0, '2024-01-14 09:46:37'),
	(37, 'Krema za telo', 1, 'Kratak opis kreme ', 'Duzi opis za kremu za sunce. Ova krema je najbolja krema koja je proizvedena!', 'available', 0, '2024-03-30 13:09:47'),
	(38, 'Eight Hour Cream Body', 1, 'Eight Hour Cream Body Elizabeth Arden kreme', 'Duzi opis za kremu za sunce. Ova krema je najbolja krema koja je proizvedena!', 'available', 0, '2024-04-17 12:29:05'),
	(39, 'Elizabeth Arden Eight Hour', 1, 'Eight Hour Cream Body Elizabeth Arden kreme', 'Duzi opis za kremu za sunce. Ova krema je najbolja krema koja je proizvedena!', 'visible', 0, '2024-04-17 12:32:40'),
	(40, 'Maske za čišćenje lica - Leco', 1, 'Eight Hour Cream Body Elizabeth Arden kreme', 'Duzi opis za kremu za sunce. Ova krema je najbolja krema koja je proizvedena!', 'available', 0, '2024-04-17 12:34:25'),
	(41, 'CosRX The Vitamin C 23 Serum 20g', 1, 'Ukoliko želite da postignete sjajnu i blistavu kožu, CosRX The Vitamin C 23 Serum sa visokim sadržajem vitamina C za sjajnu', 'Ukoliko želite da postignete sjajnu i blistavu kožu, CosRX The Vitamin C 23 Serum sa visokim sadržajem vitamina C za sjajnu i blistavu kožu je pravi izbor za vas. Ovaj serum je pogodan za sve tipove kože, a redovna upotreba će Vam pomoći da postignete zdrav i blistav ten.', 'available', 1, '2024-04-17 16:06:12'),
	(42, 'Cosrx Centella Water Alcohol-Free Toner 150ml', 1, 'Ukoliko želite da postignete sjajnu i blistavu kožu, CosRX The Vitamin C 23 Serum sa visokim sadržajem vitamina C za sjajnu', 'Ukoliko želite da postignete sjajnu i blistavu kožu, CosRX The Vitamin C 23 Serum sa visokim sadržajem vitamina C za sjajnu i blistavu kožu je pravi izbor za vas. Ovaj serum je pogodan za sve tipove kože, a redovna upotreba će Vam pomoći da postignete zdrav i blistav ten.', 'available', 0, '2024-04-18 07:16:21'),
	(43, 'Domaća kozmetika: Brendovi koje izdvajamo 500ml', 1, 'Ukoliko želite da postignete sjajnu i blistavu kožu, CosRX The Vitamin C 23 Serum sa visokim sadržajem vitamina C za sjajnu', 'Ukoliko želite da postignete sjajnu i blistavu kožu, CosRX The Vitamin C 23 Serum sa visokim sadržajem vitamina C za sjajnu i blistavu kožu je pravi izbor za vas. Ovaj serum je pogodan za sve tipove kože, a redovna upotreba će Vam pomoći da postignete zdrav i blistav ten.', 'available', 0, '2024-04-18 07:21:37'),
	(44, 'Domaća kozmetika: Brendovi koje izdvajamo 500ml', 1, 'Ukoliko želite da postignete sjajnu i blistavu kožu, CosRX The Vitamin C 23 Serum sa visokim sadržajem vitamina C za sjajnu', 'Ukoliko želite da postignete sjajnu i blistavu kožu, CosRX The Vitamin C 23 Serum sa visokim sadržajem vitamina C za sjajnu i blistavu kožu je pravi izbor za vas. Ovaj serum je pogodan za sve tipove kože, a redovna upotreba će Vam pomoći da postignete zdrav i blistav ten.', 'available', 0, '2024-04-18 07:23:16'),
	(45, 'Prirodna kozmetika - Prirodna kozmetika - Balavander', 1, 'Eight Hour Cream Body Elizabeth Arden kreme', 'Duzi opis za kremu za sunce. Ova krema je najbolja krema koja je proizvedena!', 'available', 0, '2024-04-18 07:40:19'),
	(46, 'Nivea kozmetika za negu lica i tela', 1, 'Eight Hour Cream Body Elizabeth Arden kreme', 'Duzi opis za kremu za sunce. Ova krema je najbolja krema koja je proizvedena!', 'available', 0, '2024-04-18 08:05:52'),
	(47, 'Prirodna kozmetika za telo | Mleka i losioni za telo Maxlab', 4, 'Eight Hour Cream Body Elizabeth Arden kreme', 'Duzi opis za kremu za sunce. Ova krema je najbolja krema koja je proizvedena!', 'available', 0, '2024-04-18 08:34:03'),
	(48, 'Prirodna kozmetika za telo | Mleka i losioni za telo Maxlab', 4, 'Eight Hour Cream Body Elizabeth Arden kreme', 'Duzi opis za kremu za sunce. Ova krema je najbolja krema koja je proizvedena!', 'available', 0, '2024-04-18 08:38:30'),
	(49, 'Uriage Xemose krema 400ml', 4, 'Eight Hour Cream Body Elizabeth Arden kreme', 'Duzi opis za kremu za sunce. Ova krema je najbolja krema koja je proizvedena!', 'available', 0, '2024-04-18 08:50:18'),
	(50, 'Mixa Hyalurogel Losion Za Telo 400ml', 4, 'Eight Hour Cream Body Elizabeth Arden kreme', 'Duzi opis za kremu za sunce. Ova krema je najbolja krema koja je proizvedena!', 'available', 0, '2024-04-18 08:53:47'),
	(51, 'Modul kozmetika buter za telo - cimet 150ml', 4, 'Eight Hour Cream Body Elizabeth Arden kreme', 'Duzi opis za kremu za sunce. Ova krema je najbolja krema koja je proizvedena!', 'available', 0, '2024-04-18 08:55:07'),
	(52, 'VIOLETA Pelene 5 mesečno', 9, 'BAMBO Nature Eco-Friendly pelene za bebe mala', 'BAMBO Nature Eco-Friendly pelene za bebe mala pakovanja podrazumevaju sve pelene od veličine 0 do 6, tj. za težinu bebe od 1kg do 30kg. U padajućem meniju ispod, klikom izaberite veličinu koju želite i prikazaće Vam se odgovarajuća slika, raspon kilaža, količina pelena u pakovanju i cena.', 'available', 0, '2024-04-18 11:15:24'),
	(53, 'VIOLETA Pelene 5 mesečno pakovanje 2x80/1', 9, 'BAMBO Nature Eco-Friendly pelene za bebe mala pakovanja podrazumevaju sve pelene od veličine 0 do 6', 'BAMBO Nature Eco-Friendly pelene za bebe mala pakovanja podrazumevaju sve pelene od veličine 0 do 6, tj. za težinu bebe od 1kg do 30kg. U padajućem meniju ispod, klikom izaberite veličinu koju želite i prikazaće Vam se odgovarajuća slika, raspon kilaža, količina pelena u pakovanju i cena.', 'available', 0, '2024-04-18 11:18:26'),
	(54, 'Revuele kozmetika za lice', 13, 'BAMBO Nature Eco-Friendly pelene za bebe mala pakovanja podrazumevaju sve pelene od veličine 0 do 6', 'BAMBO Nature Eco-Friendly pelene za bebe mala pakovanja podrazumevaju sve pelene od veličine 0 do 6, tj. za težinu bebe od 1kg do 30kg. U padajućem meniju ispod, klikom izaberite veličinu koju želite i prikazaće Vam se odgovarajuća slika, raspon kilaža, količina pelena u pakovanju i cena.', 'available', 0, '2024-04-18 11:26:14'),
	(55, 'Pelene Turtles JUNIOR 5', 17, 'BAMBO Nature Eco-Friendly pelene za bebe mala pakovanja podrazumevaju sve pelene od veličine 0 do 6', 'BAMBO Nature Eco-Friendly pelene za bebe mala pakovanja podrazumevaju sve pelene od veličine 0 do 6, tj. za težinu bebe od 1kg do 30kg. U padajućem meniju ispod, klikom izaberite veličinu koju želite i prikazaće Vam se odgovarajuća slika, raspon kilaža, količina pelena u pakovanju i cena.', 'available', 0, '2024-04-18 16:18:09'),
	(56, 'Pampers pelene', 17, 'BAMBO Nature Eco-Friendly pelene za bebe mala pakovanja podrazumevaju sve pelene od veličine 0 do 6', 'BAMBO Nature Eco-Friendly pelene za bebe mala pakovanja podrazumevaju sve pelene od veličine 0 do 6, tj. za težinu bebe od 1kg do 30kg. U padajućem meniju ispod, klikom izaberite veličinu koju želite i prikazaće Vam se odgovarajuća slika, raspon kilaža, količina pelena u pakovanju i cena.', 'available', 1, '2024-04-18 16:19:43'),
	(57, 'Bambo pelene Nature 3 midi 4-8kg 52kom', 17, 'BAMBO Nature Eco-Friendly pelene za bebe mala pakovanja podrazumevaju sve pelene od veličine 0 do 6', 'BAMBO Nature Eco-Friendly pelene za bebe mala pakovanja podrazumevaju sve pelene od veličine 0 do 6, tj. za težinu bebe od 1kg do 30kg. U padajućem meniju ispod, klikom izaberite veličinu koju želite i prikazaće Vam se odgovarajuća slika, raspon kilaža, količina pelena u pakovanju i cena.', 'available', 0, '2024-04-18 16:21:02'),
	(58, 'Pelene za kupanje Bambo Magic S veličina', 17, 'BAMBO Nature Eco-Friendly pelene za bebe mala pakovanja podrazumevaju sve pelene od veličine 0 do 6', 'BAMBO Nature Eco-Friendly pelene za bebe mala pakovanja podrazumevaju sve pelene od veličine 0 do 6, tj. za težinu bebe od 1kg do 30kg. U padajućem meniju ispod, klikom izaberite veličinu koju želite i prikazaće Vam se odgovarajuća slika, raspon kilaža, količina pelena u pakovanju i cena.', 'available', 0, '2024-04-18 16:22:57'),
	(59, 'Kozmetika za bebe i decu', 17, 'BAMBO Nature Eco-Friendly pelene za bebe mala pakovanja podrazumevaju sve pelene od veličine 0 do 6', 'BAMBO Nature Eco-Friendly pelene za bebe mala pakovanja podrazumevaju sve pelene od veličine 0 do 6, tj. za težinu bebe od 1kg do 30kg. U padajućem meniju ispod, klikom izaberite veličinu koju želite i prikazaće Vam se odgovarajuća slika, raspon kilaža, količina pelena u pakovanju i cena.', 'available', 0, '2024-04-18 16:25:20'),
	(60, 'Azeta Bio baby organsko ulje 50ml ', 17, 'BAMBO Nature Eco-Friendly pelene za bebe mala pakovanja podrazumevaju sve pelene od veličine 0 do 6', 'BAMBO Nature Eco-Friendly pelene za bebe mala pakovanja podrazumevaju sve pelene od veličine 0 do 6, tj. za težinu bebe od 1kg do 30kg. U padajućem meniju ispod, klikom izaberite veličinu koju želite i prikazaće Vam se odgovarajuća slika, raspon kilaža, količina pelena u pakovanju i cena.', 'available', 1, '2024-04-18 16:26:37'),
	(61, 'Kategorija: Higijena i kozmetika', 9, 'BAMBO Nature Eco-Friendly pelene za bebe mala pakovanja podrazumevaju sve pelene od veličine 0 do 6', 'BAMBO Nature Eco-Friendly pelene za bebe mala pakovanja podrazumevaju sve pelene od veličine 0 do 6, tj. za težinu bebe od 1kg do 30kg. U padajućem meniju ispod, klikom izaberite veličinu koju želite i prikazaće Vam se odgovarajuća slika, raspon kilaža, količina pelena u pakovanju i cena.', 'available', 0, '2024-04-18 16:31:02'),
	(62, 'NAIF - Kozmetika za bebe koja štiti i prirodu', 9, 'BAMBO Nature Eco-Friendly pelene za bebe mala pakovanja podrazumevaju sve pelene od veličine 0 do 6', 'BAMBO Nature Eco-Friendly pelene za bebe mala pakovanja podrazumevaju sve pelene od veličine 0 do 6, tj. za težinu bebe od 1kg do 30kg. U padajućem meniju ispod, klikom izaberite veličinu koju želite i prikazaće Vam se odgovarajuća slika, raspon kilaža, količina pelena u pakovanju i cena.', 'available', 0, '2024-04-18 16:34:20'),
	(63, 'FITAKY - 100% prirodna kozmetika za bebe', 9, 'BAMBO Nature Eco-Friendly pelene za bebe mala pakovanja podrazumevaju sve pelene od veličine 0 do 6', 'BAMBO Nature Eco-Friendly pelene za bebe mala pakovanja podrazumevaju sve pelene od veličine 0 do 6, tj. za težinu bebe od 1kg do 30kg. U padajućem meniju ispod, klikom izaberite veličinu koju želite i prikazaće Vam se odgovarajuća slika, raspon kilaža, količina pelena u pakovanju i cena.', 'available', 1, '2024-04-18 16:36:00'),
	(64, 'Uabylove mama - ulje za telo 250 ml', 9, 'BAMBO Nature Eco-Friendly pelene za bebe mala pakovanja podrazumevaju sve pelene od veličine 0 do 6', 'BAMBO Nature Eco-Friendly pelene za bebe mala pakovanja podrazumevaju sve pelene od veličine 0 do 6, tj. za težinu bebe od 1kg do 30kg. U padajućem meniju ispod, klikom izaberite veličinu koju želite i prikazaće Vam se odgovarajuća slika, raspon kilaža, količina pelena u pakovanju i cena.', 'available', 1, '2024-04-18 16:37:12'),
	(65, 'Uabylove mama', 9, 'BAMBO Nature Eco-Friendly pelene za bebe mala pakovanja podrazumevaju sve pelene od veličine 0 do 6', 'BAMBO Nature Eco-Friendly pelene za bebe mala pakovanja podrazumevaju sve pelene od veličine 0 do 6, tj. za težinu bebe od 1kg do 30kg. U padajućem meniju ispod, klikom izaberite veličinu koju želite i prikazaće Vam se odgovarajuća slika, raspon kilaža, količina pelena u pakovanju i cena.', 'available', 1, '2024-04-18 16:37:46'),
	(66, 'Njega kože trudnica & mama - prirodna kozmetika', 9, 'BAMBO Nature Eco-Friendly pelene za bebe mala pakovanja podrazumevaju sve pelene od veličine 0 do 6', 'BAMBO Nature Eco-Friendly pelene za bebe mala pakovanja podrazumevaju sve pelene od veličine 0 do 6, tj. za težinu bebe od 1kg do 30kg. U padajućem meniju ispod, klikom izaberite veličinu koju želite i prikazaće Vam se odgovarajuća slika, raspon kilaža, količina pelena u pakovanju i cena.', 'available', 0, '2024-04-18 16:40:11'),
	(67, 'Adrialab dječja kozmetika', 9, 'BAMBO Nature Eco-Friendly pelene za bebe mala pakovanja podrazumevaju sve pelene od veličine 0 do 6', 'BAMBO Nature Eco-Friendly pelene za bebe mala pakovanja podrazumevaju sve pelene od veličine 0 do 6, tj. za težinu bebe od 1kg do 30kg. U padajućem meniju ispod, klikom izaberite veličinu koju želite i prikazaće Vam se odgovarajuća slika, raspon kilaža, količina pelena u pakovanju i cena.', 'available', 0, '2024-04-18 16:41:19'),
	(68, 'Majushka kozmetika za bebe', 9, 'BAMBO Nature Eco-Friendly pelene za bebe mala pakovanja podrazumevaju sve pelene od veličine 0 do 6', 'BAMBO Nature Eco-Friendly pelene za bebe mala pakovanja podrazumevaju sve pelene od veličine 0 do 6, tj. za težinu bebe od 1kg do 30kg. U padajućem meniju ispod, klikom izaberite veličinu koju želite i prikazaće Vam se odgovarajuća slika, raspon kilaža, količina pelena u pakovanju i cena.', 'available', 0, '2024-04-18 22:03:05'),
	(69, 'Mleko za tijelo', 4, 'Xemose umirujući  balzam sadrži 10% Ši putera, illipe ulje i pruža intenzivnu negu suvoj i koži sklonoj atopiji. Zahvaljujući  TLR2 patentu  sprečava i umiruje svrab, dok hronoksin.', 'Sadrži ekstrakt soka biljke bulbine frutescens čiji sastojci dokazano stimulišu proliferaciju fibroblasta i sintezu kolagena u dermisu kože. Time dolazi do: poboljšanja strukture kože, smanjenja vidljivosti bora, povećanja elastičnosti i čvrstoće kože te poboljšanja tonusa kože. ', 'available', 0, '2024-05-21 05:51:04'),
	(70, 'Losion za telo BODYBOOM Modelling 250ml', 4, 'Xemose umirujući  balzam sadrži 10% Ši putera, illipe ulje i pruža intenzivnu negu suvoj i koži sklonoj atopiji. Zahvaljujući  TLR2 patentu  sprečava i umiruje svrab, dok hronoksin.', 'Sadrži ekstrakt soka biljke bulbine frutescens čiji sastojci dokazano stimulišu proliferaciju fibroblasta i sintezu kolagena u dermisu kože. Time dolazi do: poboljšanja strukture kože, smanjenja vidljivosti bora, povećanja elastičnosti i čvrstoće kože te poboljšanja tonusa kože. ', 'available', 0, '2024-05-21 05:57:37'),
	(71, 'Eveline - HYALURON CLINIC hidratantno mleko za telo 350ml ', 4, 'Xemose umirujući  balzam sadrži 10% Ši putera, illipe ulje i pruža intenzivnu negu suvoj i koži sklonoj atopiji. Zahvaljujući  TLR2 patentu  sprečava i umiruje svrab, dok hronoksin.', 'Sadrži ekstrakt soka biljke bulbine frutescens čiji sastojci dokazano stimulišu proliferaciju fibroblasta i sintezu kolagena u dermisu kože. Time dolazi do: poboljšanja strukture kože, smanjenja vidljivosti bora, povećanja elastičnosti i čvrstoće kože te poboljšanja tonusa kože. ', 'available', 0, '2024-05-21 06:00:27'),
	(72, 'Cras finibus commodo leo eget', 1, 'Cras finibus commodo leo eget tristique. Donec laoreet accumsan euismod', 'Cras finibus commodo leo eget tristique. Donec laoreet accumsan euismod. Donec urna lectus, congue vitae volutpat ac, pulvinar a odio. Phasellus nec luctus turpis, sit amet vestibulum felis.', 'available', 0, '2024-06-08 13:26:59'),
	(73, 'Lorem ipsum dolor sit amet', 1, 'Suspendisse luctus leo quis elit dictum varius. Sed facilisis lectus metus, a convallis nulla aliquam sed.', 'Pellentesque sollicitudin eleifend felis, quis pretium elit. Suspendisse luctus leo quis elit dictum varius. Sed facilisis lectus metus, a convallis nulla aliquam sed.', 'available', 0, '2024-06-08 13:27:12'),
	(74, 'Ut dictum aliquet dolor', 1, 'Neki kratak opis proizvoda', 'Donec sed lacus lorem. Nulla accumsan mollis ipsum, quis imperdiet sem. Class aptent taciti sociosqu ad litora torquent per conubia nostra, per inceptos himenaeos.', 'available', 0, '2024-06-08 13:28:21'),
	(75, 'Neem Ulje - Gana Kozmetika - 30 ml', 1, 'Pellentesque mollis urna tincidunt ex tempus', 'Pellentesque mollis urna tincidunt ex tempus, vitae gravida enim cursus. Vestibulum ante ipsum primis in faucibus orci luctus et ultrices posuere cubilia curae; Ut imperdiet, nunc ut viverra convallis', 'available', 0, '2024-06-08 13:29:39'),
	(76, 'KOZMETIKA POSEBNE NAMENE – Deverra Farm', 1, 'Maecenas interdum, lorem nec vehicula scelerisque', 'Maecenas interdum, lorem nec vehicula scelerisque, enim felis viverra leo, eu scelerisque quam est vel mauris. Suspendisse fringilla dolor a nisi tempor maximus. Sed sed vehicula lectus.', 'available', 0, '2024-06-08 13:30:58'),
	(77, 'Aenean posuere ex sit amet semper ultrices', 1, 'Pellentesque sollicitudin eleifend felis, quis pretium elit', 'Pellentesque sollicitudin eleifend felis, quis pretium elit. Suspendisse luctus leo quis elit dictum varius. Sed facilisis lectus metus, a convallis nulla aliquam sed.', 'available', 0, '2024-06-08 13:31:19'),
	(78, 'Garnier Fructis krema za kosu bez ispiranja 400ml', 1, 'Lorem ipsum dolor sit amet, consectetur adipiscing elit.', 'Donec sed lacus lorem. Nulla accumsan mollis ipsum, quis imperdiet sem. Class aptent taciti sociosqu ad litora torquent per conubia nostra, per inceptos himenaeos.', 'available', 0, '2024-06-08 13:33:51'),
	(79, 'Domovoj krema protiv komaraca sa ekstraktom kamilice 50 ml', 1, 'Nullam lacinia ipsum arcu, id volutpat quam accumsan sed. ', 'Curabitur ullamcorper nunc faucibus porta auctor. Nullam egestas odio quis lectus fermentum, vel interdum purus accumsan. Nullam lacinia ipsum arcu, id volutpat quam accumsan sed. ', 'available', 0, '2024-06-08 13:34:37'),
	(80, 'Krema za decu i odrasle protiv komaraca 40 ml', 1, 'Praesent aliquet urna eget tincidunt blandit. ', 'Pellentesque mollis urna tincidunt ex tempus, vitae gravida enim cursus. Vestibulum ante ipsum primis in faucibus orci luctus et ultrices posuere cubilia curae; Ut imperdiet, nunc ut viverra convallis, ex metus finibus enim, convallis tristique libero eros vitae nisl. Praesent aliquet urna eget tincidunt blandit. ', 'available', 0, '2024-06-08 13:34:53'),
	(81, 'Nova kozmetika', 4, 'Neki kratak opis proizvoda', 'Neki kratak opis proizvoda Neki kratak opis proizvoda Neki kratak opis proizvoda Neki kratak opis proizvoda Neki kratak opis proizvoda', 'available', 0, '2024-06-08 13:35:19'),
	(82, 'Nova kozmetika', 4, 'Neki kratak opis proizvoda', 'Neki kratak opis proizvoda Neki kratak opis proizvoda Neki kratak opis proizvoda Neki kratak opis proizvoda Neki kratak opis proizvoda', 'available', 0, '2024-06-08 13:35:25'),
	(83, 'Kozmetika druga', 1, 'Kratak opis za 2 Kratak opis za 2', 'Detaljan opis za 2 kozmetiku Detaljan opis za 2 kozmetiku Detaljan opis za 2 kozmetiku Detaljan opis za 2 kozmetiku', 'available', 0, '2024-06-08 13:56:15'),
	(84, 'Krema za lice', 3, 'Kratak opis za kremu za lice', 'Detaljan opis za kremu za lice Detaljan opis za kremu za lice Detaljan opis za kremu za lice Detaljan opis za kremu za lice Detaljan opis za kremu za lice', 'available', 0, '2024-06-09 05:07:03'),
	(85, 'Kozmetika za lice krema', 3, 'Krema za lice najbolja', 'Krema za lice najbolja Krema za lice najbolja Krema za lice najbolja Krema za lice najbolja Krema za lice najbolja', 'available', 0, '2024-06-09 05:18:54'),
	(86, 'Kozmetika', 1, 'Opis proizvoda Opis proizvoda  Opis proizvoda Opis proizvoda Opis proizvoda ', 'Detaljan opis proizvoda Detaljan opis proizvoda Detaljan opis proizvoda Detaljan opis proizvodaDetaljan opis proizvodav Detaljan opis proizvoda', 'available', 0, '2024-07-02 13:18:53'),
	(87, 'Aliquam feugiat vel lectus quis', 1, 'Phasellus nec luctus turpis, sit amet', 'Cras finibus commodo leo eget tristique. Donec laoreet accumsan euismod. Donec urna lectus, congue vitae volutpat ac, pulvinar a odio. Phasellus nec luctus turpis, sit amet vestibulum felis.', 'available', 0, '2024-07-02 13:20:52'),
	(88, 'Pellentesque sollicitudin', 1, 'Donec vitae massa gravida, venenatis quam eget, pellentesque neque.', 'Duis pellentesque, tellus nec semper suscipit, diam augue dignissim eros, vitae luctus urna urna ac nibh. Fusce fermentum consequat bibendum. Donec vitae massa gravida, venenatis quam eget, pellentesque neque. Pellentesque sollicitudin eleifend felis, quis pretium elit. Suspendisse luctus leo quis elit dictum varius. Sed facilisis lectus metus, a convallis nulla aliquam sed.', 'available', 0, '2024-07-04 16:57:47'),
	(89, 'Donec laoreet accumsan euismod', 1, 'Phasellus cursus sit amet lorem in euismod. Aenean posuere ex sit amet semper ultrices.', 'Vivamus iaculis lacus ut nunc semper, vulputate suscipit justo elementum. Phasellus cursus sit amet lorem in euismod. Aenean posuere ex sit amet semper ultrices.', 'available', 0, '2024-07-04 16:58:35'),
	(90, 'BIOCOLLAGENIX', 45, 'Curabitur bibendum, metus sagittis varius egestas, lectus nisi porttitor eros, eu feugiat magna augue vitae tortor. ', 'Curabitur bibendum, metus sagittis varius egestas, lectus nisi porttitor eros, eu feugiat magna augue vitae tortor. Curabitur bibendum, metus sagittis varius egestas, lectus nisi porttitor eros, eu feugiat magna augue vitae tortor. Curabitur bibendum, metus sagittis varius egestas, lectus nisi porttitor eros, eu feugiat magna augue vitae tortor. Curabitur bibendum, metus sagittis varius egestas, lectus nisi porttitor eros, eu feugiat magna augue vitae tortor. ', 'visible', 0, '2024-07-22 18:14:53'),
	(91, 'Aparat za pritisak', 2, 'Lorem ipsum dolor sit amet, consectetur adipiscing elit. Etiam ac varius risus, non iaculis purus. Sed facilisis suscipit aliquam. Sed gravida, enim sit', 'Lorem ipsum dolor sit amet, consectetur adipiscing elit. Etiam ac varius risus, non iaculis purus. Sed facilisis suscipit aliquam. Sed gravida, enim sit amet volutpat imperdiet, ante lorem laoreet leo, id ultricies arcu nunc a nulla. Donec ut dolor consequat, tincidunt tellus consectetur, finibus turpis. Vestibulum porttitor massa ac nunc blandit posuere. Nulla dignissim, dolor eu sodales dapibus, velit elit viverra felis', 'available', 0, '2025-02-18 16:58:40'),
	(92, 'Merenje pritiska', 2, 'Phasellus tristique velit luctus dolor aliquam volutpat.', 'Lorem ipsum dolor sit amet, consectetur adipiscing elit. Etiam ac varius risus, non iaculis purus. Sed facilisis suscipit aliquam. Sed gravida, enim sit amet volutpat imperdiet, ante lorem laoreet leo, id ultricies arcu nunc a nulla. Donec ut dolor consequat, tincidunt tellus consectetur', 'available', 0, '2025-02-18 17:00:02'),
	(93, 'Kapi protiv zubobolje', 6, 'Lorem ipsum dolor sit amet, consectetur adipiscing elit. Etiam ac varius risus, laoreet leo,', 'Lorem ipsum dolor sit amet, consectetur adipiscing elit. Etiam ac varius risus, non iaculis purus. Sed facilisis suscipit aliquam. Sed gravida, enim sit amet volutpat imperdiet, ante lorem laoreet leo, id ultricies arcu nunc a nulla. Donec ut dolor consequat, tincidunt tellus consectetur', 'available', 0, '2025-02-18 17:01:49'),
	(94, 'Suplementi', 7, 'Lorem ipsum dolor sit amet, consectetur adipiscing elit. Etiam ac varius risus, non iaculis purus. Sed facilisis suscipit aliquam. Sed gravida, enim sit amet', 'Lorem ipsum dolor sit amet, consectetur adipiscing elit. Etiam ac varius risus, non iaculis purus. Sed facilisis suscipit aliquam. Sed gravida, enim sit amet Lorem ipsum dolor sit amet, consectetur adipiscing elit. Etiam ac varius risus, non iaculis purus. Sed facilisis suscipit aliquam. Sed gravida, enim sit amet', 'available', 0, '2025-02-18 17:05:57'),
	(95, 'Cajevi', 8, 'Lorem ipsum dolor sit amet, consectetur adipiscing elit. Etiam ac varius risus, non iaculis purus. Sed facilisis suscipit aliquam. Sed gravida, enim sit amet', 'Lorem ipsum dolor sit amet, consectetur adipiscing elit. Etiam ac varius risus, non iaculis purus. Sed facilisis suscipit aliquam. Sed gravida, enim sit amet Lorem ipsum dolor sit amet, consectetur adipiscing elit. Etiam ac varius risus, non iaculis purus. Sed facilisis suscipit aliquam. Sed gravida, enim sit amet', 'available', 0, '2025-02-18 17:06:44'),
	(96, 'Anatomske sandale', 10, 'Lorem ipsum dolor sit amet, consectetur adipiscing elit. Etiam ac varius risus, non iaculis purus. Sed facilisis suscipit aliquam. Sed gravida, enim sit amet', 'Lorem ipsum dolor sit amet, consectetur adipiscing elit. Etiam ac varius risus, non iaculis purus. Sed facilisis suscipit aliquam. Sed gravida, enim sit amet Lorem ipsum dolor sit amet, consectetur adipiscing elit. Etiam ac varius risus, non iaculis purus. Sed facilisis suscipit aliquam. Sed gravida, enim sit amet', 'available', 0, '2025-02-18 17:08:29'),
	(97, 'Hodalica', 11, 'Lorem ipsum dolor sit amet, consectetur adipiscing elit. Etiam ac varius risus, non iaculis purus. Sed facilisis suscipit aliquam. Sed gravida, enim sit amet', 'Lorem ipsum dolor sit amet, consectetur adipiscing elit. Etiam ac varius risus, non iaculis purus. Sed facilisis suscipit aliquam. Sed gravida, enim sit amet Lorem ipsum dolor sit amet, consectetur adipiscing elit. Etiam ac varius risus, non iaculis purus. Sed facilisis suscipit aliquam. Sed gravida, enim sit amet', 'available', 0, '2025-02-18 17:09:55'),
	(98, 'Prva pomoc', 12, 'Lorem ipsum dolor sit amet, consectetur adipiscing elit. Etiam ac varius risus, non iaculis purus. Sed facilisis suscipit aliquam. Sed gravida, enim sit amet', 'Lorem ipsum dolor sit amet, consectetur adipiscing elit. Etiam ac varius risus, non iaculis purus. Sed facilisis suscipit aliquam. Sed gravida, enim sit amet Lorem ipsum dolor sit amet, consectetur adipiscing elit. Etiam ac varius risus, non iaculis purus. Sed facilisis suscipit aliquam. Sed gravida, enim sit amet', 'available', 0, '2025-02-18 17:11:22'),
	(99, 'Cetkica', 6, 'Lorem ipsum dolor sit amet, consectetur adipiscing elit. Etiam ac varius risus, non iaculis purus. Sed facilisis suscipit aliquam. Sed gravida, enim sit amet', 'Lorem ipsum dolor sit amet, consectetur adipiscing elit. Etiam ac varius risus, non iaculis purus. Sed facilisis suscipit aliquam. Sed gravida, enim sit amet', 'available', 0, '2025-02-18 17:12:52');

-- Dumping structure for table iva.article_feature
DROP TABLE IF EXISTS `article_feature`;
CREATE TABLE IF NOT EXISTS `article_feature` (
  `article_feature_id` int unsigned NOT NULL AUTO_INCREMENT,
  `article_id` int unsigned NOT NULL DEFAULT '0',
  `feature_id` int unsigned NOT NULL DEFAULT '0',
  `value` varchar(255) COLLATE utf8mb3_unicode_ci NOT NULL DEFAULT '0',
  PRIMARY KEY (`article_feature_id`),
  UNIQUE KEY `uq_article_feature_article_id_feature_id` (`article_id`,`feature_id`),
  KEY `fk_article_feature_feature_id` (`feature_id`),
  CONSTRAINT `fk_article_feature_article_id` FOREIGN KEY (`article_id`) REFERENCES `article` (`article_id`) ON UPDATE CASCADE,
  CONSTRAINT `fk_article_feature_feature_id` FOREIGN KEY (`feature_id`) REFERENCES `feature` (`feature_id`) ON UPDATE CASCADE
) ENGINE=InnoDB AUTO_INCREMENT=191 DEFAULT CHARSET=utf8mb3 COLLATE=utf8mb3_unicode_ci;

-- Dumping data for table iva.article_feature: ~122 rows (approximately)
DELETE FROM `article_feature`;
INSERT INTO `article_feature` (`article_feature_id`, `article_id`, `feature_id`, `value`) VALUES
	(5, 5, 1, '1TB'),
	(7, 6, 1, '1TB'),
	(9, 7, 1, '1TB'),
	(11, 8, 1, '1TB'),
	(13, 9, 1, '1TB'),
	(15, 10, 1, '1TB'),
	(17, 11, 1, '1TB'),
	(19, 12, 1, '1TB'),
	(21, 13, 1, '1TB'),
	(23, 14, 1, '1TB'),
	(25, 15, 1, '1TB'),
	(27, 16, 1, '1TB'),
	(29, 17, 1, '1TB'),
	(30, 18, 7, '1TB'),
	(31, 19, 7, '1TB'),
	(33, 20, 1, '1TB'),
	(35, 21, 1, '1TB'),
	(36, 22, 1, '1TB'),
	(37, 23, 1, '1TB'),
	(40, 25, 1, 'SSD'),
	(41, 26, 7, 'SSD'),
	(43, 28, 3, 'SSD'),
	(44, 29, 1, '1TB'),
	(45, 29, 3, 'SSD'),
	(46, 30, 1, '2TB'),
	(47, 30, 3, 'SSD'),
	(48, 31, 1, '2TB'),
	(49, 31, 3, 'SSD'),
	(50, 32, 1, '11TB'),
	(51, 32, 3, 'SSD'),
	(52, 33, 1, '128GB'),
	(53, 33, 3, 'SSD'),
	(54, 34, 1, '1TB'),
	(55, 34, 3, 'SSD'),
	(61, 35, 1, '99GB'),
	(62, 35, 3, 'SSD'),
	(65, 36, 12, 'ACME'),
	(66, 36, 14, '15.6"'),
	(67, 36, 15, 'Bez OS'),
	(68, 37, 1, '250 ml'),
	(69, 38, 2, '750 ml'),
	(70, 39, 2, '500 ml'),
	(71, 40, 2, '250 ml'),
	(72, 41, 2, '20g'),
	(73, 41, 6, 'CosRx'),
	(74, 42, 2, '150ml'),
	(75, 42, 6, 'CosRx'),
	(77, 43, 6, 'Becutan'),
	(79, 44, 6, 'Becutan'),
	(80, 45, 2, '500 ml'),
	(81, 45, 6, 'Becutan'),
	(82, 46, 2, '750 ml'),
	(83, 46, 6, 'Nivea'),
	(84, 47, 2, '750 ml'),
	(85, 47, 6, 'Maxlab'),
	(86, 48, 8, '750 ml'),
	(87, 48, 9, 'Maxlab'),
	(88, 49, 8, '400 ml'),
	(89, 49, 9, 'Uriage Xemose'),
	(90, 50, 8, '400 ml'),
	(91, 50, 9, 'Mixa'),
	(92, 51, 8, '150 ml'),
	(93, 51, 9, 'Modul'),
	(94, 52, 16, 'M'),
	(95, 52, 9, 'Violeta'),
	(96, 53, 16, 'M'),
	(97, 53, 17, 'Violeta'),
	(98, 54, 19, '50 g'),
	(99, 54, 18, 'Revuele'),
	(100, 55, 21, 'S'),
	(101, 55, 20, 'Violeta'),
	(104, 57, 21, 'L'),
	(105, 57, 20, 'Pampers'),
	(106, 58, 21, 'S'),
	(107, 58, 20, 'Violeta'),
	(108, 59, 21, '250 ml'),
	(109, 59, 20, 'A derma'),
	(110, 60, 21, '50 ml'),
	(111, 60, 20, 'Azeta'),
	(112, 61, 17, 'Oyzee'),
	(113, 62, 16, 'L'),
	(114, 62, 17, 'Naif'),
	(117, 64, 16, 'L'),
	(118, 64, 17, 'Fitaky'),
	(119, 65, 16, 'L'),
	(120, 65, 17, 'Fitaky'),
	(121, 66, 16, 'L'),
	(122, 66, 17, 'Fitaky'),
	(123, 67, 16, 'L'),
	(124, 67, 17, 'Fitaky'),
	(125, 68, 16, 'XL'),
	(126, 68, 17, 'Fitaky'),
	(127, 69, 9, 'IPM'),
	(128, 69, 8, '150 ml'),
	(129, 70, 9, 'Mixa'),
	(130, 70, 8, '250 ml'),
	(131, 71, 9, 'Eveline'),
	(132, 71, 8, '350 ml'),
	(141, 81, 8, '40'),
	(142, 82, 8, '40'),
	(145, 84, 12, 'Nivea'),
	(146, 85, 12, 'Nivea'),
	(154, 86, 2, '25'),
	(156, 79, 2, '50'),
	(157, 80, 2, '250'),
	(158, 78, 2, '250'),
	(159, 75, 2, '250'),
	(160, 77, 2, '250'),
	(161, 72, 2, '250'),
	(162, 72, 6, 'Nivea'),
	(163, 73, 2, '250'),
	(164, 73, 6, 'Nivea'),
	(165, 63, 16, 'XL'),
	(166, 63, 27, '125'),
	(174, 90, 28, 'Siero'),
	(175, 83, 2, '250 ml'),
	(176, 83, 6, 'Nivea'),
	(180, 56, 20, 'Pampers'),
	(181, 56, 21, 'M'),
	(183, 1, 1, '30ml'),
	(186, 2, 1, 'SATA 3.0'),
	(187, 3, 1, '1TB'),
	(188, 91, 5, 'Jziki'),
	(189, 92, 5, 'Memb'),
	(190, 96, 14, 'Klompa');

-- Dumping structure for table iva.article_price
DROP TABLE IF EXISTS `article_price`;
CREATE TABLE IF NOT EXISTS `article_price` (
  `article_price_id` int unsigned NOT NULL AUTO_INCREMENT,
  `article_id` int unsigned NOT NULL DEFAULT '0',
  `price` decimal(10,2) unsigned NOT NULL DEFAULT '0.00',
  `created_at` timestamp NOT NULL DEFAULT CURRENT_TIMESTAMP,
  PRIMARY KEY (`article_price_id`),
  KEY `FK_article_price_article` (`article_id`),
  CONSTRAINT `FK_article_price_article` FOREIGN KEY (`article_id`) REFERENCES `article` (`article_id`) ON UPDATE CASCADE
) ENGINE=InnoDB AUTO_INCREMENT=137 DEFAULT CHARSET=utf8mb3 COLLATE=utf8mb3_unicode_ci;

-- Dumping data for table iva.article_price: ~116 rows (approximately)
DELETE FROM `article_price`;
INSERT INTO `article_price` (`article_price_id`, `article_id`, `price`, `created_at`) VALUES
	(1, 1, 45.00, '2023-12-02 11:03:11'),
	(2, 1, 43.56, '2023-12-02 11:03:33'),
	(3, 2, 56.89, '2023-12-05 09:42:45'),
	(4, 3, 56.89, '2023-12-05 10:14:28'),
	(5, 4, 56.89, '2023-12-05 10:51:49'),
	(6, 5, 56.89, '2023-12-05 10:55:45'),
	(7, 6, 0.00, '2023-12-05 11:03:53'),
	(8, 7, 0.00, '2023-12-05 11:12:58'),
	(9, 8, 0.00, '2023-12-05 11:14:23'),
	(10, 9, 0.00, '2023-12-05 11:15:00'),
	(11, 10, 0.00, '2023-12-05 11:15:58'),
	(12, 11, 0.00, '2023-12-05 11:22:40'),
	(13, 12, 0.00, '2023-12-05 11:26:03'),
	(14, 13, 0.00, '2023-12-05 11:41:19'),
	(15, 14, 0.00, '2023-12-05 11:42:29'),
	(16, 15, 0.00, '2023-12-05 12:58:21'),
	(17, 16, 55.60, '2023-12-05 13:14:14'),
	(18, 17, 55.60, '2023-12-05 13:14:52'),
	(19, 18, 55.60, '2023-12-05 13:16:04'),
	(20, 19, 55.60, '2023-12-05 13:18:30'),
	(21, 20, 55.60, '2023-12-05 13:18:56'),
	(22, 21, 55.60, '2023-12-05 13:19:12'),
	(23, 22, 55.60, '2023-12-05 13:20:37'),
	(24, 23, 55.60, '2023-12-05 13:28:03'),
	(25, 24, 55.60, '2023-12-05 13:28:26'),
	(26, 25, 55.60, '2023-12-05 13:28:36'),
	(27, 26, 55.60, '2023-12-05 13:28:43'),
	(28, 27, 55.60, '2023-12-05 13:28:46'),
	(29, 28, 55.60, '2023-12-05 13:29:06'),
	(30, 29, 55.60, '2023-12-05 13:29:25'),
	(31, 30, 55.70, '2023-12-05 13:38:22'),
	(32, 31, 55.80, '2023-12-05 13:38:42'),
	(33, 32, 55.80, '2023-12-06 09:06:23'),
	(34, 33, 112.00, '2023-12-06 09:07:41'),
	(35, 34, 55.60, '2023-12-13 11:00:56'),
	(36, 2, 0.00, '2023-12-14 10:59:02'),
	(37, 2, 0.00, '2023-12-14 11:08:34'),
	(38, 2, 0.00, '2023-12-14 11:10:34'),
	(39, 2, 0.00, '2023-12-14 11:14:22'),
	(40, 2, 0.00, '2023-12-14 11:14:59'),
	(41, 2, 0.00, '2023-12-14 11:16:36'),
	(42, 5, 0.00, '2023-12-14 11:20:16'),
	(43, 1, 0.00, '2023-12-14 11:20:59'),
	(44, 1, 0.00, '2023-12-14 11:24:44'),
	(45, 1, 0.00, '2023-12-14 11:25:02'),
	(46, 1, 0.00, '2023-12-14 11:25:08'),
	(47, 1, 0.00, '2023-12-14 11:25:18'),
	(48, 1, 0.00, '2023-12-14 11:26:23'),
	(49, 2, 0.00, '2023-12-14 11:26:31'),
	(50, 2, 0.00, '2023-12-14 11:28:09'),
	(51, 2, 0.00, '2023-12-14 11:29:24'),
	(52, 2, 0.00, '2023-12-14 11:31:45'),
	(53, 2, 0.00, '2023-12-14 11:31:57'),
	(54, 2, 0.00, '2023-12-14 11:35:36'),
	(55, 2, 0.00, '2023-12-14 11:38:29'),
	(56, 2, 111.55, '2023-12-14 11:41:50'),
	(57, 1, 111.55, '2023-12-14 11:44:14'),
	(58, 35, 33.25, '2024-01-11 09:42:46'),
	(59, 2, 122.11, '2024-01-13 08:54:34'),
	(60, 36, 340.40, '2024-01-14 09:47:31'),
	(61, 37, 12.99, '2024-03-30 13:09:47'),
	(62, 38, 25.99, '2024-04-17 12:29:05'),
	(63, 39, 35.99, '2024-04-17 12:32:40'),
	(64, 40, 44.99, '2024-04-17 12:34:25'),
	(65, 41, 14.25, '2024-04-17 16:06:12'),
	(66, 42, 35.25, '2024-04-18 07:16:21'),
	(67, 43, 35.25, '2024-04-18 07:21:37'),
	(68, 44, 35.25, '2024-04-18 07:23:16'),
	(69, 45, 154.99, '2024-04-18 07:40:19'),
	(70, 46, 5.99, '2024-04-18 08:05:52'),
	(71, 47, 6.99, '2024-04-18 08:34:03'),
	(72, 48, 6.99, '2024-04-18 08:38:30'),
	(73, 49, 10.20, '2024-04-18 08:50:18'),
	(74, 50, 10.20, '2024-04-18 08:53:47'),
	(75, 51, 10.20, '2024-04-18 08:55:07'),
	(76, 52, 22.30, '2024-04-18 11:15:24'),
	(77, 53, 22.30, '2024-04-18 11:18:26'),
	(78, 54, 22.30, '2024-04-18 11:26:14'),
	(79, 55, 31.30, '2024-04-18 16:18:09'),
	(80, 56, 21.30, '2024-04-18 16:19:43'),
	(81, 57, 21.30, '2024-04-18 16:21:02'),
	(82, 58, 21.30, '2024-04-18 16:22:57'),
	(83, 59, 11.90, '2024-04-18 16:25:20'),
	(84, 60, 11.90, '2024-04-18 16:26:37'),
	(85, 61, 40.70, '2024-04-18 16:31:03'),
	(86, 62, 40.70, '2024-04-18 16:34:20'),
	(87, 63, 27.70, '2024-04-18 16:36:00'),
	(88, 64, 27.70, '2024-04-18 16:37:12'),
	(89, 65, 17.70, '2024-04-18 16:37:46'),
	(90, 66, 20.70, '2024-04-18 16:40:11'),
	(91, 67, 24.70, '2024-04-18 16:41:19'),
	(92, 68, 20.70, '2024-04-18 22:03:05'),
	(93, 69, 22.10, '2024-05-21 05:51:04'),
	(94, 70, 22.10, '2024-05-21 05:57:37'),
	(95, 71, 13.20, '2024-05-21 06:00:27'),
	(96, 63, 100.00, '2024-05-27 09:47:01'),
	(97, 72, 56.02, '2024-06-08 13:26:59'),
	(98, 73, 56.02, '2024-06-08 13:27:12'),
	(99, 74, 56.02, '2024-06-08 13:28:21'),
	(100, 75, 55.00, '2024-06-08 13:29:39'),
	(101, 76, 55.00, '2024-06-08 13:30:58'),
	(102, 77, 55.00, '2024-06-08 13:31:19'),
	(103, 78, 25.00, '2024-06-08 13:33:51'),
	(104, 79, 25.00, '2024-06-08 13:34:37'),
	(105, 80, 25.00, '2024-06-08 13:34:53'),
	(106, 81, 45.00, '2024-06-08 13:35:19'),
	(107, 82, 45.00, '2024-06-08 13:35:25'),
	(108, 83, 48.00, '2024-06-08 13:56:15'),
	(109, 84, 79.00, '2024-06-09 05:07:03'),
	(110, 85, 79.00, '2024-06-09 05:18:54'),
	(111, 1, 55.00, '2024-06-10 13:52:41'),
	(112, 1, 155.00, '2024-06-10 14:11:24'),
	(113, 1, 40.00, '2024-06-10 14:18:05'),
	(114, 1, 50.00, '2024-06-11 09:46:57'),
	(115, 63, 55.00, '2024-06-11 09:48:30'),
	(116, 1, 30.00, '2024-06-11 09:50:35'),
	(117, 86, 75.99, '2024-07-02 13:18:53'),
	(118, 87, 55.00, '2024-07-02 13:20:52'),
	(119, 79, 33.00, '2024-07-04 16:35:37'),
	(120, 75, 52.00, '2024-07-04 16:47:36'),
	(121, 87, 46.00, '2024-07-04 16:52:29'),
	(122, 88, 87.00, '2024-07-04 16:57:47'),
	(123, 89, 77.00, '2024-07-04 16:58:35'),
	(124, 90, 23.99, '2024-07-22 18:14:53'),
	(125, 90, 12.08, '2024-07-22 18:15:39'),
	(126, 4, 56.81, '2025-02-18 16:20:41'),
	(127, 3, 56.79, '2025-02-18 16:51:24'),
	(128, 91, 25.00, '2025-02-18 16:58:40'),
	(129, 92, 40.00, '2025-02-18 17:00:02'),
	(130, 93, 33.00, '2025-02-18 17:01:49'),
	(131, 94, 32.00, '2025-02-18 17:05:57'),
	(132, 95, 32.00, '2025-02-18 17:06:44'),
	(133, 96, 36.00, '2025-02-18 17:08:29'),
	(134, 97, 145.00, '2025-02-18 17:09:55'),
	(135, 98, 47.00, '2025-02-18 17:11:22'),
	(136, 99, 12.00, '2025-02-18 17:12:52');

-- Dumping structure for table iva.cart
DROP TABLE IF EXISTS `cart`;
CREATE TABLE IF NOT EXISTS `cart` (
  `cart_id` int unsigned NOT NULL AUTO_INCREMENT,
  `user_id` int unsigned NOT NULL DEFAULT '0',
  `created_at` timestamp NOT NULL DEFAULT CURRENT_TIMESTAMP,
  PRIMARY KEY (`cart_id`),
  KEY `fk_cart_user_id` (`user_id`),
  CONSTRAINT `fk_cart_user_id` FOREIGN KEY (`user_id`) REFERENCES `user` (`user_id`) ON UPDATE CASCADE
) ENGINE=InnoDB AUTO_INCREMENT=93 DEFAULT CHARSET=utf8mb3 COLLATE=utf8mb3_unicode_ci;

-- Dumping data for table iva.cart: ~73 rows (approximately)
DELETE FROM `cart`;
INSERT INTO `cart` (`cart_id`, `user_id`, `created_at`) VALUES
	(1, 3, '2023-12-19 09:03:03'),
	(2, 3, '2023-12-19 09:10:58'),
	(3, 3, '2023-12-19 10:49:13'),
	(4, 3, '2023-12-19 10:51:46'),
	(5, 3, '2023-12-19 10:52:44'),
	(6, 18, '2024-01-13 15:58:30'),
	(7, 18, '2024-01-13 16:20:31'),
	(8, 18, '2024-01-14 07:45:05'),
	(9, 18, '2024-01-14 17:55:09'),
	(10, 18, '2024-01-14 18:49:31'),
	(11, 18, '2024-01-14 18:50:31'),
	(12, 18, '2024-01-15 07:08:53'),
	(13, 18, '2024-01-15 07:09:53'),
	(14, 18, '2024-01-15 07:10:20'),
	(15, 18, '2024-01-15 07:14:59'),
	(16, 18, '2024-01-15 07:16:34'),
	(17, 18, '2024-01-15 07:17:01'),
	(18, 18, '2024-01-15 07:53:33'),
	(19, 18, '2024-01-15 08:06:32'),
	(20, 25, '2024-01-15 08:07:33'),
	(21, 25, '2024-07-03 12:13:57'),
	(22, 30, '2024-04-15 06:44:54'),
	(23, 30, '2024-04-16 07:03:41'),
	(24, 30, '2024-04-16 07:04:30'),
	(25, 30, '2024-04-16 07:05:52'),
	(26, 30, '2024-04-16 07:06:19'),
	(27, 30, '2024-04-16 07:20:35'),
	(28, 30, '2024-04-16 07:36:56'),
	(29, 30, '2024-04-16 07:42:58'),
	(30, 30, '2024-04-17 16:21:32'),
	(31, 33, '2024-04-18 10:31:10'),
	(32, 33, '2024-04-18 10:35:19'),
	(33, 33, '2024-04-18 10:40:27'),
	(34, 33, '2024-04-18 10:40:42'),
	(35, 33, '2024-04-18 21:43:56'),
	(36, 30, '2024-05-21 07:38:53'),
	(37, 30, '2024-05-27 12:23:26'),
	(38, 30, '2024-05-27 14:53:49'),
	(39, 30, '2024-05-27 15:07:52'),
	(40, 30, '2024-05-27 15:11:34'),
	(41, 30, '2024-05-29 13:01:40'),
	(42, 30, '2024-05-29 13:11:06'),
	(43, 30, '2024-05-29 13:19:42'),
	(44, 30, '2024-05-29 13:34:52'),
	(45, 30, '2024-06-13 10:38:35'),
	(46, 30, '2024-06-13 12:35:33'),
	(47, 30, '2024-06-13 12:35:35'),
	(48, 25, '2024-07-03 12:39:14'),
	(49, 25, '2024-07-05 10:44:12'),
	(50, 25, '2024-07-22 14:06:25'),
	(51, 25, '2024-07-22 14:07:20'),
	(52, 25, '2024-07-22 14:42:46'),
	(53, 25, '2024-07-22 14:42:46'),
	(54, 25, '2024-07-22 14:48:25'),
	(55, 25, '2024-07-22 14:48:25'),
	(56, 25, '2024-07-22 15:00:22'),
	(57, 25, '2024-07-22 15:06:05'),
	(58, 25, '2024-07-22 15:06:05'),
	(59, 25, '2024-07-22 15:08:52'),
	(60, 25, '2024-07-22 15:10:36'),
	(61, 25, '2024-07-22 15:40:14'),
	(62, 25, '2024-07-22 15:42:49'),
	(63, 25, '2024-07-22 16:25:33'),
	(64, 25, '2024-07-22 18:25:55'),
	(65, 25, '2024-07-22 18:42:00'),
	(66, 25, '2024-07-22 19:14:11'),
	(67, 25, '2024-07-23 05:50:44'),
	(68, 25, '2024-07-23 06:03:46'),
	(69, 25, '2024-07-23 08:08:27'),
	(70, 25, '2024-08-01 19:11:48'),
	(71, 25, '2024-08-09 11:26:10'),
	(72, 25, '2024-08-09 15:38:23'),
	(73, 25, '2024-08-09 15:38:22'),
	(74, 25, '2024-08-14 11:03:45'),
	(75, 25, '2025-02-13 15:05:09'),
	(76, 25, '2025-02-13 15:05:34'),
	(77, 25, '2025-02-13 15:08:43'),
	(78, 25, '2025-02-13 15:09:09'),
	(79, 25, '2025-02-13 15:09:54'),
	(80, 25, '2025-02-18 09:32:18'),
	(81, 25, '2025-02-18 09:32:18'),
	(82, 25, '2025-02-18 11:20:25'),
	(83, 25, '2025-02-18 12:00:46'),
	(84, 25, '2025-02-18 12:17:09'),
	(85, 25, '2025-02-18 12:17:09'),
	(86, 25, '2025-02-18 12:26:08'),
	(87, 25, '2025-02-18 12:33:26'),
	(88, 25, '2025-02-18 15:12:17'),
	(89, 25, '2025-02-18 15:12:18'),
	(90, 36, '2025-02-19 08:09:21'),
	(91, 37, '2025-02-19 08:33:13'),
	(92, 37, '2025-02-19 08:33:14');

-- Dumping structure for table iva.cart_article
DROP TABLE IF EXISTS `cart_article`;
CREATE TABLE IF NOT EXISTS `cart_article` (
  `car_article_id` int unsigned NOT NULL AUTO_INCREMENT,
  `cart_id` int unsigned NOT NULL DEFAULT '0',
  `article_id` int unsigned NOT NULL DEFAULT '0',
  `quantity` int unsigned NOT NULL DEFAULT '0',
  PRIMARY KEY (`car_article_id`),
  UNIQUE KEY `uq_cart_article_cart_id_article_id` (`cart_id`,`article_id`),
  KEY `fk_cart_article_article_id` (`article_id`),
  CONSTRAINT `fk_cart_article_article_id` FOREIGN KEY (`article_id`) REFERENCES `article` (`article_id`) ON UPDATE CASCADE,
  CONSTRAINT `fk_cart_article_cart_id` FOREIGN KEY (`cart_id`) REFERENCES `cart` (`cart_id`) ON UPDATE CASCADE
) ENGINE=InnoDB AUTO_INCREMENT=385 DEFAULT CHARSET=utf8mb3 COLLATE=utf8mb3_unicode_ci;

-- Dumping data for table iva.cart_article: ~141 rows (approximately)
DELETE FROM `cart_article`;
INSERT INTO `cart_article` (`car_article_id`, `cart_id`, `article_id`, `quantity`) VALUES
	(1, 1, 1, 4),
	(2, 1, 2, 2),
	(6, 3, 2, 2),
	(7, 4, 1, 1),
	(8, 6, 2, 6),
	(11, 7, 2, 2),
	(12, 8, 2, 1),
	(13, 9, 2, 1),
	(14, 9, 1, 4),
	(15, 10, 1, 4),
	(16, 11, 1, 4),
	(17, 12, 1, 4),
	(18, 13, 1, 4),
	(19, 14, 1, 4),
	(20, 15, 1, 4),
	(21, 16, 1, 4),
	(22, 17, 1, 4),
	(23, 18, 1, 4),
	(24, 19, 1, 4),
	(25, 20, 1, 4),
	(38, 22, 25, 3),
	(39, 22, 26, 1),
	(40, 23, 26, 1),
	(41, 23, 27, 1),
	(42, 24, 26, 1),
	(43, 25, 27, 2),
	(46, 26, 37, 6),
	(47, 26, 19, 4),
	(48, 26, 20, 1),
	(49, 26, 21, 2),
	(50, 26, 35, 2),
	(51, 27, 19, 3),
	(54, 28, 16, 1),
	(69, 29, 34, 4),
	(75, 31, 38, 1),
	(78, 32, 37, 1),
	(79, 33, 38, 1),
	(86, 34, 53, 1),
	(128, 30, 64, 1),
	(129, 30, 63, 1),
	(158, 36, 46, 1),
	(159, 36, 37, 1),
	(160, 37, 63, 1),
	(161, 38, 46, 1),
	(162, 39, 41, 1),
	(163, 39, 46, 2),
	(165, 40, 63, 2),
	(166, 41, 41, 5),
	(167, 42, 63, 3),
	(168, 43, 63, 3),
	(169, 44, 63, 3),
	(177, 45, 46, 2),
	(178, 45, 37, 1),
	(179, 45, 41, 1),
	(180, 46, 46, 1),
	(181, 46, 37, 1),
	(182, 46, 41, 1),
	(183, 46, 38, 1),
	(184, 46, 42, 1),
	(204, 21, 46, 1),
	(205, 21, 37, 1),
	(206, 21, 41, 1),
	(207, 48, 56, 1),
	(208, 48, 60, 2),
	(209, 49, 66, 2),
	(222, 50, 41, 2),
	(223, 50, 46, 13),
	(224, 50, 60, 1),
	(225, 50, 37, 2),
	(226, 50, 43, 10),
	(227, 51, 43, 12),
	(236, 52, 63, 1),
	(237, 54, 41, 2),
	(238, 54, 56, 3),
	(239, 54, 58, 1),
	(240, 54, 47, 1),
	(241, 54, 65, 2),
	(242, 56, 60, 1),
	(243, 57, 46, 3),
	(244, 57, 37, 2),
	(245, 57, 41, 2),
	(246, 59, 43, 12),
	(248, 60, 46, 1),
	(252, 61, 37, 11),
	(253, 62, 80, 4),
	(254, 63, 63, 1),
	(256, 63, 78, 1),
	(263, 64, 41, 2),
	(264, 64, 56, 1),
	(266, 65, 78, 2),
	(267, 65, 42, 2),
	(273, 66, 41, 2),
	(274, 66, 65, 2),
	(275, 66, 46, 2),
	(285, 67, 60, 1),
	(298, 68, 46, 1),
	(299, 69, 77, 3),
	(300, 69, 36, 3),
	(301, 70, 41, 1),
	(302, 70, 46, 3),
	(304, 71, 65, 1),
	(305, 72, 87, 4),
	(306, 72, 46, 2),
	(308, 74, 85, 4),
	(313, 75, 1, 3),
	(314, 75, 52, 2),
	(315, 75, 61, 3),
	(316, 75, 56, 3),
	(317, 76, 41, 1),
	(318, 76, 56, 2),
	(319, 77, 65, 1),
	(320, 78, 46, 1),
	(321, 78, 37, 2),
	(322, 79, 47, 5),
	(324, 80, 64, 1),
	(325, 80, 65, 1),
	(326, 82, 41, 5),
	(327, 82, 47, 1),
	(328, 82, 50, 1),
	(329, 82, 69, 5),
	(330, 82, 40, 1),
	(331, 82, 60, 7),
	(332, 82, 63, 1),
	(333, 82, 65, 1),
	(334, 82, 46, 2),
	(335, 82, 43, 12),
	(339, 83, 56, 1),
	(341, 83, 64, 1),
	(344, 84, 56, 3),
	(345, 84, 41, 1),
	(346, 84, 65, 1),
	(347, 84, 63, 1),
	(349, 86, 47, 1),
	(350, 86, 48, 1),
	(351, 86, 60, 1),
	(360, 87, 65, 2),
	(361, 87, 64, 2),
	(372, 88, 60, 3),
	(373, 88, 63, 2),
	(374, 88, 41, 1),
	(375, 88, 56, 2),
	(376, 88, 46, 8),
	(377, 89, 46, 1),
	(378, 89, 60, 4),
	(379, 89, 56, 4),
	(380, 89, 37, 1),
	(381, 89, 59, 1),
	(382, 89, 63, 2),
	(384, 91, 46, 1);

-- Dumping structure for table iva.category
DROP TABLE IF EXISTS `category`;
CREATE TABLE IF NOT EXISTS `category` (
  `category_id` int unsigned NOT NULL AUTO_INCREMENT,
  `name` varchar(32) COLLATE utf8mb3_unicode_ci NOT NULL DEFAULT '0',
  `image_path` varchar(128) COLLATE utf8mb3_unicode_ci NOT NULL DEFAULT '0',
  `parent__category_id` int unsigned DEFAULT NULL,
  PRIMARY KEY (`category_id`),
  UNIQUE KEY `uq_category_name` (`name`),
  UNIQUE KEY `uq_category_image_path` (`image_path`),
  KEY `fk_category_parent__category_id` (`parent__category_id`),
  CONSTRAINT `fk_category_parent__category_id` FOREIGN KEY (`parent__category_id`) REFERENCES `category` (`category_id`) ON UPDATE CASCADE
) ENGINE=InnoDB AUTO_INCREMENT=46 DEFAULT CHARSET=utf8mb3 COLLATE=utf8mb3_unicode_ci;

-- Dumping data for table iva.category: ~18 rows (approximately)
DELETE FROM `category`;
INSERT INTO `category` (`category_id`, `name`, `image_path`, `parent__category_id`) VALUES
	(1, 'Kozmetika', 'kozmetika200-ikonica.png', NULL),
	(2, 'Aparati', 'aparati200-ikonica.png', NULL),
	(3, 'Lice', '', 1),
	(4, 'Tjelo', 'ssss.png', 1),
	(5, 'Neka kategorija', 'neka/putanja/hdd.png', 4),
	(6, 'Dentalni preparati', 'dentalna200-ikonica.png', NULL),
	(7, 'Dijetski suplementi', 'dijetski_suplementi200-ikonica.png', NULL),
	(8, 'Cajevi i tinkture', 'cajevi-tinkture200-ikonica.png', NULL),
	(9, 'Mama i beba', 'mama-beba200-ikonica.png', NULL),
	(10, 'Anatomska obuća', 'obuca200-ikonica.png', NULL),
	(11, 'Ortopedska pomagala', 'ortopedska-pomagala200-ikonica.png', NULL),
	(12, 'Prva pomoć', 'prva-pomoc200-ikonica.png', NULL),
	(13, 'Kosa', '1', 1),
	(17, 'Pelene i kozmetika za bebe', '0', 9),
	(37, 'Nova kategorija', 'http://slike.com/novaAa.jpg', 3),
	(41, 'Nova', 'http://slike.com/novaSlikaaa.jpg', 1),
	(42, 'Preparati', 'neka\\putanja\\putanja\\neka', 1),
	(45, 'Kategorija Nova Nova', 'mamaa-beba200-ikonica.png', 12);

-- Dumping structure for table iva.feature
DROP TABLE IF EXISTS `feature`;
CREATE TABLE IF NOT EXISTS `feature` (
  `feature_id` int unsigned NOT NULL AUTO_INCREMENT,
  `name` varchar(32) COLLATE utf8mb3_unicode_ci NOT NULL DEFAULT '0',
  `category_id` int unsigned NOT NULL DEFAULT '0',
  PRIMARY KEY (`feature_id`),
  UNIQUE KEY `uq_feature_name_category_id` (`name`,`category_id`),
  KEY `fk_feature_category_id` (`category_id`),
  CONSTRAINT `fk_feature_category_id` FOREIGN KEY (`category_id`) REFERENCES `category` (`category_id`) ON UPDATE CASCADE
) ENGINE=InnoDB AUTO_INCREMENT=29 DEFAULT CHARSET=utf8mb3 COLLATE=utf8mb3_unicode_ci;

-- Dumping data for table iva.feature: ~26 rows (approximately)
DELETE FROM `feature`;
INSERT INTO `feature` (`feature_id`, `name`, `category_id`) VALUES
	(6, 'Brend', 1),
	(9, 'Brend', 4),
	(7, 'Brend', 5),
	(17, 'Brend', 9),
	(14, 'Brend', 10),
	(18, 'Brend', 13),
	(20, 'Brend', 17),
	(28, 'Brend', 45),
	(2, 'Kolicina', 1),
	(8, 'Kolicina', 4),
	(1, 'Kolicina', 5),
	(27, 'Kolicina', 9),
	(19, 'Kolicina', 13),
	(25, 'Kolicina', 37),
	(26, 'Kolicine', 41),
	(10, 'Neki Napon3', 10),
	(11, 'Neki Naponss3', 10),
	(22, 'Nova osobina', 5),
	(24, 'Nove osobine', 1),
	(15, 'Operativni sistemi', 3),
	(3, 'Osobina', 5),
	(5, 'Proizvodjac', 2),
	(12, 'Proizvodjac', 3),
	(23, 'Velicina', 1),
	(16, 'Velicina', 9),
	(21, 'velicine', 17);

-- Dumping structure for table iva.order
DROP TABLE IF EXISTS `order`;
CREATE TABLE IF NOT EXISTS `order` (
  `order_id` int unsigned NOT NULL AUTO_INCREMENT,
  `created_at` timestamp NOT NULL DEFAULT CURRENT_TIMESTAMP,
  `cart_id` int unsigned NOT NULL DEFAULT '0',
  `status` enum('rejected','accepted','shipped','pending') COLLATE utf8mb3_unicode_ci NOT NULL DEFAULT 'pending',
  PRIMARY KEY (`order_id`),
  UNIQUE KEY `uq_order_cart_id` (`cart_id`),
  CONSTRAINT `fk_order_cart_id` FOREIGN KEY (`cart_id`) REFERENCES `cart` (`cart_id`) ON UPDATE CASCADE
) ENGINE=InnoDB AUTO_INCREMENT=83 DEFAULT CHARSET=utf8mb3 COLLATE=utf8mb3_unicode_ci;

-- Dumping data for table iva.order: ~64 rows (approximately)
DELETE FROM `order`;
INSERT INTO `order` (`order_id`, `created_at`, `cart_id`, `status`) VALUES
	(1, '2023-12-19 09:09:53', 1, 'shipped'),
	(2, '2023-12-19 10:47:50', 2, 'shipped'),
	(3, '2023-12-19 10:50:17', 3, 'shipped'),
	(4, '2023-12-19 10:52:33', 4, 'rejected'),
	(7, '2024-01-13 16:19:57', 6, 'shipped'),
	(9, '2024-01-14 07:44:13', 7, 'shipped'),
	(10, '2024-01-14 07:45:32', 8, 'rejected'),
	(11, '2024-01-14 18:41:06', 9, 'shipped'),
	(12, '2024-01-14 18:49:46', 10, 'shipped'),
	(13, '2024-01-14 18:50:41', 11, 'shipped'),
	(14, '2024-01-15 07:09:02', 12, 'accepted'),
	(15, '2024-01-15 07:09:58', 13, 'accepted'),
	(16, '2024-01-15 07:10:23', 14, 'accepted'),
	(17, '2024-01-15 07:15:01', 15, 'rejected'),
	(18, '2024-01-15 07:16:36', 16, 'accepted'),
	(19, '2024-01-15 07:17:03', 17, 'accepted'),
	(20, '2024-01-15 07:53:38', 18, 'accepted'),
	(21, '2024-01-15 08:07:54', 20, 'shipped'),
	(22, '2024-04-16 07:03:39', 22, 'pending'),
	(23, '2024-04-16 07:04:29', 23, 'accepted'),
	(24, '2024-04-16 07:05:51', 24, 'pending'),
	(25, '2024-04-16 07:06:18', 25, 'pending'),
	(26, '2024-04-16 07:20:34', 26, 'pending'),
	(27, '2024-04-16 07:36:55', 27, 'pending'),
	(28, '2024-04-16 07:42:57', 28, 'pending'),
	(29, '2024-04-17 16:21:29', 29, 'pending'),
	(30, '2024-04-18 10:35:18', 31, 'pending'),
	(31, '2024-04-18 10:40:26', 32, 'pending'),
	(32, '2024-04-18 10:40:41', 33, 'pending'),
	(33, '2024-04-18 21:43:54', 34, 'pending'),
	(34, '2024-05-21 07:38:51', 30, 'pending'),
	(35, '2024-05-27 12:17:49', 36, 'pending'),
	(36, '2024-05-27 12:23:26', 37, 'shipped'),
	(37, '2024-05-27 14:53:49', 38, 'accepted'),
	(38, '2024-05-27 15:07:52', 39, 'pending'),
	(39, '2024-05-27 15:11:34', 40, 'shipped'),
	(40, '2024-05-29 13:01:40', 41, 'pending'),
	(41, '2024-05-29 13:11:06', 42, 'pending'),
	(42, '2024-05-29 13:19:42', 43, 'pending'),
	(43, '2024-05-29 13:34:52', 44, 'pending'),
	(44, '2024-06-13 10:38:35', 45, 'shipped'),
	(45, '2024-06-13 12:35:33', 46, 'accepted'),
	(46, '2024-07-03 12:13:56', 21, 'pending'),
	(47, '2024-07-03 12:39:14', 48, 'accepted'),
	(48, '2024-07-05 10:44:11', 49, 'shipped'),
	(49, '2024-07-22 14:06:24', 50, 'pending'),
	(50, '2024-07-22 14:07:20', 51, 'pending'),
	(51, '2024-07-22 14:42:46', 52, 'pending'),
	(52, '2024-07-22 14:48:24', 54, 'pending'),
	(53, '2024-07-22 15:00:21', 56, 'pending'),
	(54, '2024-07-22 15:06:04', 57, 'pending'),
	(55, '2024-07-22 15:08:52', 59, 'pending'),
	(56, '2024-07-22 15:10:36', 60, 'shipped'),
	(57, '2024-07-22 15:40:13', 61, 'pending'),
	(58, '2024-07-22 15:42:48', 62, 'pending'),
	(59, '2024-07-22 16:25:33', 63, 'pending'),
	(60, '2024-07-22 18:25:54', 64, 'shipped'),
	(61, '2024-07-22 18:42:00', 65, 'shipped'),
	(62, '2024-07-22 19:14:11', 66, 'shipped'),
	(63, '2024-07-23 05:50:44', 67, 'pending'),
	(64, '2024-07-23 06:03:46', 68, 'pending'),
	(65, '2024-07-23 08:08:26', 69, 'accepted'),
	(66, '2024-08-01 19:11:47', 70, 'shipped'),
	(67, '2024-08-09 11:26:09', 71, 'pending'),
	(68, '2024-08-09 15:38:22', 72, 'accepted'),
	(69, '2024-08-14 11:03:45', 74, 'shipped'),
	(70, '2025-02-13 15:05:08', 75, 'pending'),
	(71, '2025-02-13 15:05:34', 76, 'pending'),
	(72, '2025-02-13 15:08:43', 77, 'pending'),
	(73, '2025-02-13 15:09:08', 78, 'pending'),
	(74, '2025-02-13 15:09:54', 79, 'pending'),
	(75, '2025-02-18 09:32:17', 80, 'pending'),
	(76, '2025-02-18 11:20:24', 82, 'pending'),
	(77, '2025-02-18 12:00:45', 83, 'pending'),
	(78, '2025-02-18 12:17:08', 84, 'pending'),
	(79, '2025-02-18 12:26:08', 86, 'rejected'),
	(80, '2025-02-18 12:33:26', 87, 'accepted'),
	(81, '2025-02-18 15:12:17', 88, 'rejected'),
	(82, '2025-02-19 08:33:13', 91, 'pending');

-- Dumping structure for table iva.photo
DROP TABLE IF EXISTS `photo`;
CREATE TABLE IF NOT EXISTS `photo` (
  `photo_id` int unsigned NOT NULL AUTO_INCREMENT,
  `article_id` int unsigned NOT NULL DEFAULT '0',
  `image_path` varchar(128) COLLATE utf8mb3_unicode_ci NOT NULL DEFAULT '0',
  PRIMARY KEY (`photo_id`),
  UNIQUE KEY `uq_photo_image_path` (`image_path`),
  KEY `fk_photo_article_id` (`article_id`),
  CONSTRAINT `fk_photo_article_id` FOREIGN KEY (`article_id`) REFERENCES `article` (`article_id`) ON UPDATE CASCADE
) ENGINE=InnoDB AUTO_INCREMENT=203 DEFAULT CHARSET=utf8mb3 COLLATE=utf8mb3_unicode_ci;

-- Dumping data for table iva.photo: ~94 rows (approximately)
DELETE FROM `photo`;
INSERT INTO `photo` (`photo_id`, `article_id`, `image_path`) VALUES
	(17, 35, '2024322-4557964821-hard-disk2.jpg'),
	(19, 35, '2024326-2386112363-microl-toplomer-dig-mt710-zaba.jpg'),
	(21, 3, '2024326-0538511123-bp-a1-easy.jpg'),
	(26, 17, '2024326-8631434724-microlife-nc200.jpg'),
	(27, 18, '2024326-6927567824-microl-toplomer-dig-mt710-zaba.jpg'),
	(29, 3, '2024326-5254557675-microlife-nc400.jpg'),
	(30, 36, '2024326-5246422456-microlife-nc400.jpg'),
	(31, 36, '2024330-5726824913-neb-400_net.jpg'),
	(34, 17, '2024330-9524188761-microlife-nc200.jpg'),
	(35, 35, '202442-4876471594-microl-toplomer-dig-mt710-zaba.jpg'),
	(36, 17, '202442-5517663288-microlife-nc200.jpg'),
	(37, 5, '202448-5139329188-bp-b3-afib.jpg'),
	(38, 26, '202449-5735835264-microlife-nc400.jpg'),
	(39, 27, '202449-7165016483-neb-400_net.jpg'),
	(40, 28, '202449-5682659435-neb-400_net.jpg'),
	(41, 29, '202449-6094051386-neb-400_net.jpg'),
	(42, 34, '202449-6856384242-neb-400_net.jpg'),
	(43, 35, '202449-3858694521-microlife-nc200.jpg'),
	(44, 36, '202449-3335570173-microlife-nc200.jpg'),
	(46, 2, '202449-6798624592-microlife-nc200.jpg'),
	(47, 25, '202449-8631077237-microlife-nc200.jpg'),
	(50, 25, '202449-7838674011-microl-toplomer-dig-mt710-zaba.jpg'),
	(51, 26, '202449-7181133202-microlife-nc200.jpg'),
	(52, 27, '202449-0888379854-microlife-nc400.jpg'),
	(53, 28, '202449-8242897108-mt_16f1-rbm.jpg'),
	(54, 29, '202449-0702765752-neb-400_net.jpg'),
	(55, 34, '202449-3612312785-bp-a1-easy.jpg'),
	(56, 35, '202449-4490477401-bp-b3-afib.jpg'),
	(57, 36, '202449-1570787096-microlife-nc400.jpg'),
	(58, 36, '2024417-2683194601-moja-prirodna-kozmetika-maska-za-kosu-250ml-cene.jpg'),
	(59, 37, '2024417-6772584175-moja-prirodna-kozmetika-maska-za-kosu-250ml-cene.jpg'),
	(60, 37, '2024417-8167870137-elizabeth-arden-visible-difference-moisture-body-care-300ml-zenska-kozmetika.jpg'),
	(61, 38, '2024417-6634917325-elizabeth-arden-visible-difference-moisture-body-care-300ml-zenska-kozmetika.jpg'),
	(62, 38, '2024417-1853448203-1401572178elizabeth-arden-eight-hour-cream-body-50ml-zenska-krema.jpg'),
	(64, 40, '2024417-2248497842-frudia-maska-blueberry-hydrating-20ml-cene.jpg'),
	(65, 41, '2024417-7388351538-images.jpg'),
	(66, 42, '2024418-8888746454-325863768_688617756334869_6520958066613614606_n.jpg'),
	(67, 43, '2024418-3884215843-koreni.png'),
	(68, 44, '2024418-1886284830-koreni.png'),
	(69, 45, '2024418-8383726853-serumautozaautoliceautofloraautolavanda-600x600.jpg'),
	(70, 46, '2024418-6199212550-0107305_w_800_800px.jpg'),
	(71, 47, '2024418-8792624736-novi-body-lotion.jpg'),
	(72, 48, '2024418-3475033813-novi-body-lotion.jpg'),
	(73, 49, '2024418-1100676794-259526002.jpg'),
	(74, 50, '2024418-5884996814-1003009782_21_80503.jpg'),
	(75, 51, '2024418-6658144125-buter-za-telo.jpg'),
	(76, 19, '2024418-6762567314-buter-za-telo.jpg'),
	(77, 20, '2024418-2140328593-ccd2-coconut-mleko-250-450x520a-450x520-0-2-450x520.jpg'),
	(78, 21, '2024418-5751651237-gold-serum-4.jpg'),
	(79, 52, '2024418-5585678341-violeta_double_care_air_dry_5_160_ananas_online_800x800.jpg'),
	(80, 53, '2024418-4748776444-violeta_double_care_air_dry_5_160_ananas_online_800x800.jpg'),
	(81, 54, '2024418-4637456122-dc1e3b92466e3cee7b1f37a68ddcf3d1.jpg'),
	(82, 55, '2024418-1397741223-5.png'),
	(83, 56, '2024418-8183408298-3073035_20190217020220_5c68b774b789684e9f0a8c99jpeg_ls.jpg'),
	(84, 57, '2024418-1257432033-a038529.jpg'),
	(85, 58, '2024418-7894365721-bambo-magic-pelene-za-kupanje-s-velicina-0.jpg'),
	(86, 59, '2024418-7863328685-a045613_350_525px.jpg'),
	(87, 60, '2024418-1815278112-azeta-ulje-breskva-600x600.jpg'),
	(88, 61, '2024418-6469843253-133908548_622f257fe69f16-83837021image-600x600.jpg'),
	(89, 62, '2024418-9225983685-naif-blog-naslovna.jpg'),
	(90, 63, '2024418-8188311981-prirodna-kozmetika-za-bebe-fitaky-880x880-1.jpg'),
	(91, 64, '2024418-4631288662-babylove-mama-ulje-za-telo-250-ml-cene.jpg'),
	(92, 65, '2024418-6671343203-kupka-za-bebe-250ml-re-cene.jpg'),
	(93, 66, '2024418-9076598666-weledahippo-productlarge.jpg'),
	(94, 67, '2024418-8473558805-adrialab-1200x700_61092230298a9_1200xr.jpg'),
	(95, 68, '2024419-2833087673-majushka-baby-kids-banner-1200-x-1200-min.png'),
	(96, 69, '2024521-4459227166-mleko-za-telo2.jpg'),
	(97, 70, '2024521-5322301688-618e783791ac4_hranljivi-losion-za-telo-34993.jpg'),
	(98, 71, '2024521-7818852542-hyaluron-clinic.png'),
	(99, 85, '202469-3570215407-kozmetika.jpg'),
	(100, 16, '2024611-1497825149-1401572178elizabeth-arden-eight-hour-cream-body-50ml-zenska-krema.jpg'),
	(101, 16, '2024611-3456862898-moja-prirodna-kozmetika-maska-za-kosu-250ml-cene.jpg'),
	(102, 4, '2024611-4557635393-neb-400_net.jpg'),
	(110, 83, '2024611-1557747278-microlife-nc400.jpg'),
	(111, 46, '2024612-6591032324-1401572178elizabeth-arden-eight-hour-cream-body-50ml-zenska-krema.jpg'),
	(169, 78, '202474-2475247958-f165b-serum-lepote-za-lice-sa-sluzom-puza-ruska-prirodna-kozmetika-floresan-30-ml.jpg'),
	(170, 80, '202474-1910577391-polish_20230426_121117763.png'),
	(171, 79, '202474-6514111121-polish_20230426_121117763.png'),
	(172, 39, '202474-6311180211-f165b-serum-lepote-za-lice-sa-sluzom-puza-ruska-prirodna-kozmetika-floresan-30-ml.jpg'),
	(173, 75, '202474-2685188615-neem-ulje-gana-kozmetika-30-ml.jpg'),
	(174, 76, '202474-6514330519-body-detox-slimming-gel-1.jpg'),
	(175, 77, '202474-5561138565-f165b-serum-lepote-za-lice-sa-sluzom-puza-ruska-prirodna-kozmetika-floresan-30-ml.jpg'),
	(176, 72, '202474-7663217174-polish_20230426_121117763.png'),
	(177, 87, '202474-2141779623-body-detox-slimming-gel-1.jpg'),
	(178, 73, '202474-7813288344-f165b-serum-lepote-za-lice-sa-sluzom-puza-ruska-prirodna-kozmetika-floresan-30-ml.jpg'),
	(179, 74, '202474-7974257643-f165b-serum-lepote-za-lice-sa-sluzom-puza-ruska-prirodna-kozmetika-floresan-30-ml.jpg'),
	(180, 86, '202474-2734649910-body-detox-slimming-gel-1.jpg'),
	(181, 88, '202474-3955674962-f165b-serum-lepote-za-lice-sa-sluzom-puza-ruska-prirodna-kozmetika-floresan-30-ml.jpg'),
	(182, 89, '202474-5446652264-neem-ulje-gana-kozmetika-30-ml.jpg'),
	(183, 1, '2024720-0078727216-f165b-serum-lepote-za-lice-sa-sluzom-puza-ruska-prirodna-kozmetika-floresan-30-ml.jpg'),
	(184, 84, '2024722-6953096382-00004.111.111.jpg'),
	(185, 84, '2024722-4731075182-00031.111.111.jpg'),
	(186, 84, '2024722-8984107407-00033.111.111.jpg'),
	(187, 84, '2024722-5642932686-00085.111.111.jpg'),
	(188, 90, '2024722-7682254194-00063.111.111.jpg'),
	(189, 90, '2024722-2572282802-00032.111.111.jpg'),
	(190, 1, '202489-6482407767-body-detox-slimming-gel-1.jpg'),
	(191, 56, '2025218-7935317333-pelene.png'),
	(192, 82, '2025218-2144040849-pelene.png'),
	(193, 81, '2025218-1136313324-pelene.png'),
	(194, 91, '2025218-0282905947-202449-3612312785-bp-a1-easy.jpg'),
	(195, 92, '2025218-2579165325-2024612-7611584513-aparat2.jpg'),
	(196, 93, '2025218-5467388523-dental.png'),
	(197, 94, '2025218-6730331639-dental.png'),
	(198, 95, '2025218-1152124123-dental.png'),
	(199, 96, '2025218-9473567463-sandale.jpg'),
	(200, 97, '2025218-4678453249-hodalica-sklopiva-siva-boja.png'),
	(201, 98, '2025218-5618116379-pomoc.jpg'),
	(202, 99, '2025218-1693473633-cet.jpg');

-- Dumping structure for table iva.user
DROP TABLE IF EXISTS `user`;
CREATE TABLE IF NOT EXISTS `user` (
  `user_id` int unsigned NOT NULL AUTO_INCREMENT,
  `email` varchar(255) COLLATE utf8mb3_unicode_ci NOT NULL DEFAULT '0',
  `password_hash` varchar(128) COLLATE utf8mb3_unicode_ci NOT NULL DEFAULT '0',
  `forname` varchar(64) COLLATE utf8mb3_unicode_ci NOT NULL DEFAULT '0',
  `surname` varchar(64) COLLATE utf8mb3_unicode_ci NOT NULL DEFAULT '0',
  `phone_number` varchar(24) COLLATE utf8mb3_unicode_ci NOT NULL DEFAULT '0',
  `postal_address` text COLLATE utf8mb3_unicode_ci NOT NULL,
  PRIMARY KEY (`user_id`),
  UNIQUE KEY `uq_user_email` (`email`),
  UNIQUE KEY `uq_user_phone_number` (`phone_number`)
) ENGINE=InnoDB AUTO_INCREMENT=38 DEFAULT CHARSET=utf8mb3 COLLATE=utf8mb3_unicode_ci;

-- Dumping data for table iva.user: ~19 rows (approximately)
DELETE FROM `user`;
INSERT INTO `user` (`user_id`, `email`, `password_hash`, `forname`, `surname`, `phone_number`, `postal_address`) VALUES
	(2, 'szrrr@yahoo.com', 'sda2232edsapodjsa', 'Pero', 'Petric', '+381332442', 'Bar'),
	(3, 'test@test.rs', 'DDAF35A193617ABACC417349AE20413112E6FA4E89A97EA20A9EEEE64B55D39A2192992A274FC1A836BA3C23A3FEEBBD454D4423643CE80E2A9AC94FA54CA49F', 'Pera', 'Peric', '+3816566666', 'Nepoznata adresa bb, Glavna Luka, Nedodjija'),
	(5, 'test123@test.rs', 'AAE34DCCBF4DB5B34E69B90BAFF5B8FD5D947EC5701CDD17DA0F3E25D37DF777AD828C8C2156754B8083CBD3221C5A93DE6C3B5191D45D2C4DC205D1CC095BC7', 'Milan', 'Milanovic', '+38165999999', 'Nova adresa bb, Glavna Luka, Nedodjija'),
	(6, 'test11@test.rs', '43E49A4DBA7B93027A7347AF82A8F497CDF7E8716971AB6440E13BC1AC9021227E15EDA5B0C45881FD36FC98998E805B262F2BD834BE08A82FD51DC8D988629A', 'Neki', 'Milanovic', '+381656436699', 'Nova adresa bb, Glavna Luka, Nedodjija'),
	(12, 'test3211@test.rs', 'C5F7FEFD72F867100DD626D533CD95D9C6DBA96B3B0E88C001FA45E65DED55DC7859934350401A145B1E28E45496F313DFF6A8A4ACEA56F8283B639C3F7721D7', 'Nesto', 'Milanovic', '+381656436694', 'Neka druga adresa bb, Glavna Luka, Nedodjija'),
	(13, 'test3212@test.rs', '406E972D52F2AECCD906113A7A807285B1D35C6050B7F7397C68982FCE8AC527596CF6D82FC5AA712DE013671F66A7CF6631EC188DEAA109609C5886372D4108', 'Forname', 'Neki', '+381656436655', 'Neka druga nova bb, Glavna Luka, Nedodjija'),
	(14, 'testneki@test.rs', '0F1CBF02510B6714C483462190F2059666D6A024693072E610F99EAE63572F671A1427DAB7AB1400EC727520CECF6E38F0DFAFDD21548A0050D362C833AF2BE9', 'User', 'Neki', '+381656436611', 'Neka treca nova bb, Glavna Luka, Nedodjija'),
	(15, 'mojtest@.com', '9258DBCAB69F1AFAD9EA18513F768D44CEE018D5DAF8A8A85DAE7D5D6D0D48DA8DE2F2C499557FEE9AB48CB8F3940511F9E37AA8664DB8162B93746FFD182703', 'Korisnik', 'Korisnik', '+3815555555', 'Neka Adresa Korisnika'),
	(18, 'mojKorisnik@yahoo.com', '532413957FADB3FB12F50FA23139D175FFBA5867B3D2A5FD3B56627EE7A06F55E19DD8A923FA98D72CAFE9C0E8D0F7E39DF12A9B38C696F8DB69B88F0CFBDB41', 'MojKorisnik', 'Korisnikd', '+38155555552', 'Neka Adresad Korisnika'),
	(20, 'mojmejld@yahoo.com', 'FF1201EA353EDA9856DAE7AC512E1D9D2C270FF69084093E4C0726D10C070A0AE9146A6C5E984731459A84CE9E8E9F28D904A1CA476237687938E98E0EAE59FE', 'Markod', 'Markovicd', '+381656436692', 'Adresa nova bbb'),
	(25, 'aneskostreba48@gmail.com', 'E0A9E88CF2665629E78EC1472E0F1045682F6F1A0855DBE7016E9415639C92F4B7B3CA48068FA921CD7F3DAB639E42877E5FC20E6DD38619D3C9D4C5EB747FEA', 'Aness', 'Kostrebaa', '+381656433611', '31300  Prijepolje'),
	(26, 'proba@proba.rs', '751BE1173DB6A5072C558A55167E785501FD4F89D097B82D617AFD21D077B4972449354D5312B707B8EDD8FC0DC7BD9A673E1A8B2AC5019A806A4F9B1DE31AD4', 'Proba', 'Test', '+381655555577', 'Neka moja adresa 41\n11000 Beograd\nR.Srbija'),
	(27, 'nekaadresa@adresa.rs', '6A35D1D0B506E0CAAF3A9D62DDD9A5F390E3AB5A8DEE7EA6A94EF3DC2C3AA05386044534D637F7EB8960027087D6D40D73F1548C4C10B68E6F0348BD5C469055', 'Adresa', 'Adresa', '+38166666666', 'Nova Adresa bb 31300'),
	(28, 'nekaadresS@proba.com', '0E1B11B0A3B840A81CDEF6B7E17DCFA6B5C221BF7DD03B1B84976F3366486E1EFC72A35E63DF30CB20F7F8B9D5F1515C5DE6473F84E409B5E9DC4D7451EF93BE', 'Broj', 'Broj', '+381656669967', 'Adresa Adresa 22'),
	(29, 'nekiNeki@neki.rs', '4360B986EF61E09CF628982C0747760EC7BDA74F2BF7D7D3674E03BBCED8E69BD84A38EA7FC26F972CEE929377301FB3A0E7376095F5EC2CFFBB624BBFC80687', 'Neki', 'Broj', '+38166321654', 'Neka Adresa Moja'),
	(30, 'aneskostreba8@gmail.com', '0144293F8C568525B1FFE681BE69FD7670060A82D076AF704DBD92AF1D57163ACD9C4D4A5F0918330613B2277DE0CA47E20B047BB8451797013E07A8ED1E7A05', 'AnesA', 'KostrebaA', '+381656433612', '31300  Prijepoljw'),
	(31, 'nekimejl@yahoo.com', '20CCEB366B0AD740052A11199DA391A1E62BB316D5F8BEE01087354A97DE70D0841EF455D71A70E83889C7E4E8475523D8514ACFC0BA39BFC604A01BDD4ED4BD', 'Pera', 'Peric', '+381656666699', 'Neka Adresa bb\n31300 Prijepolje'),
	(32, 'mojmejl22@yahoo.com', '59990D26F8D22287CD6BDD7D0B630D73C71E74FBBC56A4FABF7BE9733F4DD757CE73ECB5AD6B3ADC4E3D92A682F4B1A57B8FFF461DCA1744CF2630A2585C018A', 'Imeneko', 'Prezimeneko', '+381656687715', 'Adresa nova\nNova bb'),
	(33, 'aneskostreba@gmail.com', '9FFD4F1A175E2AF3D9F1E7F1C3CFEE668F74C5E62DC38473123CFBF1A8CF2BE23EA8852ED675C980EFC3C544D07398A7C9B7AED58498BD9253858E8B43479FA1', 'Aness', 'Kostrebaa', '+381645557799', 'Prijepolje 31300 \nRavne bb'),
	(34, 'mejlmejlnovinovi@gmail.com', 'DDA629D28FFEE0729627CFC020563C9A1659AFE1EDCEE30A25E44C7CFA9E86AAB7F8835B47C62F14861B366B7BD4DDE679CAD96DD4C4E6854CA5AC44CFEA754D', 'Mevludin', 'Mevludinovic', '+381654447788', 'Adresa moja\nNeka adresa bb'),
	(35, 'aneskostrebasd@yahoo.com', 'E33693B6C9609076851FA38C43B24BD3B88D77082A963CA2B2D348AC223A48071E0F7A463950C55667CCA3A127FBF5C627222C701DCE863D9903A0F4D4080954', 'Petar', 'Petrovic', '+381654447780', 'Nova adresa\nNeka adresa bb'),
	(36, 'nekiemail@gmail.com', 'D6016637E6B4656B9912A270EFD2D999A71CCAD03CDFF5F6FD36E91A905712326EE56DB194FB4E746D7839841B8244EAE164F20FDB82B5EB231E255E4CEF83A1', 'Neko', 'Prezime', '+381656899975', 'Moja Adresa bb'),
	(37, 'treciemail@gmail.com', 'D6016637E6B4656B9912A270EFD2D999A71CCAD03CDFF5F6FD36E91A905712326EE56DB194FB4E746D7839841B8244EAE164F20FDB82B5EB231E255E4CEF83A1', 'Nekoime', 'Nekoprezime', '+381657778821', 'Neka adresa bb');

-- Dumping structure for table iva.user_token
DROP TABLE IF EXISTS `user_token`;
CREATE TABLE IF NOT EXISTS `user_token` (
  `user_token_id` int unsigned NOT NULL AUTO_INCREMENT,
  `user_id` int unsigned NOT NULL,
  `created_at` timestamp NOT NULL DEFAULT CURRENT_TIMESTAMP,
  `token` text COLLATE utf8mb3_unicode_ci NOT NULL,
  `expires_at` datetime NOT NULL,
  `is_valid` tinyint unsigned NOT NULL DEFAULT '1',
  PRIMARY KEY (`user_token_id`),
  KEY `fk_user_token_user_id` (`user_id`),
  CONSTRAINT `fk_user_token_user_id` FOREIGN KEY (`user_id`) REFERENCES `user` (`user_id`) ON UPDATE CASCADE
) ENGINE=InnoDB AUTO_INCREMENT=349 DEFAULT CHARSET=utf8mb3 COLLATE=utf8mb3_unicode_ci;

-- Dumping data for table iva.user_token: ~334 rows (approximately)
DELETE FROM `user_token`;
INSERT INTO `user_token` (`user_token_id`, `user_id`, `created_at`, `token`, `expires_at`, `is_valid`) VALUES
	(1, 25, '2024-01-15 18:17:03', 'eyJhbGciOiJIUzI1NiIsInR5cCI6IkpXVCJ9.eyJyb2xlIjoidXNlciIsImlkIjoyNSwiaWRlbnRpdHkiOiJhbmVza29zdHJlYmE0OEBnbWFpbC5jb20iLCJleHAiOjE3MDgwMjEwMjMuMTQ4LCJpcCI6Ijo6MSIsInVhIjoiUG9zdG1hblJ1bnRpbWUvNy4zNi4xIiwiaWF0IjoxNzA1MzQyNjIzfQ.D4NaGjWh9hB_ZrcUMBu6Ma0Jyx_37JDv5rwlFutXAZc', '2024-02-15 18:17:03', 1),
	(2, 25, '2024-01-28 09:28:02', 'eyJhbGciOiJIUzI1NiIsInR5cCI6IkpXVCJ9.eyJyb2xlIjoidXNlciIsImlkIjoyNSwiaWRlbnRpdHkiOiJhbmVza29zdHJlYmE0OEBnbWFpbC5jb20iLCJleHAiOjE3MDkxMTI0ODIuNjczLCJpcCI6Ijo6MSIsInVhIjoiTW96aWxsYS81LjAgKFdpbmRvd3MgTlQgMTAuMDsgV2luNjQ7IHg2NCkgQXBwbGVXZWJLaXQvNTM3LjM2IChLSFRNTCwgbGlrZSBHZWNrbykgQ2hyb21lLzEyMS4wLjAuMCBTYWZhcmkvNTM3LjM2IiwiaWF0IjoxNzA2NDM0MDgyfQ.yjyFOoHqLRRnz5ZV9T62d8PpXcmbv25DqfG1wTdVF_E', '2024-02-28 09:28:02', 1),
	(3, 25, '2024-01-28 09:28:23', 'eyJhbGciOiJIUzI1NiIsInR5cCI6IkpXVCJ9.eyJyb2xlIjoidXNlciIsImlkIjoyNSwiaWRlbnRpdHkiOiJhbmVza29zdHJlYmE0OEBnbWFpbC5jb20iLCJleHAiOjE3MDkxMTI1MDMuOTM4LCJpcCI6Ijo6MSIsInVhIjoiUG9zdG1hblJ1bnRpbWUvNy4zNi4xIiwiaWF0IjoxNzA2NDM0MTAzfQ.vzKtOXm7tfe_tpZkMYyqeFPhAx4k5gG7bU7kc45vUbE', '2024-02-28 09:28:23', 1),
	(4, 25, '2024-01-28 09:28:32', 'eyJhbGciOiJIUzI1NiIsInR5cCI6IkpXVCJ9.eyJyb2xlIjoidXNlciIsImlkIjoyNSwiaWRlbnRpdHkiOiJhbmVza29zdHJlYmE0OEBnbWFpbC5jb20iLCJleHAiOjE3MDkxMTI1MTIuNzg2LCJpcCI6Ijo6MSIsInVhIjoiTW96aWxsYS81LjAgKFdpbmRvd3MgTlQgMTAuMDsgV2luNjQ7IHg2NCkgQXBwbGVXZWJLaXQvNTM3LjM2IChLSFRNTCwgbGlrZSBHZWNrbykgQ2hyb21lLzEyMS4wLjAuMCBTYWZhcmkvNTM3LjM2IiwiaWF0IjoxNzA2NDM0MTEyfQ.TWfig9ZkNTDWGoGVYcIk_sHa_QqtFP1FKzMTeVFfDno', '2024-02-28 09:28:32', 1),
	(5, 25, '2024-01-28 09:28:54', 'eyJhbGciOiJIUzI1NiIsInR5cCI6IkpXVCJ9.eyJyb2xlIjoidXNlciIsImlkIjoyNSwiaWRlbnRpdHkiOiJhbmVza29zdHJlYmE0OEBnbWFpbC5jb20iLCJleHAiOjE3MDkxMTI1MzQuODk1LCJpcCI6Ijo6MSIsInVhIjoiTW96aWxsYS81LjAgKFdpbmRvd3MgTlQgMTAuMDsgV2luNjQ7IHg2NCkgQXBwbGVXZWJLaXQvNTM3LjM2IChLSFRNTCwgbGlrZSBHZWNrbykgQ2hyb21lLzEyMS4wLjAuMCBTYWZhcmkvNTM3LjM2IiwiaWF0IjoxNzA2NDM0MTM0fQ.2RIWpop2VX1KY2MJnVws-_ByPG28mYotPI18CIwlWNM', '2024-02-28 09:28:54', 1),
	(6, 25, '2024-01-28 09:28:55', 'eyJhbGciOiJIUzI1NiIsInR5cCI6IkpXVCJ9.eyJyb2xlIjoidXNlciIsImlkIjoyNSwiaWRlbnRpdHkiOiJhbmVza29zdHJlYmE0OEBnbWFpbC5jb20iLCJleHAiOjE3MDkxMTI1MzUuOTIzLCJpcCI6Ijo6MSIsInVhIjoiTW96aWxsYS81LjAgKFdpbmRvd3MgTlQgMTAuMDsgV2luNjQ7IHg2NCkgQXBwbGVXZWJLaXQvNTM3LjM2IChLSFRNTCwgbGlrZSBHZWNrbykgQ2hyb21lLzEyMS4wLjAuMCBTYWZhcmkvNTM3LjM2IiwiaWF0IjoxNzA2NDM0MTM1fQ.n5aTNLpSgTYFp_GPNuO-zAC3avJVaVlYKygsw7NZ294', '2024-02-28 09:28:55', 1),
	(7, 25, '2024-01-28 09:31:23', 'eyJhbGciOiJIUzI1NiIsInR5cCI6IkpXVCJ9.eyJyb2xlIjoidXNlciIsImlkIjoyNSwiaWRlbnRpdHkiOiJhbmVza29zdHJlYmE0OEBnbWFpbC5jb20iLCJleHAiOjE3MDkxMTI2ODMuMDQzLCJpcCI6Ijo6MSIsInVhIjoiTW96aWxsYS81LjAgKFdpbmRvd3MgTlQgMTAuMDsgV2luNjQ7IHg2NCkgQXBwbGVXZWJLaXQvNTM3LjM2IChLSFRNTCwgbGlrZSBHZWNrbykgQ2hyb21lLzEyMS4wLjAuMCBTYWZhcmkvNTM3LjM2IiwiaWF0IjoxNzA2NDM0MjgzfQ.B9nINsXjGWA9oszMoXAJIfEpiqlgfeOMGslnc6nNLeY', '2024-02-28 09:31:23', 1),
	(8, 25, '2024-01-28 09:31:24', 'eyJhbGciOiJIUzI1NiIsInR5cCI6IkpXVCJ9.eyJyb2xlIjoidXNlciIsImlkIjoyNSwiaWRlbnRpdHkiOiJhbmVza29zdHJlYmE0OEBnbWFpbC5jb20iLCJleHAiOjE3MDkxMTI2ODQuODk1LCJpcCI6Ijo6MSIsInVhIjoiTW96aWxsYS81LjAgKFdpbmRvd3MgTlQgMTAuMDsgV2luNjQ7IHg2NCkgQXBwbGVXZWJLaXQvNTM3LjM2IChLSFRNTCwgbGlrZSBHZWNrbykgQ2hyb21lLzEyMS4wLjAuMCBTYWZhcmkvNTM3LjM2IiwiaWF0IjoxNzA2NDM0Mjg0fQ.dcec1vitlnypM2PmoVJSTe4VwzHjBUV_LaYu78FnZLA', '2024-02-28 09:31:24', 1),
	(9, 25, '2024-01-28 09:36:15', 'eyJhbGciOiJIUzI1NiIsInR5cCI6IkpXVCJ9.eyJyb2xlIjoidXNlciIsImlkIjoyNSwiaWRlbnRpdHkiOiJhbmVza29zdHJlYmE0OEBnbWFpbC5jb20iLCJleHAiOjE3MDkxMTI5NzUuOTk1LCJpcCI6Ijo6MSIsInVhIjoiTW96aWxsYS81LjAgKFdpbmRvd3MgTlQgMTAuMDsgV2luNjQ7IHg2NCkgQXBwbGVXZWJLaXQvNTM3LjM2IChLSFRNTCwgbGlrZSBHZWNrbykgQ2hyb21lLzEyMS4wLjAuMCBTYWZhcmkvNTM3LjM2IiwiaWF0IjoxNzA2NDM0NTc1fQ.YBCv7M4KOfD4s8zWUG7YaIid2p7IWJ7lheDN0g8nVBg', '2024-02-28 09:36:15', 1),
	(10, 25, '2024-01-28 09:36:17', 'eyJhbGciOiJIUzI1NiIsInR5cCI6IkpXVCJ9.eyJyb2xlIjoidXNlciIsImlkIjoyNSwiaWRlbnRpdHkiOiJhbmVza29zdHJlYmE0OEBnbWFpbC5jb20iLCJleHAiOjE3MDkxMTI5NzcuODE2LCJpcCI6Ijo6MSIsInVhIjoiTW96aWxsYS81LjAgKFdpbmRvd3MgTlQgMTAuMDsgV2luNjQ7IHg2NCkgQXBwbGVXZWJLaXQvNTM3LjM2IChLSFRNTCwgbGlrZSBHZWNrbykgQ2hyb21lLzEyMS4wLjAuMCBTYWZhcmkvNTM3LjM2IiwiaWF0IjoxNzA2NDM0NTc3fQ.bTE1RhDPL1u0XDQwg_m5SFsQuakaOVPSiGayr9iWQaw', '2024-02-28 09:36:17', 1),
	(11, 25, '2024-01-28 09:36:50', 'eyJhbGciOiJIUzI1NiIsInR5cCI6IkpXVCJ9.eyJyb2xlIjoidXNlciIsImlkIjoyNSwiaWRlbnRpdHkiOiJhbmVza29zdHJlYmE0OEBnbWFpbC5jb20iLCJleHAiOjE3MDkxMTMwMTAuMzkxLCJpcCI6Ijo6MSIsInVhIjoiTW96aWxsYS81LjAgKFdpbmRvd3MgTlQgMTAuMDsgV2luNjQ7IHg2NCkgQXBwbGVXZWJLaXQvNTM3LjM2IChLSFRNTCwgbGlrZSBHZWNrbykgQ2hyb21lLzEyMS4wLjAuMCBTYWZhcmkvNTM3LjM2IiwiaWF0IjoxNzA2NDM0NjEwfQ.9e4hIR3sXvmfOAZFYCohEmV2LCTtjv2LM6kISXEqvuU', '2024-02-28 09:36:50', 1),
	(12, 25, '2024-01-28 09:36:55', 'eyJhbGciOiJIUzI1NiIsInR5cCI6IkpXVCJ9.eyJyb2xlIjoidXNlciIsImlkIjoyNSwiaWRlbnRpdHkiOiJhbmVza29zdHJlYmE0OEBnbWFpbC5jb20iLCJleHAiOjE3MDkxMTMwMTUuODEyLCJpcCI6Ijo6MSIsInVhIjoiTW96aWxsYS81LjAgKFdpbmRvd3MgTlQgMTAuMDsgV2luNjQ7IHg2NCkgQXBwbGVXZWJLaXQvNTM3LjM2IChLSFRNTCwgbGlrZSBHZWNrbykgQ2hyb21lLzEyMS4wLjAuMCBTYWZhcmkvNTM3LjM2IiwiaWF0IjoxNzA2NDM0NjE1fQ.ms8Duf4trCCdPnpekepRYYuOjFEKpebM0OHQLMHD8GM', '2024-02-28 09:36:55', 1),
	(13, 25, '2024-01-28 09:37:10', 'eyJhbGciOiJIUzI1NiIsInR5cCI6IkpXVCJ9.eyJyb2xlIjoidXNlciIsImlkIjoyNSwiaWRlbnRpdHkiOiJhbmVza29zdHJlYmE0OEBnbWFpbC5jb20iLCJleHAiOjE3MDkxMTMwMzAuMzk0LCJpcCI6Ijo6MSIsInVhIjoiTW96aWxsYS81LjAgKFdpbmRvd3MgTlQgMTAuMDsgV2luNjQ7IHg2NCkgQXBwbGVXZWJLaXQvNTM3LjM2IChLSFRNTCwgbGlrZSBHZWNrbykgQ2hyb21lLzEyMS4wLjAuMCBTYWZhcmkvNTM3LjM2IiwiaWF0IjoxNzA2NDM0NjMwfQ.mizjXeaIo9O8qF9JIjO8uD4HofGpw2KUTYZDCzX--oU', '2024-02-28 09:37:10', 1),
	(14, 25, '2024-01-28 09:37:11', 'eyJhbGciOiJIUzI1NiIsInR5cCI6IkpXVCJ9.eyJyb2xlIjoidXNlciIsImlkIjoyNSwiaWRlbnRpdHkiOiJhbmVza29zdHJlYmE0OEBnbWFpbC5jb20iLCJleHAiOjE3MDkxMTMwMzEuNjA4LCJpcCI6Ijo6MSIsInVhIjoiTW96aWxsYS81LjAgKFdpbmRvd3MgTlQgMTAuMDsgV2luNjQ7IHg2NCkgQXBwbGVXZWJLaXQvNTM3LjM2IChLSFRNTCwgbGlrZSBHZWNrbykgQ2hyb21lLzEyMS4wLjAuMCBTYWZhcmkvNTM3LjM2IiwiaWF0IjoxNzA2NDM0NjMxfQ.I4Uciv3U92U13po9Vw630dryCunAQ4qob1Jo3k4WJd8', '2024-02-28 09:37:11', 1),
	(15, 25, '2024-01-28 09:37:58', 'eyJhbGciOiJIUzI1NiIsInR5cCI6IkpXVCJ9.eyJyb2xlIjoidXNlciIsImlkIjoyNSwiaWRlbnRpdHkiOiJhbmVza29zdHJlYmE0OEBnbWFpbC5jb20iLCJleHAiOjE3MDkxMTMwNzguMDM1LCJpcCI6Ijo6MSIsInVhIjoiTW96aWxsYS81LjAgKFdpbmRvd3MgTlQgMTAuMDsgV2luNjQ7IHg2NCkgQXBwbGVXZWJLaXQvNTM3LjM2IChLSFRNTCwgbGlrZSBHZWNrbykgQ2hyb21lLzEyMS4wLjAuMCBTYWZhcmkvNTM3LjM2IiwiaWF0IjoxNzA2NDM0Njc4fQ.hfdIG7DI2GIUJN8-bH-0oEac02LicSZO9tVhDbQgPUA', '2024-02-28 09:37:58', 1),
	(16, 25, '2024-01-28 09:38:50', 'eyJhbGciOiJIUzI1NiIsInR5cCI6IkpXVCJ9.eyJyb2xlIjoidXNlciIsImlkIjoyNSwiaWRlbnRpdHkiOiJhbmVza29zdHJlYmE0OEBnbWFpbC5jb20iLCJleHAiOjE3MDkxMTMxMzAuNjMyLCJpcCI6Ijo6MSIsInVhIjoiTW96aWxsYS81LjAgKFdpbmRvd3MgTlQgMTAuMDsgV2luNjQ7IHg2NCkgQXBwbGVXZWJLaXQvNTM3LjM2IChLSFRNTCwgbGlrZSBHZWNrbykgQ2hyb21lLzEyMS4wLjAuMCBTYWZhcmkvNTM3LjM2IiwiaWF0IjoxNzA2NDM0NzMwfQ.JCnqpX7ZR94mot8Hoh6Dy81dJtibzNgFbIvJgNoT8bI', '2024-02-28 09:38:50', 1),
	(17, 25, '2024-01-28 09:39:06', 'eyJhbGciOiJIUzI1NiIsInR5cCI6IkpXVCJ9.eyJyb2xlIjoidXNlciIsImlkIjoyNSwiaWRlbnRpdHkiOiJhbmVza29zdHJlYmE0OEBnbWFpbC5jb20iLCJleHAiOjE3MDkxMTMxNDYuMzI5LCJpcCI6Ijo6MSIsInVhIjoiTW96aWxsYS81LjAgKFdpbmRvd3MgTlQgMTAuMDsgV2luNjQ7IHg2NCkgQXBwbGVXZWJLaXQvNTM3LjM2IChLSFRNTCwgbGlrZSBHZWNrbykgQ2hyb21lLzEyMS4wLjAuMCBTYWZhcmkvNTM3LjM2IiwiaWF0IjoxNzA2NDM0NzQ2fQ.iJxs3eDZQyppzEH6vUakBJ-Zkve9_AuALt-4b-_bj5k', '2024-02-28 09:39:06', 1),
	(18, 25, '2024-01-28 10:04:04', 'eyJhbGciOiJIUzI1NiIsInR5cCI6IkpXVCJ9.eyJyb2xlIjoidXNlciIsImlkIjoyNSwiaWRlbnRpdHkiOiJhbmVza29zdHJlYmE0OEBnbWFpbC5jb20iLCJleHAiOjE3MDkxMTQ2NDQuMjI3LCJpcCI6Ijo6MSIsInVhIjoiTW96aWxsYS81LjAgKFdpbmRvd3MgTlQgMTAuMDsgV2luNjQ7IHg2NCkgQXBwbGVXZWJLaXQvNTM3LjM2IChLSFRNTCwgbGlrZSBHZWNrbykgQ2hyb21lLzEyMS4wLjAuMCBTYWZhcmkvNTM3LjM2IiwiaWF0IjoxNzA2NDM2MjQ0fQ.zJnGh4llrDSZuG0kSKMKvPExd2VqSjI3x1D38uXDqyk', '2024-02-28 10:04:04', 1),
	(19, 25, '2024-01-28 10:18:51', 'eyJhbGciOiJIUzI1NiIsInR5cCI6IkpXVCJ9.eyJyb2xlIjoidXNlciIsImlkIjoyNSwiaWRlbnRpdHkiOiJhbmVza29zdHJlYmE0OEBnbWFpbC5jb20iLCJleHAiOjE3MDkxMTU1MzEuMjE0LCJpcCI6Ijo6MSIsInVhIjoiUG9zdG1hblJ1bnRpbWUvNy4zNi4xIiwiaWF0IjoxNzA2NDM3MTMxfQ.0iYonH_F67b4cr_xyZG-8K-fRYKL256DVqSQrI8M6Ns', '2024-02-28 10:18:51', 1),
	(20, 25, '2024-01-28 10:19:18', 'eyJhbGciOiJIUzI1NiIsInR5cCI6IkpXVCJ9.eyJyb2xlIjoidXNlciIsImlkIjoyNSwiaWRlbnRpdHkiOiJhbmVza29zdHJlYmE0OEBnbWFpbC5jb20iLCJleHAiOjE3MDkxMTU1NTguNjc2LCJpcCI6Ijo6MSIsInVhIjoiUG9zdG1hblJ1bnRpbWUvNy4zNi4xIiwiaWF0IjoxNzA2NDM3MTU4fQ.nK6HmP0eLZyL0AcAr2lw8q3lYNEeT-tJuop48iXjB6Q', '2024-02-28 10:19:18', 1),
	(21, 25, '2024-01-28 10:20:15', 'eyJhbGciOiJIUzI1NiIsInR5cCI6IkpXVCJ9.eyJyb2xlIjoidXNlciIsImlkIjoyNSwiaWRlbnRpdHkiOiJhbmVza29zdHJlYmE0OEBnbWFpbC5jb20iLCJleHAiOjE3MDkxMTU2MTUuNzMyLCJpcCI6Ijo6MSIsInVhIjoiTW96aWxsYS81LjAgKFdpbmRvd3MgTlQgMTAuMDsgV2luNjQ7IHg2NCkgQXBwbGVXZWJLaXQvNTM3LjM2IChLSFRNTCwgbGlrZSBHZWNrbykgQ2hyb21lLzEyMS4wLjAuMCBTYWZhcmkvNTM3LjM2IiwiaWF0IjoxNzA2NDM3MjE1fQ.6Mspz7_9cv_8pgzmvoRtt3IobGcm80AGBUoiXP20C1w', '2024-02-28 10:20:15', 1),
	(22, 25, '2024-01-28 10:23:42', 'eyJhbGciOiJIUzI1NiIsInR5cCI6IkpXVCJ9.eyJyb2xlIjoidXNlciIsImlkIjoyNSwiaWRlbnRpdHkiOiJhbmVza29zdHJlYmE0OEBnbWFpbC5jb20iLCJleHAiOjE3MDkxMTU4MjIuODYxLCJpcCI6Ijo6MSIsInVhIjoiTW96aWxsYS81LjAgKFdpbmRvd3MgTlQgMTAuMDsgV2luNjQ7IHg2NCkgQXBwbGVXZWJLaXQvNTM3LjM2IChLSFRNTCwgbGlrZSBHZWNrbykgQ2hyb21lLzEyMS4wLjAuMCBTYWZhcmkvNTM3LjM2IiwiaWF0IjoxNzA2NDM3NDIyfQ.0tKT54iD-FgwG25KFHSMDiyYVRYq_3S7ubdLUHQ97AA', '2024-02-28 10:23:42', 1),
	(23, 25, '2024-01-28 10:30:24', 'eyJhbGciOiJIUzI1NiIsInR5cCI6IkpXVCJ9.eyJyb2xlIjoidXNlciIsImlkIjoyNSwiaWRlbnRpdHkiOiJhbmVza29zdHJlYmE0OEBnbWFpbC5jb20iLCJleHAiOjE3MDkxMTYyMjQuMTE3LCJpcCI6Ijo6MSIsInVhIjoiTW96aWxsYS81LjAgKFdpbmRvd3MgTlQgMTAuMDsgV2luNjQ7IHg2NCkgQXBwbGVXZWJLaXQvNTM3LjM2IChLSFRNTCwgbGlrZSBHZWNrbykgQ2hyb21lLzEyMS4wLjAuMCBTYWZhcmkvNTM3LjM2IiwiaWF0IjoxNzA2NDM3ODI0fQ.-9JW1FdaSL8gyQ-asyCvEGJjEEvovzUCzZzMu0O5Z-k', '2024-02-28 10:30:24', 1),
	(24, 25, '2024-01-28 10:47:23', 'eyJhbGciOiJIUzI1NiIsInR5cCI6IkpXVCJ9.eyJyb2xlIjoidXNlciIsImlkIjoyNSwiaWRlbnRpdHkiOiJhbmVza29zdHJlYmE0OEBnbWFpbC5jb20iLCJleHAiOjE3MDkxMTcyNDMuMDQzLCJpcCI6Ijo6MSIsInVhIjoiUG9zdG1hblJ1bnRpbWUvNy4zNi4xIiwiaWF0IjoxNzA2NDM4ODQzfQ.Zjmhm7a0vX-OeUuUk7OznQx678rATrx5ov2RYdMwyVU', '2024-02-28 10:47:23', 1),
	(25, 25, '2024-01-28 10:47:33', 'eyJhbGciOiJIUzI1NiIsInR5cCI6IkpXVCJ9.eyJyb2xlIjoidXNlciIsImlkIjoyNSwiaWRlbnRpdHkiOiJhbmVza29zdHJlYmE0OEBnbWFpbC5jb20iLCJleHAiOjE3MDkxMTcyNTMuNDg2LCJpcCI6Ijo6MSIsInVhIjoiUG9zdG1hblJ1bnRpbWUvNy4zNi4xIiwiaWF0IjoxNzA2NDM4ODUzfQ.VfpGCfIokbl3Uy4Avu8KXqcsiVeLMG8dntFo8nk7VH4', '2024-02-28 10:47:33', 1),
	(26, 25, '2024-01-29 12:13:28', 'eyJhbGciOiJIUzI1NiIsInR5cCI6IkpXVCJ9.eyJyb2xlIjoidXNlciIsImlkIjoyNSwiaWRlbnRpdHkiOiJhbmVza29zdHJlYmE0OEBnbWFpbC5jb20iLCJleHAiOjE3MDkyMDg4MDguNDM5LCJpcCI6Ijo6MSIsInVhIjoiTW96aWxsYS81LjAgKFdpbmRvd3MgTlQgMTAuMDsgV2luNjQ7IHg2NCkgQXBwbGVXZWJLaXQvNTM3LjM2IChLSFRNTCwgbGlrZSBHZWNrbykgQ2hyb21lLzEyMS4wLjAuMCBTYWZhcmkvNTM3LjM2IiwiaWF0IjoxNzA2NTMwNDA4fQ.-cXNdHiir1tmupg2XBcd-V8HoVuOU5QKz4W70SAEqjk', '2024-02-29 12:13:28', 1),
	(27, 25, '2024-01-29 12:17:24', 'eyJhbGciOiJIUzI1NiIsInR5cCI6IkpXVCJ9.eyJyb2xlIjoidXNlciIsImlkIjoyNSwiaWRlbnRpdHkiOiJhbmVza29zdHJlYmE0OEBnbWFpbC5jb20iLCJleHAiOjE3MDkyMDkwNDQuMjY1LCJpcCI6Ijo6MSIsInVhIjoiTW96aWxsYS81LjAgKFdpbmRvd3MgTlQgMTAuMDsgV2luNjQ7IHg2NCkgQXBwbGVXZWJLaXQvNTM3LjM2IChLSFRNTCwgbGlrZSBHZWNrbykgQ2hyb21lLzEyMS4wLjAuMCBTYWZhcmkvNTM3LjM2IiwiaWF0IjoxNzA2NTMwNjQ0fQ.exN9RtTWZfhwjy5zkpXjbE5jE42pATH7WGLFIFovNq4', '2024-02-29 12:17:24', 1),
	(28, 25, '2024-01-29 13:03:44', 'eyJhbGciOiJIUzI1NiIsInR5cCI6IkpXVCJ9.eyJyb2xlIjoidXNlciIsImlkIjoyNSwiaWRlbnRpdHkiOiJhbmVza29zdHJlYmE0OEBnbWFpbC5jb20iLCJleHAiOjE3MDkyMTE4MjQuMTIzLCJpcCI6Ijo6MSIsInVhIjoiUG9zdG1hblJ1bnRpbWUvNy4zNi4xIiwiaWF0IjoxNzA2NTMzNDI0fQ.eYG0V5RPwrqAxhEsOsqKBb4o3zS8xTHptazDrI-o4_0', '2024-02-29 13:03:44', 1),
	(29, 25, '2024-01-29 13:04:01', 'eyJhbGciOiJIUzI1NiIsInR5cCI6IkpXVCJ9.eyJyb2xlIjoidXNlciIsImlkIjoyNSwiaWRlbnRpdHkiOiJhbmVza29zdHJlYmE0OEBnbWFpbC5jb20iLCJleHAiOjE3MDkyMTE4NDEuNjg5LCJpcCI6Ijo6MSIsInVhIjoiUG9zdG1hblJ1bnRpbWUvNy4zNi4xIiwiaWF0IjoxNzA2NTMzNDQxfQ.F4hXY4SbrWQBEAEeDIGAaJXRyO_HGrARLParvigda2Y', '2024-02-29 13:04:01', 1),
	(30, 25, '2024-01-29 13:56:41', 'eyJhbGciOiJIUzI1NiIsInR5cCI6IkpXVCJ9.eyJyb2xlIjoidXNlciIsImlkIjoyNSwiaWRlbnRpdHkiOiJhbmVza29zdHJlYmE0OEBnbWFpbC5jb20iLCJleHAiOjE3MDkyMTUwMDEuODg5LCJpcCI6Ijo6MSIsInVhIjoiTW96aWxsYS81LjAgKFdpbmRvd3MgTlQgMTAuMDsgV2luNjQ7IHg2NCkgQXBwbGVXZWJLaXQvNTM3LjM2IChLSFRNTCwgbGlrZSBHZWNrbykgQ2hyb21lLzEyMS4wLjAuMCBTYWZhcmkvNTM3LjM2IiwiaWF0IjoxNzA2NTM2NjAxfQ.nfun6SF4yn1xSVS5rIgKH84r-Rff-PkOpVPA9vMZpv4', '2024-02-29 13:56:41', 1),
	(31, 25, '2024-02-08 09:25:50', 'eyJhbGciOiJIUzI1NiIsInR5cCI6IkpXVCJ9.eyJyb2xlIjoidXNlciIsImlkIjoyNSwiaWRlbnRpdHkiOiJhbmVza29zdHJlYmE0OEBnbWFpbC5jb20iLCJleHAiOjE3MTAwNjI3NTAuNzMsImlwIjoiOjoxIiwidWEiOiJQb3N0bWFuUnVudGltZS83LjM2LjEiLCJpYXQiOjE3MDczODQzNTB9.Ji1810USf2VQYq7sJJiP_hP5sefp4h_-RVW1TUXvitg', '2024-03-10 09:25:50', 1),
	(32, 25, '2024-02-08 09:26:12', 'eyJhbGciOiJIUzI1NiIsInR5cCI6IkpXVCJ9.eyJyb2xlIjoidXNlciIsImlkIjoyNSwiaWRlbnRpdHkiOiJhbmVza29zdHJlYmE0OEBnbWFpbC5jb20iLCJleHAiOjE3MTAwNjI3NzIuNDQ0LCJpcCI6Ijo6MSIsInVhIjoiTW96aWxsYS81LjAgKFdpbmRvd3MgTlQgMTAuMDsgV2luNjQ7IHg2NCkgQXBwbGVXZWJLaXQvNTM3LjM2IChLSFRNTCwgbGlrZSBHZWNrbykgQ2hyb21lLzEyMS4wLjAuMCBTYWZhcmkvNTM3LjM2IiwiaWF0IjoxNzA3Mzg0MzcyfQ.tt9pvogW2WmJtTaWzHYwVCkASikMhAuXZUh144_u7dg', '2024-03-10 09:26:12', 1),
	(33, 25, '2024-02-08 09:33:16', 'eyJhbGciOiJIUzI1NiIsInR5cCI6IkpXVCJ9.eyJyb2xlIjoidXNlciIsImlkIjoyNSwiaWRlbnRpdHkiOiJhbmVza29zdHJlYmE0OEBnbWFpbC5jb20iLCJleHAiOjE3MTAwNjMxOTYuOTg4LCJpcCI6Ijo6MSIsInVhIjoiTW96aWxsYS81LjAgKFdpbmRvd3MgTlQgMTAuMDsgV2luNjQ7IHg2NCkgQXBwbGVXZWJLaXQvNTM3LjM2IChLSFRNTCwgbGlrZSBHZWNrbykgQ2hyb21lLzEyMS4wLjAuMCBTYWZhcmkvNTM3LjM2IiwiaWF0IjoxNzA3Mzg0Nzk2fQ.iIitSkNK_rPaTYdViKwOSRfkdGK1sPrDgO19kS34oSs', '2024-03-10 09:33:16', 1),
	(34, 25, '2024-02-08 09:40:29', 'eyJhbGciOiJIUzI1NiIsInR5cCI6IkpXVCJ9.eyJyb2xlIjoidXNlciIsImlkIjoyNSwiaWRlbnRpdHkiOiJhbmVza29zdHJlYmE0OEBnbWFpbC5jb20iLCJleHAiOjE3MTAwNjM2MjkuOTI4LCJpcCI6Ijo6MSIsInVhIjoiTW96aWxsYS81LjAgKFdpbmRvd3MgTlQgMTAuMDsgV2luNjQ7IHg2NCkgQXBwbGVXZWJLaXQvNTM3LjM2IChLSFRNTCwgbGlrZSBHZWNrbykgQ2hyb21lLzEyMS4wLjAuMCBTYWZhcmkvNTM3LjM2IiwiaWF0IjoxNzA3Mzg1MjI5fQ.XR8TySxsyWDrUiJUYQZrZTaUz__qOXv-c5ppisarXSs', '2024-03-10 09:40:29', 1),
	(35, 25, '2024-02-08 09:47:25', 'eyJhbGciOiJIUzI1NiIsInR5cCI6IkpXVCJ9.eyJyb2xlIjoidXNlciIsImlkIjoyNSwiaWRlbnRpdHkiOiJhbmVza29zdHJlYmE0OEBnbWFpbC5jb20iLCJleHAiOjE3MTAwNjQwNDUuNzI0LCJpcCI6Ijo6MSIsInVhIjoiTW96aWxsYS81LjAgKFdpbmRvd3MgTlQgMTAuMDsgV2luNjQ7IHg2NCkgQXBwbGVXZWJLaXQvNTM3LjM2IChLSFRNTCwgbGlrZSBHZWNrbykgQ2hyb21lLzEyMS4wLjAuMCBTYWZhcmkvNTM3LjM2IiwiaWF0IjoxNzA3Mzg1NjQ1fQ.1xYdUQqTpwX1DOJ8CIYqw-uwG2M4GFMTF29iDw7-Zl4', '2024-03-10 09:47:25', 1),
	(36, 25, '2024-02-08 10:28:00', 'eyJhbGciOiJIUzI1NiIsInR5cCI6IkpXVCJ9.eyJyb2xlIjoidXNlciIsImlkIjoyNSwiaWRlbnRpdHkiOiJhbmVza29zdHJlYmE0OEBnbWFpbC5jb20iLCJleHAiOjE3MTAwNjY0ODAuNjQ4LCJpcCI6Ijo6MSIsInVhIjoiTW96aWxsYS81LjAgKFdpbmRvd3MgTlQgMTAuMDsgV2luNjQ7IHg2NCkgQXBwbGVXZWJLaXQvNTM3LjM2IChLSFRNTCwgbGlrZSBHZWNrbykgQ2hyb21lLzEyMS4wLjAuMCBTYWZhcmkvNTM3LjM2IiwiaWF0IjoxNzA3Mzg4MDgwfQ.H4h4pc_XpJxGXGL3p1JVz85bDaaKbgHZaplka-neM_s', '2024-03-10 10:28:00', 1),
	(37, 25, '2024-02-08 10:28:38', 'eyJhbGciOiJIUzI1NiIsInR5cCI6IkpXVCJ9.eyJyb2xlIjoidXNlciIsImlkIjoyNSwiaWRlbnRpdHkiOiJhbmVza29zdHJlYmE0OEBnbWFpbC5jb20iLCJleHAiOjE3MTAwNjY1MTguNDgzLCJpcCI6Ijo6MSIsInVhIjoiTW96aWxsYS81LjAgKFdpbmRvd3MgTlQgMTAuMDsgV2luNjQ7IHg2NCkgQXBwbGVXZWJLaXQvNTM3LjM2IChLSFRNTCwgbGlrZSBHZWNrbykgQ2hyb21lLzEyMS4wLjAuMCBTYWZhcmkvNTM3LjM2IiwiaWF0IjoxNzA3Mzg4MTE4fQ.1ZAinQ9ZE1z6uNonIzqtUfE-X7BzwpHFFTM-qIXqezo', '2024-03-10 10:28:38', 1),
	(38, 26, '2024-02-08 15:25:07', 'eyJhbGciOiJIUzI1NiIsInR5cCI6IkpXVCJ9.eyJyb2xlIjoidXNlciIsImlkIjoyNiwiaWRlbnRpdHkiOiJwcm9iYUBwcm9iYS5ycyIsImV4cCI6MTcxMDA4NDMwNy4xNTksImlwIjoiOjoxIiwidWEiOiJNb3ppbGxhLzUuMCAoV2luZG93cyBOVCAxMC4wOyBXaW42NDsgeDY0KSBBcHBsZVdlYktpdC81MzcuMzYgKEtIVE1MLCBsaWtlIEdlY2tvKSBDaHJvbWUvMTIxLjAuMC4wIFNhZmFyaS81MzcuMzYiLCJpYXQiOjE3MDc0MDU5MDd9.OqRtWnvCjHl9Cs861V0vOeE3CjR4RJFyBBToVYvS4us', '2024-03-10 15:25:07', 1),
	(39, 25, '2024-02-09 13:23:31', 'eyJhbGciOiJIUzI1NiIsInR5cCI6IkpXVCJ9.eyJyb2xlIjoidXNlciIsImlkIjoyNSwiaWRlbnRpdHkiOiJhbmVza29zdHJlYmE0OEBnbWFpbC5jb20iLCJleHAiOjE3MTAxNjM0MTEuNjk3LCJpcCI6Ijo6MSIsInVhIjoiUG9zdG1hblJ1bnRpbWUvNy4zNi4xIiwiaWF0IjoxNzA3NDg1MDExfQ.IQJyVqE1ErGIiCEjzIDglMs7oOmSbNjqblh_4cXiK6Y', '2024-03-11 13:23:31', 1),
	(40, 25, '2024-02-09 13:23:39', 'eyJhbGciOiJIUzI1NiIsInR5cCI6IkpXVCJ9.eyJyb2xlIjoidXNlciIsImlkIjoyNSwiaWRlbnRpdHkiOiJhbmVza29zdHJlYmE0OEBnbWFpbC5jb20iLCJleHAiOjE3MTAxNjM0MTkuOTE3LCJpcCI6Ijo6MSIsInVhIjoiTW96aWxsYS81LjAgKFdpbmRvd3MgTlQgMTAuMDsgV2luNjQ7IHg2NCkgQXBwbGVXZWJLaXQvNTM3LjM2IChLSFRNTCwgbGlrZSBHZWNrbykgQ2hyb21lLzEyMS4wLjAuMCBTYWZhcmkvNTM3LjM2IiwiaWF0IjoxNzA3NDg1MDE5fQ.OrdoA77_ussTRKY2lZOuRr5QeqGWXAzmSKbZo8i0Hvw', '2024-03-11 13:23:39', 1),
	(41, 25, '2024-02-09 13:31:04', 'eyJhbGciOiJIUzI1NiIsInR5cCI6IkpXVCJ9.eyJyb2xlIjoidXNlciIsImlkIjoyNSwiaWRlbnRpdHkiOiJhbmVza29zdHJlYmE0OEBnbWFpbC5jb20iLCJleHAiOjE3MTAxNjM4NjQuNzU4LCJpcCI6Ijo6MSIsInVhIjoiUG9zdG1hblJ1bnRpbWUvNy4zNi4xIiwiaWF0IjoxNzA3NDg1NDY0fQ.LVAE4ylhcucifUOUaZmjbk6fJ7sdROhNS5dBgnGZEmE', '2024-03-11 13:31:04', 1),
	(42, 25, '2024-02-09 13:36:18', 'eyJhbGciOiJIUzI1NiIsInR5cCI6IkpXVCJ9.eyJyb2xlIjoidXNlciIsImlkIjoyNSwiaWRlbnRpdHkiOiJhbmVza29zdHJlYmE0OEBnbWFpbC5jb20iLCJleHAiOjE3MTAxNjQxNzguMTE5LCJpcCI6Ijo6MSIsInVhIjoiTW96aWxsYS81LjAgKFdpbmRvd3MgTlQgMTAuMDsgV2luNjQ7IHg2NCkgQXBwbGVXZWJLaXQvNTM3LjM2IChLSFRNTCwgbGlrZSBHZWNrbykgQ2hyb21lLzEyMS4wLjAuMCBTYWZhcmkvNTM3LjM2IiwiaWF0IjoxNzA3NDg1Nzc4fQ.AUWykqr1uIpJKRDrEQMd2VLS_xXbLJDptq3arX4t6ps', '2024-03-11 13:36:18', 1),
	(43, 25, '2024-02-09 13:36:43', 'eyJhbGciOiJIUzI1NiIsInR5cCI6IkpXVCJ9.eyJyb2xlIjoidXNlciIsImlkIjoyNSwiaWRlbnRpdHkiOiJhbmVza29zdHJlYmE0OEBnbWFpbC5jb20iLCJleHAiOjE3MTAxNjQyMDMuODE3LCJpcCI6Ijo6MSIsInVhIjoiUG9zdG1hblJ1bnRpbWUvNy4zNi4xIiwiaWF0IjoxNzA3NDg1ODAzfQ.6YMWw5nDzGH4poWJX4CwNDAwbACGrEXsLLdSz0wiM7I', '2024-03-11 13:36:43', 1),
	(44, 25, '2024-02-09 13:36:46', 'eyJhbGciOiJIUzI1NiIsInR5cCI6IkpXVCJ9.eyJyb2xlIjoidXNlciIsImlkIjoyNSwiaWRlbnRpdHkiOiJhbmVza29zdHJlYmE0OEBnbWFpbC5jb20iLCJleHAiOjE3MTAxNjQyMDYuMTYxLCJpcCI6Ijo6MSIsInVhIjoiUG9zdG1hblJ1bnRpbWUvNy4zNi4xIiwiaWF0IjoxNzA3NDg1ODA2fQ.lBV7ywrKDmOGlHzfTBx9pN0VfgTUqU6gsz2QMo1mVU4', '2024-03-11 13:36:46', 1),
	(45, 25, '2024-02-09 13:56:12', 'eyJhbGciOiJIUzI1NiIsInR5cCI6IkpXVCJ9.eyJyb2xlIjoidXNlciIsImlkIjoyNSwiaWRlbnRpdHkiOiJhbmVza29zdHJlYmE0OEBnbWFpbC5jb20iLCJleHAiOjE3MTAxNjUzNzIuNzczLCJpcCI6Ijo6MSIsInVhIjoiUG9zdG1hblJ1bnRpbWUvNy4zNi4xIiwiaWF0IjoxNzA3NDg2OTcyfQ.MpNNbMk7YSVemQAC16IN64oZW7KKzGwCqJlUtqsRtA8', '2024-03-11 13:56:12', 1),
	(46, 25, '2024-02-09 13:56:14', 'eyJhbGciOiJIUzI1NiIsInR5cCI6IkpXVCJ9.eyJyb2xlIjoidXNlciIsImlkIjoyNSwiaWRlbnRpdHkiOiJhbmVza29zdHJlYmE0OEBnbWFpbC5jb20iLCJleHAiOjE3MTAxNjUzNzQuOTE5LCJpcCI6Ijo6MSIsInVhIjoiUG9zdG1hblJ1bnRpbWUvNy4zNi4xIiwiaWF0IjoxNzA3NDg2OTc0fQ.DBfBqnor_XnkD9AdrmxBXEZWnZxCSN5LGYyTswIJfI4', '2024-03-11 13:56:14', 1),
	(47, 25, '2024-02-09 13:56:15', 'eyJhbGciOiJIUzI1NiIsInR5cCI6IkpXVCJ9.eyJyb2xlIjoidXNlciIsImlkIjoyNSwiaWRlbnRpdHkiOiJhbmVza29zdHJlYmE0OEBnbWFpbC5jb20iLCJleHAiOjE3MTAxNjUzNzUuOTYxLCJpcCI6Ijo6MSIsInVhIjoiUG9zdG1hblJ1bnRpbWUvNy4zNi4xIiwiaWF0IjoxNzA3NDg2OTc1fQ.rb1FMILQldRg4CcMo7QIxr8KbR_KIX0I_WSuZ6VWXGM', '2024-03-11 13:56:15', 1),
	(48, 30, '2024-02-09 13:57:27', 'eyJhbGciOiJIUzI1NiIsInR5cCI6IkpXVCJ9.eyJyb2xlIjoidXNlciIsImlkIjozMCwiaWRlbnRpdHkiOiJhbmVza29zdHJlYmE4QGdtYWlsLmNvbSIsImV4cCI6MTcxMDE2NTQ0Ny44NTYsImlwIjoiOjoxIiwidWEiOiJQb3N0bWFuUnVudGltZS83LjM2LjEiLCJpYXQiOjE3MDc0ODcwNDd9.jRQGLIWEbL9HgQcoU9z8wRgl2iXhG7H2IvujrorJECg', '2024-03-11 13:57:27', 1),
	(49, 30, '2024-02-10 07:08:16', 'eyJhbGciOiJIUzI1NiIsInR5cCI6IkpXVCJ9.eyJyb2xlIjoidXNlciIsImlkIjozMCwiaWRlbnRpdHkiOiJhbmVza29zdHJlYmE4QGdtYWlsLmNvbSIsImV4cCI6MTcxMDIyNzI5Ni42LCJpcCI6Ijo6MSIsInVhIjoiTW96aWxsYS81LjAgKFdpbmRvd3MgTlQgMTAuMDsgV2luNjQ7IHg2NCkgQXBwbGVXZWJLaXQvNTM3LjM2IChLSFRNTCwgbGlrZSBHZWNrbykgQ2hyb21lLzEyMS4wLjAuMCBTYWZhcmkvNTM3LjM2IiwiaWF0IjoxNzA3NTQ4ODk2fQ.FC-vkSI5SAR5puDqc9ygGqCdYR3EIWIr2uLikPQBItY', '2024-03-12 07:08:16', 1),
	(50, 30, '2024-02-20 09:29:55', 'eyJhbGciOiJIUzI1NiIsInR5cCI6IkpXVCJ9.eyJyb2xlIjoidXNlciIsImlkIjozMCwiaWRlbnRpdHkiOiJhbmVza29zdHJlYmE4QGdtYWlsLmNvbSIsImV4cCI6MTcxMTA5OTc5NS40NywiaXAiOiI6OjEiLCJ1YSI6IlBvc3RtYW5SdW50aW1lLzcuMzYuMSIsImlhdCI6MTcwODQyMTM5NX0.eniktUUHB8qISBhHRKhRQ_8e8Qu2eAs7s2WRcjg92h0', '2024-03-22 09:29:55', 1),
	(51, 30, '2024-02-20 11:37:31', 'eyJhbGciOiJIUzI1NiIsInR5cCI6IkpXVCJ9.eyJyb2xlIjoidXNlciIsImlkIjozMCwiaWRlbnRpdHkiOiJhbmVza29zdHJlYmE4QGdtYWlsLmNvbSIsImV4cCI6MTcxMTEwNzQ1MS44NDIsImlwIjoiOjoxIiwidWEiOiJNb3ppbGxhLzUuMCAoV2luZG93cyBOVCAxMC4wOyBXaW42NDsgeDY0KSBBcHBsZVdlYktpdC81MzcuMzYgKEtIVE1MLCBsaWtlIEdlY2tvKSBDaHJvbWUvMTIxLjAuMC4wIFNhZmFyaS81MzcuMzYiLCJpYXQiOjE3MDg0MjkwNTF9.XeJtr9RvxkFiW2YdYy_nT7dVDdbZlKCRjf8xkgmFgd8', '2024-03-22 11:37:31', 1),
	(52, 30, '2024-02-20 11:46:55', 'eyJhbGciOiJIUzI1NiIsInR5cCI6IkpXVCJ9.eyJyb2xlIjoidXNlciIsImlkIjozMCwiaWRlbnRpdHkiOiJhbmVza29zdHJlYmE4QGdtYWlsLmNvbSIsImV4cCI6MTcxMTEwODAxNS40NjIsImlwIjoiOjoxIiwidWEiOiJNb3ppbGxhLzUuMCAoV2luZG93cyBOVCAxMC4wOyBXaW42NDsgeDY0KSBBcHBsZVdlYktpdC81MzcuMzYgKEtIVE1MLCBsaWtlIEdlY2tvKSBDaHJvbWUvMTIxLjAuMC4wIFNhZmFyaS81MzcuMzYiLCJpYXQiOjE3MDg0Mjk2MTV9.W2XPd9KsNwhNaESMQrCNQoEA9PIQVdPRS8c1c5Pazlg', '2024-03-22 11:46:55', 1),
	(53, 30, '2024-03-01 07:49:05', 'eyJhbGciOiJIUzI1NiIsInR5cCI6IkpXVCJ9.eyJyb2xlIjoidXNlciIsImlkIjozMCwiaWRlbnRpdHkiOiJhbmVza29zdHJlYmE4QGdtYWlsLmNvbSIsImV4cCI6MTcxMTk1Nzc0NS42ODQsImlwIjoiOjoxIiwidWEiOiJNb3ppbGxhLzUuMCAoV2luZG93cyBOVCAxMC4wOyBXaW42NDsgeDY0KSBBcHBsZVdlYktpdC81MzcuMzYgKEtIVE1MLCBsaWtlIEdlY2tvKSBDaHJvbWUvMTIyLjAuMC4wIFNhZmFyaS81MzcuMzYiLCJpYXQiOjE3MDkyNzkzNDV9.TI0OOYmhv7JcmHNr-BB9JD8QUOSvlqZKZiizHs9IdXs', '2024-04-01 07:49:05', 1),
	(54, 30, '2024-03-03 08:55:52', 'eyJhbGciOiJIUzI1NiIsInR5cCI6IkpXVCJ9.eyJyb2xlIjoidXNlciIsImlkIjozMCwiaWRlbnRpdHkiOiJhbmVza29zdHJlYmE4QGdtYWlsLmNvbSIsImV4cCI6MTcxMjEzNDU1Mi41NDEsImlwIjoiOjoxIiwidWEiOiJNb3ppbGxhLzUuMCAoV2luZG93cyBOVCAxMC4wOyBXaW42NDsgeDY0KSBBcHBsZVdlYktpdC81MzcuMzYgKEtIVE1MLCBsaWtlIEdlY2tvKSBDaHJvbWUvMTIyLjAuMC4wIFNhZmFyaS81MzcuMzYiLCJpYXQiOjE3MDk0NTYxNTJ9.7xy29mec1wnaGK8-2ZsrFaiL6nz7kbpHXy4zNave65g', '2024-04-03 08:55:52', 1),
	(55, 30, '2024-03-04 08:17:34', 'eyJhbGciOiJIUzI1NiIsInR5cCI6IkpXVCJ9.eyJyb2xlIjoidXNlciIsImlkIjozMCwiaWRlbnRpdHkiOiJhbmVza29zdHJlYmE4QGdtYWlsLmNvbSIsImV4cCI6MTcxMjIxODY1NC4yODIsImlwIjoiOjpmZmZmOjEyNy4wLjAuMSIsInVhIjoiTW96aWxsYS81LjAgKFdpbmRvd3MgTlQgMTAuMDsgV2luNjQ7IHg2NDsgcnY6MTIzLjApIEdlY2tvLzIwMTAwMTAxIEZpcmVmb3gvMTIzLjAiLCJpYXQiOjE3MDk1NDAyNTR9.zbNJzDDZ3pQ4q6LDPyAg6r5RipoDqMsOsUYODQSrV5U', '2024-04-04 08:17:34', 1),
	(56, 31, '2024-03-20 09:10:13', 'eyJhbGciOiJIUzI1NiIsInR5cCI6IkpXVCJ9.eyJyb2xlIjoidXNlciIsImlkIjozMSwiaWRlbnRpdHkiOiJuZWtpbWVqbEB5YWhvby5jb20iLCJleHAiOjE3MTM2MDQyMTMuMDI0LCJpcCI6Ijo6MSIsInVhIjoiTW96aWxsYS81LjAgKFdpbmRvd3MgTlQgMTAuMDsgV2luNjQ7IHg2NCkgQXBwbGVXZWJLaXQvNTM3LjM2IChLSFRNTCwgbGlrZSBHZWNrbykgQ2hyb21lLzEyMi4wLjAuMCBTYWZhcmkvNTM3LjM2IiwiaWF0IjoxNzEwOTI1ODEzfQ.7klaNLEshSC_PjNafzS8xTMWtcML2TpIzOqC2hv6L5E', '2024-04-20 09:10:13', 1),
	(57, 31, '2024-03-20 09:11:43', 'eyJhbGciOiJIUzI1NiIsInR5cCI6IkpXVCJ9.eyJyb2xlIjoidXNlciIsImlkIjozMSwiaWRlbnRpdHkiOiJuZWtpbWVqbEB5YWhvby5jb20iLCJleHAiOjE3MTM2MDQzMDMuNzcsImlwIjoiOjoxIiwidWEiOiJNb3ppbGxhLzUuMCAoV2luZG93cyBOVCAxMC4wOyBXaW42NDsgeDY0KSBBcHBsZVdlYktpdC81MzcuMzYgKEtIVE1MLCBsaWtlIEdlY2tvKSBDaHJvbWUvMTIyLjAuMC4wIFNhZmFyaS81MzcuMzYiLCJpYXQiOjE3MTA5MjU5MDN9.rdFbOq9uF7DLH3p08lt5ShI4q_UEbD8MzlBYAef2-Ek', '2024-04-20 09:11:43', 1),
	(58, 30, '2024-03-20 10:59:06', 'eyJhbGciOiJIUzI1NiIsInR5cCI6IkpXVCJ9.eyJyb2xlIjoidXNlciIsImlkIjozMCwiaWRlbnRpdHkiOiJhbmVza29zdHJlYmE4QGdtYWlsLmNvbSIsImV4cCI6MTcxMzYxMDc0Ni44OTQsImlwIjoiOjpmZmZmOjEyNy4wLjAuMSIsInVhIjoiTW96aWxsYS81LjAgKFdpbmRvd3MgTlQgMTAuMDsgV2luNjQ7IHg2NDsgcnY6MTIzLjApIEdlY2tvLzIwMTAwMTAxIEZpcmVmb3gvMTIzLjAiLCJpYXQiOjE3MTA5MzIzNDZ9.YUe209DrRKSPamRqrge975Ur4iFLqHQCYRKmJ30i0Fo', '2024-04-20 10:59:06', 1),
	(59, 30, '2024-03-21 10:42:23', 'eyJhbGciOiJIUzI1NiIsInR5cCI6IkpXVCJ9.eyJyb2xlIjoidXNlciIsImlkIjozMCwiaWRlbnRpdHkiOiJhbmVza29zdHJlYmE4QGdtYWlsLmNvbSIsImV4cCI6MTcxMzY5NjE0My4zOTQsImlwIjoiOjoxIiwidWEiOiJQb3N0bWFuUnVudGltZS83LjM2LjMiLCJpYXQiOjE3MTEwMTc3NDN9.0Xig8eHHYeCxwOeyPfP_DjG78hzB0Jl1lrKKO64Sh5k', '2024-04-21 10:42:23', 1),
	(60, 30, '2024-03-23 11:51:26', 'eyJhbGciOiJIUzI1NiIsInR5cCI6IkpXVCJ9.eyJyb2xlIjoidXNlciIsImlkIjozMCwiaWRlbnRpdHkiOiJhbmVza29zdHJlYmE4QGdtYWlsLmNvbSIsImV4cCI6MTcxMzg3MzA4Ni44NjIsImlwIjoiOjoxIiwidWEiOiJQb3N0bWFuUnVudGltZS83LjM2LjMiLCJpYXQiOjE3MTExOTQ2ODZ9.3ev4SY-trDzebyRwieBJgAg98mNwPghPHQnQ7D9WQvE', '2024-04-23 11:51:26', 1),
	(61, 30, '2024-03-23 11:51:41', 'eyJhbGciOiJIUzI1NiIsInR5cCI6IkpXVCJ9.eyJyb2xlIjoidXNlciIsImlkIjozMCwiaWRlbnRpdHkiOiJhbmVza29zdHJlYmE4QGdtYWlsLmNvbSIsImV4cCI6MTcxMzg3MzEwMS4wMTcsImlwIjoiOjoxIiwidWEiOiJNb3ppbGxhLzUuMCAoV2luZG93cyBOVCAxMC4wOyBXaW42NDsgeDY0KSBBcHBsZVdlYktpdC81MzcuMzYgKEtIVE1MLCBsaWtlIEdlY2tvKSBDaHJvbWUvMTIzLjAuMC4wIFNhZmFyaS81MzcuMzYiLCJpYXQiOjE3MTExOTQ3MDF9.k1V7-CK421c18rslTo4PDNP-0iofTO_dHKm_seWwIKs', '2024-04-23 11:51:41', 1),
	(62, 30, '2024-03-26 14:32:21', 'eyJhbGciOiJIUzI1NiIsInR5cCI6IkpXVCJ9.eyJyb2xlIjoidXNlciIsImlkIjozMCwiaWRlbnRpdHkiOiJhbmVza29zdHJlYmE4QGdtYWlsLmNvbSIsImV4cCI6MTcxNDE0MTk0MS40MDEsImlwIjoiOjoxIiwidWEiOiJNb3ppbGxhLzUuMCAoV2luZG93cyBOVCAxMC4wOyBXaW42NDsgeDY0KSBBcHBsZVdlYktpdC81MzcuMzYgKEtIVE1MLCBsaWtlIEdlY2tvKSBDaHJvbWUvMTIzLjAuMC4wIFNhZmFyaS81MzcuMzYiLCJpYXQiOjE3MTE0NjM1NDF9.80uV3dQFbJ02RaMVDFRAUnbT-f8m0fYdzd6kHmmLIYE', '2024-04-26 14:32:21', 1),
	(63, 30, '2024-03-27 09:02:35', 'eyJhbGciOiJIUzI1NiIsInR5cCI6IkpXVCJ9.eyJyb2xlIjoidXNlciIsImlkIjozMCwiaWRlbnRpdHkiOiJhbmVza29zdHJlYmE4QGdtYWlsLmNvbSIsImV4cCI6MTcxNDIwODU1NS4yODQsImlwIjoiOjoxIiwidWEiOiJNb3ppbGxhLzUuMCAoV2luZG93cyBOVCAxMC4wOyBXaW42NDsgeDY0KSBBcHBsZVdlYktpdC81MzcuMzYgKEtIVE1MLCBsaWtlIEdlY2tvKSBDaHJvbWUvMTIzLjAuMC4wIFNhZmFyaS81MzcuMzYiLCJpYXQiOjE3MTE1MzAxNTV9.GEfH5460oALQU59iO-ODWHvFoLHfUU1LU2U560dk-ZY', '2024-04-27 09:02:35', 1),
	(64, 30, '2024-03-27 09:04:29', 'eyJhbGciOiJIUzI1NiIsInR5cCI6IkpXVCJ9.eyJyb2xlIjoidXNlciIsImlkIjozMCwiaWRlbnRpdHkiOiJhbmVza29zdHJlYmE4QGdtYWlsLmNvbSIsImV4cCI6MTcxNDIwODY2OS44MTksImlwIjoiOjpmZmZmOjEyNy4wLjAuMSIsInVhIjoiTW96aWxsYS81LjAgKFdpbmRvd3MgTlQgMTAuMDsgV2luNjQ7IHg2NDsgcnY6MTI0LjApIEdlY2tvLzIwMTAwMTAxIEZpcmVmb3gvMTI0LjAiLCJpYXQiOjE3MTE1MzAyNjl9.ErAVgKT0udixOuFZM1y85DX9KYVFUE6Bgp0ka0aqjHY', '2024-04-27 09:04:29', 1),
	(65, 30, '2024-03-27 10:04:20', 'eyJhbGciOiJIUzI1NiIsInR5cCI6IkpXVCJ9.eyJyb2xlIjoidXNlciIsImlkIjozMCwiaWRlbnRpdHkiOiJhbmVza29zdHJlYmE4QGdtYWlsLmNvbSIsImV4cCI6MTcxNDIxMjI2MC4wOTEsImlwIjoiOjpmZmZmOjEyNy4wLjAuMSIsInVhIjoiTW96aWxsYS81LjAgKGlQaG9uZTsgQ1BVIGlQaG9uZSBPUyAxNF82IGxpa2UgTWFjIE9TIFgpIEFwcGxlV2ViS2l0LzYwNS4xLjE1IChLSFRNTCwgbGlrZSBHZWNrbykgVmVyc2lvbi8xNC4wLjMgTW9iaWxlLzE1RTE0OCBTYWZhcmkvNjA0LjEiLCJpYXQiOjE3MTE1MzM4NjB9.2IDT3axOYqYrBDUJ_71pFX3uZz1wuAwA6AKFYsAOKUI', '2024-04-27 10:04:20', 1),
	(66, 30, '2024-03-27 10:05:48', 'eyJhbGciOiJIUzI1NiIsInR5cCI6IkpXVCJ9.eyJyb2xlIjoidXNlciIsImlkIjozMCwiaWRlbnRpdHkiOiJhbmVza29zdHJlYmE4QGdtYWlsLmNvbSIsImV4cCI6MTcxNDIxMjM0OC44NTYsImlwIjoiOjpmZmZmOjEyNy4wLjAuMSIsInVhIjoiTW96aWxsYS81LjAgKFdpbmRvd3MgTlQgMTAuMDsgV2luNjQ7IHg2NDsgcnY6MTI0LjApIEdlY2tvLzIwMTAwMTAxIEZpcmVmb3gvMTI0LjAiLCJpYXQiOjE3MTE1MzM5NDh9.qfA3H3qeihmet3czcNgXggrpJAs836tMc4kt16UnIOQ', '2024-04-27 10:05:48', 1),
	(67, 30, '2024-03-28 07:09:20', 'eyJhbGciOiJIUzI1NiIsInR5cCI6IkpXVCJ9.eyJyb2xlIjoidXNlciIsImlkIjozMCwiaWRlbnRpdHkiOiJhbmVza29zdHJlYmE4QGdtYWlsLmNvbSIsImV4cCI6MTcxNDI4ODE2MC4zNTQsImlwIjoiOjoxIiwidWEiOiJNb3ppbGxhLzUuMCAoV2luZG93cyBOVCAxMC4wOyBXaW42NDsgeDY0KSBBcHBsZVdlYktpdC81MzcuMzYgKEtIVE1MLCBsaWtlIEdlY2tvKSBDaHJvbWUvMTIzLjAuMC4wIFNhZmFyaS81MzcuMzYiLCJpYXQiOjE3MTE2MDk3NjB9.RGaDKUyiuKdSt-GX5AfJuoiXcuCFfPEgUL9b1Xg3Bro', '2024-04-28 07:09:20', 1),
	(68, 30, '2024-03-29 08:04:12', 'eyJhbGciOiJIUzI1NiIsInR5cCI6IkpXVCJ9.eyJyb2xlIjoidXNlciIsImlkIjozMCwiaWRlbnRpdHkiOiJhbmVza29zdHJlYmE4QGdtYWlsLmNvbSIsImV4cCI6MTcxNDM3Nzg1Mi44OTYsImlwIjoiOjoxIiwidWEiOiJQb3N0bWFuUnVudGltZS83LjM3LjAiLCJpYXQiOjE3MTE2OTk0NTJ9.NTEI46bWEX5mgkFM-xgWxwM7eNqPjmJHfuYLGRan82o', '2024-04-29 08:04:12', 1),
	(69, 30, '2024-03-29 14:02:47', 'eyJhbGciOiJIUzI1NiIsInR5cCI6IkpXVCJ9.eyJyb2xlIjoidXNlciIsImlkIjozMCwiaWRlbnRpdHkiOiJhbmVza29zdHJlYmE4QGdtYWlsLmNvbSIsImV4cCI6MTcxNDM5OTM2Ny41NzksImlwIjoiOjoxIiwidWEiOiJNb3ppbGxhLzUuMCAoV2luZG93cyBOVCAxMC4wOyBXaW42NDsgeDY0KSBBcHBsZVdlYktpdC81MzcuMzYgKEtIVE1MLCBsaWtlIEdlY2tvKSBDaHJvbWUvMTIzLjAuMC4wIFNhZmFyaS81MzcuMzYiLCJpYXQiOjE3MTE3MjA5Njd9.jfKeAZiC6c23qCmQIBY6vFCHN-LamGgITk3UQ7GRPPY', '2024-04-29 14:02:47', 1),
	(70, 30, '2024-03-30 08:35:17', 'eyJhbGciOiJIUzI1NiIsInR5cCI6IkpXVCJ9.eyJyb2xlIjoidXNlciIsImlkIjozMCwiaWRlbnRpdHkiOiJhbmVza29zdHJlYmE4QGdtYWlsLmNvbSIsImV4cCI6MTcxNDQ2NjExNy4wNzUsImlwIjoiOjoxIiwidWEiOiJQb3N0bWFuUnVudGltZS83LjM3LjAiLCJpYXQiOjE3MTE3ODc3MTd9.VIdWNDGyvdWEm-IXZ5a8uMBECzquYDscSE5XkWPZ6pM', '2024-04-30 08:35:17', 1),
	(71, 30, '2024-03-30 08:52:03', 'eyJhbGciOiJIUzI1NiIsInR5cCI6IkpXVCJ9.eyJyb2xlIjoidXNlciIsImlkIjozMCwiaWRlbnRpdHkiOiJhbmVza29zdHJlYmE4QGdtYWlsLmNvbSIsImV4cCI6MTcxNDQ2NzEyMy4yMDUsImlwIjoiOjoxIiwidWEiOiJQb3N0bWFuUnVudGltZS83LjM3LjAiLCJpYXQiOjE3MTE3ODg3MjN9.VqUw6H1TdRsxes8MB5l_gyNTOSyda2MEFssi4Gug0kk', '2024-04-30 08:52:03', 1),
	(72, 30, '2024-03-30 09:44:15', 'eyJhbGciOiJIUzI1NiIsInR5cCI6IkpXVCJ9.eyJyb2xlIjoidXNlciIsImlkIjozMCwiaWRlbnRpdHkiOiJhbmVza29zdHJlYmE4QGdtYWlsLmNvbSIsImV4cCI6MTcxNDQ3MDI1NS40NDYsImlwIjoiOjoxIiwidWEiOiJNb3ppbGxhLzUuMCAoV2luZG93cyBOVCAxMC4wOyBXaW42NDsgeDY0KSBBcHBsZVdlYktpdC81MzcuMzYgKEtIVE1MLCBsaWtlIEdlY2tvKSBDaHJvbWUvMTIzLjAuMC4wIFNhZmFyaS81MzcuMzYiLCJpYXQiOjE3MTE3OTE4NTV9.V4VpUHv-AsqsQmm20YXNjY5-sJYpkzgpfL0ygJknu2Y', '2024-04-30 09:44:15', 1),
	(73, 30, '2024-04-03 06:25:10', 'eyJhbGciOiJIUzI1NiIsInR5cCI6IkpXVCJ9.eyJyb2xlIjoidXNlciIsImlkIjozMCwiaWRlbnRpdHkiOiJhbmVza29zdHJlYmE4QGdtYWlsLmNvbSIsImV4cCI6MTcxNDgwMzkxMC4xODQsImlwIjoiOjpmZmZmOjEyNy4wLjAuMSIsInVhIjoiTW96aWxsYS81LjAgKFdpbmRvd3MgTlQgMTAuMDsgV2luNjQ7IHg2NDsgcnY6MTI0LjApIEdlY2tvLzIwMTAwMTAxIEZpcmVmb3gvMTI0LjAiLCJpYXQiOjE3MTIxMjU1MTB9.ewYnGp2ndWWmMN-r-Dvds9JTTZf7mO91GxfJ-V5ZOxs', '2024-05-04 06:25:10', 1),
	(74, 30, '2024-04-03 08:57:56', 'eyJhbGciOiJIUzI1NiIsInR5cCI6IkpXVCJ9.eyJyb2xlIjoidXNlciIsImlkIjozMCwiaWRlbnRpdHkiOiJhbmVza29zdHJlYmE4QGdtYWlsLmNvbSIsImV4cCI6MTcxNDgxMzA3Ni4xMDgsImlwIjoiOjpmZmZmOjEyNy4wLjAuMSIsInVhIjoiTW96aWxsYS81LjAgKFdpbmRvd3MgTlQgMTAuMDsgV2luNjQ7IHg2NDsgcnY6MTI0LjApIEdlY2tvLzIwMTAwMTAxIEZpcmVmb3gvMTI0LjAiLCJpYXQiOjE3MTIxMzQ2NzZ9.izYXG103MMIadkIpDM4Abw41k7GNfp3xH7JNkCp0XZY', '2024-05-04 08:57:56', 1),
	(75, 30, '2024-04-04 10:03:34', 'eyJhbGciOiJIUzI1NiIsInR5cCI6IkpXVCJ9.eyJyb2xlIjoidXNlciIsImlkIjozMCwiaWRlbnRpdHkiOiJhbmVza29zdHJlYmE4QGdtYWlsLmNvbSIsImV4cCI6MTcxNDkwMzQxNC41NTYsImlwIjoiOjoxIiwidWEiOiJQb3N0bWFuUnVudGltZS83LjM3LjAiLCJpYXQiOjE3MTIyMjUwMTR9.itDc-rvydZOiIEfNZxph5TDNRbTHunbDFkXHwYyqu_w', '2024-05-05 10:03:34', 1),
	(76, 30, '2024-04-08 08:56:26', 'eyJhbGciOiJIUzI1NiIsInR5cCI6IkpXVCJ9.eyJyb2xlIjoidXNlciIsImlkIjozMCwiaWRlbnRpdHkiOiJhbmVza29zdHJlYmE4QGdtYWlsLmNvbSIsImV4cCI6MTcxNTI0NDk4Ni44NTMsImlwIjoiOjoxIiwidWEiOiJQb3N0bWFuUnVudGltZS83LjM3LjMiLCJpYXQiOjE3MTI1NjY1ODZ9.heMGRByB1t6Z4P50JFG-8WHC0_uF1WZ-cHcYQenKcFo', '2024-05-09 08:56:26', 1),
	(77, 30, '2024-04-15 06:43:27', 'eyJhbGciOiJIUzI1NiIsInR5cCI6IkpXVCJ9.eyJyb2xlIjoidXNlciIsImlkIjozMCwiaWRlbnRpdHkiOiJhbmVza29zdHJlYmE4QGdtYWlsLmNvbSIsImV4cCI6MTcxNTg0MTgwNy44NTksImlwIjoiOjoxIiwidWEiOiJQb3N0bWFuUnVudGltZS83LjM3LjMiLCJpYXQiOjE3MTMxNjM0MDd9.9T-YqESkhLGk44klMoF_qFalELyWQt2YUvoEgIpVIII', '2024-05-16 06:43:27', 1),
	(78, 30, '2024-04-16 09:30:07', 'eyJhbGciOiJIUzI1NiIsInR5cCI6IkpXVCJ9.eyJyb2xlIjoidXNlciIsImlkIjozMCwiaWRlbnRpdHkiOiJhbmVza29zdHJlYmE4QGdtYWlsLmNvbSIsImV4cCI6MTcxNTkzODIwNy4wNzksImlwIjoiOjoxIiwidWEiOiJNb3ppbGxhLzUuMCAoV2luZG93cyBOVCAxMC4wOyBXaW42NDsgeDY0KSBBcHBsZVdlYktpdC81MzcuMzYgKEtIVE1MLCBsaWtlIEdlY2tvKSBDaHJvbWUvMTIzLjAuMC4wIFNhZmFyaS81MzcuMzYiLCJpYXQiOjE3MTMyNTk4MDd9.mThpBJqeBaQzDGLdS3asRlTm55VETpntLN96-Ik35YQ', '2024-05-17 09:30:07', 1),
	(79, 30, '2024-04-17 11:09:15', 'eyJhbGciOiJIUzI1NiIsInR5cCI6IkpXVCJ9.eyJyb2xlIjoidXNlciIsImlkIjozMCwiaWRlbnRpdHkiOiJhbmVza29zdHJlYmE4QGdtYWlsLmNvbSIsImV4cCI6MTcxNjAzMDU1NS40NzgsImlwIjoiOjoxIiwidWEiOiJNb3ppbGxhLzUuMCAoV2luZG93cyBOVCAxMC4wOyBXaW42NDsgeDY0KSBBcHBsZVdlYktpdC81MzcuMzYgKEtIVE1MLCBsaWtlIEdlY2tvKSBDaHJvbWUvMTIzLjAuMC4wIFNhZmFyaS81MzcuMzYiLCJpYXQiOjE3MTMzNTIxNTV9.wCJm1LOHL2EAb5NCqqDCkxAiygCTvp-0jQyMAoPM1Ok', '2024-05-18 11:09:15', 1),
	(80, 30, '2024-04-18 10:09:42', 'eyJhbGciOiJIUzI1NiIsInR5cCI6IkpXVCJ9.eyJyb2xlIjoidXNlciIsImlkIjozMCwiaWRlbnRpdHkiOiJhbmVza29zdHJlYmE4QGdtYWlsLmNvbSIsImV4cCI6MTcxNjExMzM4Mi42OTQsImlwIjoiOjoxIiwidWEiOiJQb3N0bWFuUnVudGltZS83LjM3LjMiLCJpYXQiOjE3MTM0MzQ5ODJ9.ym_8MclfQ9K9hGeTzOTgukb-SL-zK9JpxDDfRRztGJw', '2024-05-19 10:09:42', 1),
	(81, 33, '2024-04-18 10:13:08', 'eyJhbGciOiJIUzI1NiIsInR5cCI6IkpXVCJ9.eyJyb2xlIjoidXNlciIsImlkIjozMywiaWRlbnRpdHkiOiJhbmVza29zdHJlYmFAZ21haWwuY29tIiwiZXhwIjoxNzE2MTEzNTg4LjE5MywiaXAiOiI6OjEiLCJ1YSI6Ik1vemlsbGEvNS4wIChXaW5kb3dzIE5UIDEwLjA7IFdpbjY0OyB4NjQpIEFwcGxlV2ViS2l0LzUzNy4zNiAoS0hUTUwsIGxpa2UgR2Vja28pIENocm9tZS8xMjMuMC4wLjAgU2FmYXJpLzUzNy4zNiIsImlhdCI6MTcxMzQzNTE4OH0.36H3XgOQKCW_rwsnBJaHHTWOMcrGqB7Rcw1bYLCyYDg', '2024-05-19 10:13:08', 1),
	(82, 30, '2024-05-08 09:18:08', 'eyJhbGciOiJIUzI1NiIsInR5cCI6IkpXVCJ9.eyJyb2xlIjoidXNlciIsImlkIjozMCwiaWRlbnRpdHkiOiJhbmVza29zdHJlYmE4QGdtYWlsLmNvbSIsImV4cCI6MTcxNzgzODI4OC44OCwiaXAiOiI6OjEiLCJ1YSI6Ik1vemlsbGEvNS4wIChXaW5kb3dzIE5UIDEwLjA7IFdpbjY0OyB4NjQpIEFwcGxlV2ViS2l0LzUzNy4zNiAoS0hUTUwsIGxpa2UgR2Vja28pIENocm9tZS8xMjQuMC4wLjAgU2FmYXJpLzUzNy4zNiIsImlhdCI6MTcxNTE1OTg4OH0.2oWgt908oqv39AKsvBB3mr1BpT4_pwaYotjxL3-HZ-E', '2024-06-08 09:18:08', 1),
	(83, 30, '2024-05-12 06:13:47', 'eyJhbGciOiJIUzI1NiIsInR5cCI6IkpXVCJ9.eyJyb2xlIjoidXNlciIsImlkIjozMCwiaWRlbnRpdHkiOiJhbmVza29zdHJlYmE4QGdtYWlsLmNvbSIsImV4cCI6MTcxODE3MjgyNy41NDUsImlwIjoiOjoxIiwidWEiOiJQb3N0bWFuUnVudGltZS83LjM3LjMiLCJpYXQiOjE3MTU0OTQ0Mjd9.2lFc3RQYucPJgTOuHbDs-qTGB7oJE1Hp8QLawCs9OCI', '2024-06-12 06:13:47', 1),
	(84, 30, '2024-05-12 07:12:46', 'eyJhbGciOiJIUzI1NiIsInR5cCI6IkpXVCJ9.eyJyb2xlIjoidXNlciIsImlkIjozMCwiaWRlbnRpdHkiOiJhbmVza29zdHJlYmE4QGdtYWlsLmNvbSIsImV4cCI6MTcxODE3NjM2Ni44NDYsImlwIjoiOjoxIiwidWEiOiJQb3N0bWFuUnVudGltZS83LjM3LjMiLCJpYXQiOjE3MTU0OTc5NjZ9.kgIQhnGsRvQ4KEgSEa7_DP35JcwZ8LhnvCp5B0hCqFI', '2024-06-12 07:12:46', 1),
	(85, 30, '2024-05-15 14:56:48', 'eyJhbGciOiJIUzI1NiIsInR5cCI6IkpXVCJ9.eyJyb2xlIjoidXNlciIsImlkIjozMCwiaWRlbnRpdHkiOiJhbmVza29zdHJlYmE4QGdtYWlsLmNvbSIsImV4cCI6MTcxODQ2MzQwOC42OSwiaXAiOiI6OjEiLCJ1YSI6IlBvc3RtYW5SdW50aW1lLzcuMzcuMyIsImlhdCI6MTcxNTc4NTAwOH0.EXXmvaIBdrKIIajtNOpvvfmfgEmznREaLTOiwiBJ2O4', '2024-06-15 14:56:48', 1),
	(86, 30, '2024-05-21 05:40:26', 'eyJhbGciOiJIUzI1NiIsInR5cCI6IkpXVCJ9.eyJyb2xlIjoidXNlciIsImlkIjozMCwiaWRlbnRpdHkiOiJhbmVza29zdHJlYmE4QGdtYWlsLmNvbSIsImV4cCI6MTcxODk0ODQyNi4xMzksImlwIjoiOjoxIiwidWEiOiJQb3N0bWFuUnVudGltZS83LjM4LjAiLCJpYXQiOjE3MTYyNzAwMjZ9.pk1-RNWUuWa7d878fBtlO0ZXs2AicSQmBrgivYotYoc', '2024-06-21 05:40:26', 1),
	(87, 30, '2024-05-23 08:45:39', 'eyJhbGciOiJIUzI1NiIsInR5cCI6IkpXVCJ9.eyJyb2xlIjoidXNlciIsImlkIjozMCwiaWRlbnRpdHkiOiJhbmVza29zdHJlYmE4QGdtYWlsLmNvbSIsImV4cCI6MTcxOTEzMjMzOS40MjMsImlwIjoiOjoxIiwidWEiOiJNb3ppbGxhLzUuMCAoV2luZG93cyBOVCAxMC4wOyBXaW42NDsgeDY0KSBBcHBsZVdlYktpdC81MzcuMzYgKEtIVE1MLCBsaWtlIEdlY2tvKSBDaHJvbWUvMTI0LjAuMC4wIFNhZmFyaS81MzcuMzYiLCJpYXQiOjE3MTY0NTM5Mzl9.yoyxLZDLRHedZzC1B4NITrrWLuZr1_X8mzcjaACU2rM', '2024-06-23 08:45:39', 1),
	(88, 30, '2024-05-23 08:45:43', 'eyJhbGciOiJIUzI1NiIsInR5cCI6IkpXVCJ9.eyJyb2xlIjoidXNlciIsImlkIjozMCwiaWRlbnRpdHkiOiJhbmVza29zdHJlYmE4QGdtYWlsLmNvbSIsImV4cCI6MTcxOTEzMjM0My45MDIsImlwIjoiOjoxIiwidWEiOiJNb3ppbGxhLzUuMCAoV2luZG93cyBOVCAxMC4wOyBXaW42NDsgeDY0KSBBcHBsZVdlYktpdC81MzcuMzYgKEtIVE1MLCBsaWtlIEdlY2tvKSBDaHJvbWUvMTI0LjAuMC4wIFNhZmFyaS81MzcuMzYiLCJpYXQiOjE3MTY0NTM5NDN9.J-1aEaE1akmlWJvajmoAP-cbyYAQNOuI0rMQI3JX00M', '2024-06-23 08:45:43', 1),
	(89, 30, '2024-05-23 08:45:48', 'eyJhbGciOiJIUzI1NiIsInR5cCI6IkpXVCJ9.eyJyb2xlIjoidXNlciIsImlkIjozMCwiaWRlbnRpdHkiOiJhbmVza29zdHJlYmE4QGdtYWlsLmNvbSIsImV4cCI6MTcxOTEzMjM0OC4yNzEsImlwIjoiOjoxIiwidWEiOiJNb3ppbGxhLzUuMCAoV2luZG93cyBOVCAxMC4wOyBXaW42NDsgeDY0KSBBcHBsZVdlYktpdC81MzcuMzYgKEtIVE1MLCBsaWtlIEdlY2tvKSBDaHJvbWUvMTI0LjAuMC4wIFNhZmFyaS81MzcuMzYiLCJpYXQiOjE3MTY0NTM5NDh9.ijKbFF4sa__CtcxuEYHjT1uGp4Y1hKUX7GL7KIiy3Bo', '2024-06-23 08:45:48', 1),
	(90, 30, '2024-05-23 08:46:04', 'eyJhbGciOiJIUzI1NiIsInR5cCI6IkpXVCJ9.eyJyb2xlIjoidXNlciIsImlkIjozMCwiaWRlbnRpdHkiOiJhbmVza29zdHJlYmE4QGdtYWlsLmNvbSIsImV4cCI6MTcxOTEzMjM2NC4wNzMsImlwIjoiOjoxIiwidWEiOiJNb3ppbGxhLzUuMCAoV2luZG93cyBOVCAxMC4wOyBXaW42NDsgeDY0KSBBcHBsZVdlYktpdC81MzcuMzYgKEtIVE1MLCBsaWtlIEdlY2tvKSBDaHJvbWUvMTI0LjAuMC4wIFNhZmFyaS81MzcuMzYiLCJpYXQiOjE3MTY0NTM5NjR9.XZqTliMJOwm5HbORjoi5OqO2S0YiBv9HWm5fv3ZOVeE', '2024-06-23 08:46:04', 1),
	(91, 30, '2024-05-23 08:46:07', 'eyJhbGciOiJIUzI1NiIsInR5cCI6IkpXVCJ9.eyJyb2xlIjoidXNlciIsImlkIjozMCwiaWRlbnRpdHkiOiJhbmVza29zdHJlYmE4QGdtYWlsLmNvbSIsImV4cCI6MTcxOTEzMjM2Ny43OTMsImlwIjoiOjoxIiwidWEiOiJNb3ppbGxhLzUuMCAoV2luZG93cyBOVCAxMC4wOyBXaW42NDsgeDY0KSBBcHBsZVdlYktpdC81MzcuMzYgKEtIVE1MLCBsaWtlIEdlY2tvKSBDaHJvbWUvMTI0LjAuMC4wIFNhZmFyaS81MzcuMzYiLCJpYXQiOjE3MTY0NTM5Njd9.uHZ38dV_ARtmhSehXeKiwKys348XpBgMW6v_PHlOIqA', '2024-06-23 08:46:07', 1),
	(92, 30, '2024-05-23 08:49:54', 'eyJhbGciOiJIUzI1NiIsInR5cCI6IkpXVCJ9.eyJyb2xlIjoidXNlciIsImlkIjozMCwiaWRlbnRpdHkiOiJhbmVza29zdHJlYmE4QGdtYWlsLmNvbSIsImV4cCI6MTcxOTEzMjU5NC4wMDIsImlwIjoiOjoxIiwidWEiOiJNb3ppbGxhLzUuMCAoV2luZG93cyBOVCAxMC4wOyBXaW42NDsgeDY0KSBBcHBsZVdlYktpdC81MzcuMzYgKEtIVE1MLCBsaWtlIEdlY2tvKSBDaHJvbWUvMTI0LjAuMC4wIFNhZmFyaS81MzcuMzYiLCJpYXQiOjE3MTY0NTQxOTR9.xrqJ3fUEk5QFSxjEa_F6fv2S9RMkRl-ErAbTJVwefwU', '2024-06-23 08:49:54', 1),
	(93, 30, '2024-05-23 08:50:09', 'eyJhbGciOiJIUzI1NiIsInR5cCI6IkpXVCJ9.eyJyb2xlIjoidXNlciIsImlkIjozMCwiaWRlbnRpdHkiOiJhbmVza29zdHJlYmE4QGdtYWlsLmNvbSIsImV4cCI6MTcxOTEzMjYwOS4wODksImlwIjoiOjoxIiwidWEiOiJNb3ppbGxhLzUuMCAoV2luZG93cyBOVCAxMC4wOyBXaW42NDsgeDY0KSBBcHBsZVdlYktpdC81MzcuMzYgKEtIVE1MLCBsaWtlIEdlY2tvKSBDaHJvbWUvMTI0LjAuMC4wIFNhZmFyaS81MzcuMzYiLCJpYXQiOjE3MTY0NTQyMDl9.cptJfc0vLJocJOWUP7xSsI5DoP6EjQqYG1YmvQr7yyg', '2024-06-23 08:50:09', 1),
	(94, 30, '2024-05-23 08:52:09', 'eyJhbGciOiJIUzI1NiIsInR5cCI6IkpXVCJ9.eyJyb2xlIjoidXNlciIsImlkIjozMCwiaWRlbnRpdHkiOiJhbmVza29zdHJlYmE4QGdtYWlsLmNvbSIsImV4cCI6MTcxOTEzMjcyOS4xNiwiaXAiOiI6OjEiLCJ1YSI6Ik1vemlsbGEvNS4wIChXaW5kb3dzIE5UIDEwLjA7IFdpbjY0OyB4NjQpIEFwcGxlV2ViS2l0LzUzNy4zNiAoS0hUTUwsIGxpa2UgR2Vja28pIENocm9tZS8xMjQuMC4wLjAgU2FmYXJpLzUzNy4zNiIsImlhdCI6MTcxNjQ1NDMyOX0.agMDPW1z8eWfh2Hx14nYGayecZkcGfPReIyEVzEUv8E', '2024-06-23 08:52:09', 1),
	(95, 30, '2024-05-23 08:53:27', 'eyJhbGciOiJIUzI1NiIsInR5cCI6IkpXVCJ9.eyJyb2xlIjoidXNlciIsImlkIjozMCwiaWRlbnRpdHkiOiJhbmVza29zdHJlYmE4QGdtYWlsLmNvbSIsImV4cCI6MTcxOTEzMjgwNy4wMDEsImlwIjoiOjoxIiwidWEiOiJNb3ppbGxhLzUuMCAoV2luZG93cyBOVCAxMC4wOyBXaW42NDsgeDY0KSBBcHBsZVdlYktpdC81MzcuMzYgKEtIVE1MLCBsaWtlIEdlY2tvKSBDaHJvbWUvMTI0LjAuMC4wIFNhZmFyaS81MzcuMzYiLCJpYXQiOjE3MTY0NTQ0MDd9.JGJS2iKxShT4ADmSEgdRq56UKGkm-n1a_ZiH1KnqhlQ', '2024-06-23 08:53:27', 1),
	(96, 30, '2024-05-23 08:53:28', 'eyJhbGciOiJIUzI1NiIsInR5cCI6IkpXVCJ9.eyJyb2xlIjoidXNlciIsImlkIjozMCwiaWRlbnRpdHkiOiJhbmVza29zdHJlYmE4QGdtYWlsLmNvbSIsImV4cCI6MTcxOTEzMjgwOC44NjMsImlwIjoiOjoxIiwidWEiOiJNb3ppbGxhLzUuMCAoV2luZG93cyBOVCAxMC4wOyBXaW42NDsgeDY0KSBBcHBsZVdlYktpdC81MzcuMzYgKEtIVE1MLCBsaWtlIEdlY2tvKSBDaHJvbWUvMTI0LjAuMC4wIFNhZmFyaS81MzcuMzYiLCJpYXQiOjE3MTY0NTQ0MDh9.iLjt5Dn82mgj0v-Ii6BY0qvfn9O64sHnkHUZN0xSTaw', '2024-06-23 08:53:28', 1),
	(97, 30, '2024-05-23 08:53:29', 'eyJhbGciOiJIUzI1NiIsInR5cCI6IkpXVCJ9.eyJyb2xlIjoidXNlciIsImlkIjozMCwiaWRlbnRpdHkiOiJhbmVza29zdHJlYmE4QGdtYWlsLmNvbSIsImV4cCI6MTcxOTEzMjgwOS4yMTQsImlwIjoiOjoxIiwidWEiOiJNb3ppbGxhLzUuMCAoV2luZG93cyBOVCAxMC4wOyBXaW42NDsgeDY0KSBBcHBsZVdlYktpdC81MzcuMzYgKEtIVE1MLCBsaWtlIEdlY2tvKSBDaHJvbWUvMTI0LjAuMC4wIFNhZmFyaS81MzcuMzYiLCJpYXQiOjE3MTY0NTQ0MDl9.MKI3ygc1oFxH_-2xMY-bttEQLGjqJa_LiFoSz9wWWjs', '2024-06-23 08:53:29', 1),
	(98, 30, '2024-05-23 08:53:29', 'eyJhbGciOiJIUzI1NiIsInR5cCI6IkpXVCJ9.eyJyb2xlIjoidXNlciIsImlkIjozMCwiaWRlbnRpdHkiOiJhbmVza29zdHJlYmE4QGdtYWlsLmNvbSIsImV4cCI6MTcxOTEzMjgwOS41MjYsImlwIjoiOjoxIiwidWEiOiJNb3ppbGxhLzUuMCAoV2luZG93cyBOVCAxMC4wOyBXaW42NDsgeDY0KSBBcHBsZVdlYktpdC81MzcuMzYgKEtIVE1MLCBsaWtlIEdlY2tvKSBDaHJvbWUvMTI0LjAuMC4wIFNhZmFyaS81MzcuMzYiLCJpYXQiOjE3MTY0NTQ0MDl9.u-h3PhN-ji-Zl7dyJzOKE64r5u0esPGKAuC0xwXapAE', '2024-06-23 08:53:29', 1),
	(99, 30, '2024-05-23 08:53:29', 'eyJhbGciOiJIUzI1NiIsInR5cCI6IkpXVCJ9.eyJyb2xlIjoidXNlciIsImlkIjozMCwiaWRlbnRpdHkiOiJhbmVza29zdHJlYmE4QGdtYWlsLmNvbSIsImV4cCI6MTcxOTEzMjgwOS43MTgsImlwIjoiOjoxIiwidWEiOiJNb3ppbGxhLzUuMCAoV2luZG93cyBOVCAxMC4wOyBXaW42NDsgeDY0KSBBcHBsZVdlYktpdC81MzcuMzYgKEtIVE1MLCBsaWtlIEdlY2tvKSBDaHJvbWUvMTI0LjAuMC4wIFNhZmFyaS81MzcuMzYiLCJpYXQiOjE3MTY0NTQ0MDl9.dDX2MWkjKuSazT7tetDHnNv4LexLjvzB3fkqfHp8pko', '2024-06-23 08:53:29', 1),
	(100, 30, '2024-05-23 08:53:29', 'eyJhbGciOiJIUzI1NiIsInR5cCI6IkpXVCJ9.eyJyb2xlIjoidXNlciIsImlkIjozMCwiaWRlbnRpdHkiOiJhbmVza29zdHJlYmE4QGdtYWlsLmNvbSIsImV4cCI6MTcxOTEzMjgwOS45MDIsImlwIjoiOjoxIiwidWEiOiJNb3ppbGxhLzUuMCAoV2luZG93cyBOVCAxMC4wOyBXaW42NDsgeDY0KSBBcHBsZVdlYktpdC81MzcuMzYgKEtIVE1MLCBsaWtlIEdlY2tvKSBDaHJvbWUvMTI0LjAuMC4wIFNhZmFyaS81MzcuMzYiLCJpYXQiOjE3MTY0NTQ0MDl9.PL0N6yWy7yw6ARslEKECjCeHnnVMzKyCEvbSUVxeCpk', '2024-06-23 08:53:29', 1),
	(101, 30, '2024-05-23 08:58:49', 'eyJhbGciOiJIUzI1NiIsInR5cCI6IkpXVCJ9.eyJyb2xlIjoidXNlciIsImlkIjozMCwiaWRlbnRpdHkiOiJhbmVza29zdHJlYmE4QGdtYWlsLmNvbSIsImV4cCI6MTcxOTEzMzEyOS40MDcsImlwIjoiOjoxIiwidWEiOiJNb3ppbGxhLzUuMCAoV2luZG93cyBOVCAxMC4wOyBXaW42NDsgeDY0KSBBcHBsZVdlYktpdC81MzcuMzYgKEtIVE1MLCBsaWtlIEdlY2tvKSBDaHJvbWUvMTI0LjAuMC4wIFNhZmFyaS81MzcuMzYiLCJpYXQiOjE3MTY0NTQ3Mjl9.FRXb1UMupJ6Ojm3bsa2rgtIjBJtddQVu_fHUSiUw9eo', '2024-06-23 08:58:49', 1),
	(102, 30, '2024-05-23 08:58:51', 'eyJhbGciOiJIUzI1NiIsInR5cCI6IkpXVCJ9.eyJyb2xlIjoidXNlciIsImlkIjozMCwiaWRlbnRpdHkiOiJhbmVza29zdHJlYmE4QGdtYWlsLmNvbSIsImV4cCI6MTcxOTEzMzEzMS4zMjUsImlwIjoiOjoxIiwidWEiOiJNb3ppbGxhLzUuMCAoV2luZG93cyBOVCAxMC4wOyBXaW42NDsgeDY0KSBBcHBsZVdlYktpdC81MzcuMzYgKEtIVE1MLCBsaWtlIEdlY2tvKSBDaHJvbWUvMTI0LjAuMC4wIFNhZmFyaS81MzcuMzYiLCJpYXQiOjE3MTY0NTQ3MzF9.a5q8JEuXFgKo2NrSF8fC7IAcF31QnAalCd06u1FYk_0', '2024-06-23 08:58:51', 1),
	(103, 30, '2024-05-23 08:58:51', 'eyJhbGciOiJIUzI1NiIsInR5cCI6IkpXVCJ9.eyJyb2xlIjoidXNlciIsImlkIjozMCwiaWRlbnRpdHkiOiJhbmVza29zdHJlYmE4QGdtYWlsLmNvbSIsImV4cCI6MTcxOTEzMzEzMS42MzgsImlwIjoiOjoxIiwidWEiOiJNb3ppbGxhLzUuMCAoV2luZG93cyBOVCAxMC4wOyBXaW42NDsgeDY0KSBBcHBsZVdlYktpdC81MzcuMzYgKEtIVE1MLCBsaWtlIEdlY2tvKSBDaHJvbWUvMTI0LjAuMC4wIFNhZmFyaS81MzcuMzYiLCJpYXQiOjE3MTY0NTQ3MzF9.PnBtZbR3rkk0PvOJN9qyXi48ZQTF1Qlxa6gwek7EoS8', '2024-06-23 08:58:51', 1),
	(104, 30, '2024-05-23 08:58:51', 'eyJhbGciOiJIUzI1NiIsInR5cCI6IkpXVCJ9.eyJyb2xlIjoidXNlciIsImlkIjozMCwiaWRlbnRpdHkiOiJhbmVza29zdHJlYmE4QGdtYWlsLmNvbSIsImV4cCI6MTcxOTEzMzEzMS45NzQsImlwIjoiOjoxIiwidWEiOiJNb3ppbGxhLzUuMCAoV2luZG93cyBOVCAxMC4wOyBXaW42NDsgeDY0KSBBcHBsZVdlYktpdC81MzcuMzYgKEtIVE1MLCBsaWtlIEdlY2tvKSBDaHJvbWUvMTI0LjAuMC4wIFNhZmFyaS81MzcuMzYiLCJpYXQiOjE3MTY0NTQ3MzF9.OLJ9d_iI8rYDP0AAa1pswmvFT0m4KvfpWoviRa4rW2c', '2024-06-23 08:58:51', 1),
	(105, 30, '2024-05-23 08:58:52', 'eyJhbGciOiJIUzI1NiIsInR5cCI6IkpXVCJ9.eyJyb2xlIjoidXNlciIsImlkIjozMCwiaWRlbnRpdHkiOiJhbmVza29zdHJlYmE4QGdtYWlsLmNvbSIsImV4cCI6MTcxOTEzMzEzMi4xOTcsImlwIjoiOjoxIiwidWEiOiJNb3ppbGxhLzUuMCAoV2luZG93cyBOVCAxMC4wOyBXaW42NDsgeDY0KSBBcHBsZVdlYktpdC81MzcuMzYgKEtIVE1MLCBsaWtlIEdlY2tvKSBDaHJvbWUvMTI0LjAuMC4wIFNhZmFyaS81MzcuMzYiLCJpYXQiOjE3MTY0NTQ3MzJ9.SENTarP5TarR7dCIAzWzGvvpKbAcvWrHBG8PzfjqDIw', '2024-06-23 08:58:52', 1),
	(106, 30, '2024-05-23 08:58:52', 'eyJhbGciOiJIUzI1NiIsInR5cCI6IkpXVCJ9.eyJyb2xlIjoidXNlciIsImlkIjozMCwiaWRlbnRpdHkiOiJhbmVza29zdHJlYmE4QGdtYWlsLmNvbSIsImV4cCI6MTcxOTEzMzEzMi4zOSwiaXAiOiI6OjEiLCJ1YSI6Ik1vemlsbGEvNS4wIChXaW5kb3dzIE5UIDEwLjA7IFdpbjY0OyB4NjQpIEFwcGxlV2ViS2l0LzUzNy4zNiAoS0hUTUwsIGxpa2UgR2Vja28pIENocm9tZS8xMjQuMC4wLjAgU2FmYXJpLzUzNy4zNiIsImlhdCI6MTcxNjQ1NDczMn0.pVZgeMFiQWyl46PInCfu1YR6TMZcXNBa1o4UQ4_u5kk', '2024-06-23 08:58:52', 1),
	(107, 30, '2024-05-23 08:58:52', 'eyJhbGciOiJIUzI1NiIsInR5cCI6IkpXVCJ9.eyJyb2xlIjoidXNlciIsImlkIjozMCwiaWRlbnRpdHkiOiJhbmVza29zdHJlYmE4QGdtYWlsLmNvbSIsImV4cCI6MTcxOTEzMzEzMi41ODEsImlwIjoiOjoxIiwidWEiOiJNb3ppbGxhLzUuMCAoV2luZG93cyBOVCAxMC4wOyBXaW42NDsgeDY0KSBBcHBsZVdlYktpdC81MzcuMzYgKEtIVE1MLCBsaWtlIEdlY2tvKSBDaHJvbWUvMTI0LjAuMC4wIFNhZmFyaS81MzcuMzYiLCJpYXQiOjE3MTY0NTQ3MzJ9.tmb2Kw6n4M8vo03_MBGhWgxaUY_7NksTcMzklWu3gS4', '2024-06-23 08:58:52', 1),
	(108, 30, '2024-05-23 08:58:52', 'eyJhbGciOiJIUzI1NiIsInR5cCI6IkpXVCJ9.eyJyb2xlIjoidXNlciIsImlkIjozMCwiaWRlbnRpdHkiOiJhbmVza29zdHJlYmE4QGdtYWlsLmNvbSIsImV4cCI6MTcxOTEzMzEzMi43NjYsImlwIjoiOjoxIiwidWEiOiJNb3ppbGxhLzUuMCAoV2luZG93cyBOVCAxMC4wOyBXaW42NDsgeDY0KSBBcHBsZVdlYktpdC81MzcuMzYgKEtIVE1MLCBsaWtlIEdlY2tvKSBDaHJvbWUvMTI0LjAuMC4wIFNhZmFyaS81MzcuMzYiLCJpYXQiOjE3MTY0NTQ3MzJ9.H-p-lnuXQEIx6fET3B25x2HkAG-7dsVnDjUyQheidls', '2024-06-23 08:58:52', 1),
	(109, 30, '2024-05-23 08:59:44', 'eyJhbGciOiJIUzI1NiIsInR5cCI6IkpXVCJ9.eyJyb2xlIjoidXNlciIsImlkIjozMCwiaWRlbnRpdHkiOiJhbmVza29zdHJlYmE4QGdtYWlsLmNvbSIsImV4cCI6MTcxOTEzMzE4NC41NDQsImlwIjoiOjoxIiwidWEiOiJNb3ppbGxhLzUuMCAoV2luZG93cyBOVCAxMC4wOyBXaW42NDsgeDY0KSBBcHBsZVdlYktpdC81MzcuMzYgKEtIVE1MLCBsaWtlIEdlY2tvKSBDaHJvbWUvMTI0LjAuMC4wIFNhZmFyaS81MzcuMzYiLCJpYXQiOjE3MTY0NTQ3ODR9.CQ5n4LFVeKi0vgeKQY0y5QGi4Zr68BLRs4Bv6CGvIaU', '2024-06-23 08:59:44', 1),
	(110, 30, '2024-05-23 08:59:49', 'eyJhbGciOiJIUzI1NiIsInR5cCI6IkpXVCJ9.eyJyb2xlIjoidXNlciIsImlkIjozMCwiaWRlbnRpdHkiOiJhbmVza29zdHJlYmE4QGdtYWlsLmNvbSIsImV4cCI6MTcxOTEzMzE4OS4wNDQsImlwIjoiOjoxIiwidWEiOiJNb3ppbGxhLzUuMCAoV2luZG93cyBOVCAxMC4wOyBXaW42NDsgeDY0KSBBcHBsZVdlYktpdC81MzcuMzYgKEtIVE1MLCBsaWtlIEdlY2tvKSBDaHJvbWUvMTI0LjAuMC4wIFNhZmFyaS81MzcuMzYiLCJpYXQiOjE3MTY0NTQ3ODl9.ltYk98jrBIPFLUR4bMLX3AnEvCvCCtYDcaBsRkSDOu4', '2024-06-23 08:59:49', 1),
	(111, 30, '2024-05-23 08:59:49', 'eyJhbGciOiJIUzI1NiIsInR5cCI6IkpXVCJ9.eyJyb2xlIjoidXNlciIsImlkIjozMCwiaWRlbnRpdHkiOiJhbmVza29zdHJlYmE4QGdtYWlsLmNvbSIsImV4cCI6MTcxOTEzMzE4OS4yMywiaXAiOiI6OjEiLCJ1YSI6Ik1vemlsbGEvNS4wIChXaW5kb3dzIE5UIDEwLjA7IFdpbjY0OyB4NjQpIEFwcGxlV2ViS2l0LzUzNy4zNiAoS0hUTUwsIGxpa2UgR2Vja28pIENocm9tZS8xMjQuMC4wLjAgU2FmYXJpLzUzNy4zNiIsImlhdCI6MTcxNjQ1NDc4OX0.vcZWjRGk5QDc5-x7XyRjDIeDMWzY_Sesn5owwAK4AWM', '2024-06-23 08:59:49', 1),
	(112, 30, '2024-05-23 09:16:38', 'eyJhbGciOiJIUzI1NiIsInR5cCI6IkpXVCJ9.eyJyb2xlIjoidXNlciIsImlkIjozMCwiaWRlbnRpdHkiOiJhbmVza29zdHJlYmE4QGdtYWlsLmNvbSIsImV4cCI6MTcxOTEzNDE5OC43ODQsImlwIjoiOjoxIiwidWEiOiJNb3ppbGxhLzUuMCAoV2luZG93cyBOVCAxMC4wOyBXaW42NDsgeDY0KSBBcHBsZVdlYktpdC81MzcuMzYgKEtIVE1MLCBsaWtlIEdlY2tvKSBDaHJvbWUvMTI0LjAuMC4wIFNhZmFyaS81MzcuMzYiLCJpYXQiOjE3MTY0NTU3OTh9.EKVuhTIczCSM9HXmTLmv86fsVWh2vrhUWBdJN4Nx8pY', '2024-06-23 09:16:38', 1),
	(113, 30, '2024-05-23 09:16:39', 'eyJhbGciOiJIUzI1NiIsInR5cCI6IkpXVCJ9.eyJyb2xlIjoidXNlciIsImlkIjozMCwiaWRlbnRpdHkiOiJhbmVza29zdHJlYmE4QGdtYWlsLmNvbSIsImV4cCI6MTcxOTEzNDE5OS44MTUsImlwIjoiOjoxIiwidWEiOiJNb3ppbGxhLzUuMCAoV2luZG93cyBOVCAxMC4wOyBXaW42NDsgeDY0KSBBcHBsZVdlYktpdC81MzcuMzYgKEtIVE1MLCBsaWtlIEdlY2tvKSBDaHJvbWUvMTI0LjAuMC4wIFNhZmFyaS81MzcuMzYiLCJpYXQiOjE3MTY0NTU3OTl9.coI6hUv2C4bgTmC5t_T_EOZPmjXggl4KvW0K6udRYl4', '2024-06-23 09:16:39', 1),
	(114, 30, '2024-05-23 09:16:40', 'eyJhbGciOiJIUzI1NiIsInR5cCI6IkpXVCJ9.eyJyb2xlIjoidXNlciIsImlkIjozMCwiaWRlbnRpdHkiOiJhbmVza29zdHJlYmE4QGdtYWlsLmNvbSIsImV4cCI6MTcxOTEzNDIwMC4zMSwiaXAiOiI6OjEiLCJ1YSI6Ik1vemlsbGEvNS4wIChXaW5kb3dzIE5UIDEwLjA7IFdpbjY0OyB4NjQpIEFwcGxlV2ViS2l0LzUzNy4zNiAoS0hUTUwsIGxpa2UgR2Vja28pIENocm9tZS8xMjQuMC4wLjAgU2FmYXJpLzUzNy4zNiIsImlhdCI6MTcxNjQ1NTgwMH0.svz_nVHVqFUIKfPep0ETtJsN1kCWLWctK5oUgkC7enk', '2024-06-23 09:16:40', 1),
	(115, 30, '2024-05-23 09:16:41', 'eyJhbGciOiJIUzI1NiIsInR5cCI6IkpXVCJ9.eyJyb2xlIjoidXNlciIsImlkIjozMCwiaWRlbnRpdHkiOiJhbmVza29zdHJlYmE4QGdtYWlsLmNvbSIsImV4cCI6MTcxOTEzNDIwMS44MzksImlwIjoiOjoxIiwidWEiOiJNb3ppbGxhLzUuMCAoV2luZG93cyBOVCAxMC4wOyBXaW42NDsgeDY0KSBBcHBsZVdlYktpdC81MzcuMzYgKEtIVE1MLCBsaWtlIEdlY2tvKSBDaHJvbWUvMTI0LjAuMC4wIFNhZmFyaS81MzcuMzYiLCJpYXQiOjE3MTY0NTU4MDF9.2F_3OvVUzA9ZlQ88_eFaUbabWltjPgr2sSY0PyuJFf4', '2024-06-23 09:16:41', 1),
	(116, 30, '2024-05-23 09:20:19', 'eyJhbGciOiJIUzI1NiIsInR5cCI6IkpXVCJ9.eyJyb2xlIjoidXNlciIsImlkIjozMCwiaWRlbnRpdHkiOiJhbmVza29zdHJlYmE4QGdtYWlsLmNvbSIsImV4cCI6MTcxOTEzNDQxOS41NzUsImlwIjoiOjoxIiwidWEiOiJNb3ppbGxhLzUuMCAoV2luZG93cyBOVCAxMC4wOyBXaW42NDsgeDY0KSBBcHBsZVdlYktpdC81MzcuMzYgKEtIVE1MLCBsaWtlIEdlY2tvKSBDaHJvbWUvMTI0LjAuMC4wIFNhZmFyaS81MzcuMzYiLCJpYXQiOjE3MTY0NTYwMTl9.WXn_0EBCzAZxXY-NiXsCdjPwgcLpC2clMSvCN3xkMIo', '2024-06-23 09:20:19', 1),
	(117, 30, '2024-05-23 09:20:20', 'eyJhbGciOiJIUzI1NiIsInR5cCI6IkpXVCJ9.eyJyb2xlIjoidXNlciIsImlkIjozMCwiaWRlbnRpdHkiOiJhbmVza29zdHJlYmE4QGdtYWlsLmNvbSIsImV4cCI6MTcxOTEzNDQyMC40NjMsImlwIjoiOjoxIiwidWEiOiJNb3ppbGxhLzUuMCAoV2luZG93cyBOVCAxMC4wOyBXaW42NDsgeDY0KSBBcHBsZVdlYktpdC81MzcuMzYgKEtIVE1MLCBsaWtlIEdlY2tvKSBDaHJvbWUvMTI0LjAuMC4wIFNhZmFyaS81MzcuMzYiLCJpYXQiOjE3MTY0NTYwMjB9.8DQiDX18ACJUkrMx9FRwe-_TGoKIcboWwk9Ao5vRyNo', '2024-06-23 09:20:20', 1),
	(118, 30, '2024-05-23 09:25:14', 'eyJhbGciOiJIUzI1NiIsInR5cCI6IkpXVCJ9.eyJyb2xlIjoidXNlciIsImlkIjozMCwiaWRlbnRpdHkiOiJhbmVza29zdHJlYmE4QGdtYWlsLmNvbSIsImV4cCI6MTcxOTEzNDcxNC41NzYsImlwIjoiOjoxIiwidWEiOiJNb3ppbGxhLzUuMCAoV2luZG93cyBOVCAxMC4wOyBXaW42NDsgeDY0KSBBcHBsZVdlYktpdC81MzcuMzYgKEtIVE1MLCBsaWtlIEdlY2tvKSBDaHJvbWUvMTI0LjAuMC4wIFNhZmFyaS81MzcuMzYiLCJpYXQiOjE3MTY0NTYzMTR9.iGdXqnDMuqBSWL6ntv1b-zMRjpmnNd7FjJVhmNTXC9U', '2024-06-23 09:25:14', 1),
	(119, 30, '2024-05-23 09:25:16', 'eyJhbGciOiJIUzI1NiIsInR5cCI6IkpXVCJ9.eyJyb2xlIjoidXNlciIsImlkIjozMCwiaWRlbnRpdHkiOiJhbmVza29zdHJlYmE4QGdtYWlsLmNvbSIsImV4cCI6MTcxOTEzNDcxNi4yNjMsImlwIjoiOjoxIiwidWEiOiJNb3ppbGxhLzUuMCAoV2luZG93cyBOVCAxMC4wOyBXaW42NDsgeDY0KSBBcHBsZVdlYktpdC81MzcuMzYgKEtIVE1MLCBsaWtlIEdlY2tvKSBDaHJvbWUvMTI0LjAuMC4wIFNhZmFyaS81MzcuMzYiLCJpYXQiOjE3MTY0NTYzMTZ9.12VJl0evzZ0D02g72sqvtUiCsS4BtSdvlrWBoS4pUCY', '2024-06-23 09:25:16', 1),
	(120, 30, '2024-05-23 09:25:25', 'eyJhbGciOiJIUzI1NiIsInR5cCI6IkpXVCJ9.eyJyb2xlIjoidXNlciIsImlkIjozMCwiaWRlbnRpdHkiOiJhbmVza29zdHJlYmE4QGdtYWlsLmNvbSIsImV4cCI6MTcxOTEzNDcyNS40ODgsImlwIjoiOjoxIiwidWEiOiJNb3ppbGxhLzUuMCAoV2luZG93cyBOVCAxMC4wOyBXaW42NDsgeDY0KSBBcHBsZVdlYktpdC81MzcuMzYgKEtIVE1MLCBsaWtlIEdlY2tvKSBDaHJvbWUvMTI0LjAuMC4wIFNhZmFyaS81MzcuMzYiLCJpYXQiOjE3MTY0NTYzMjV9.qNr9fe8pjYJhqKUauhitBVIXh4O-YouWeCtpPbcnb6g', '2024-06-23 09:25:25', 1),
	(121, 30, '2024-05-23 09:32:33', 'eyJhbGciOiJIUzI1NiIsInR5cCI6IkpXVCJ9.eyJyb2xlIjoidXNlciIsImlkIjozMCwiaWRlbnRpdHkiOiJhbmVza29zdHJlYmE4QGdtYWlsLmNvbSIsImV4cCI6MTcxOTEzNTE1My4wMSwiaXAiOiI6OjEiLCJ1YSI6Ik1vemlsbGEvNS4wIChXaW5kb3dzIE5UIDEwLjA7IFdpbjY0OyB4NjQpIEFwcGxlV2ViS2l0LzUzNy4zNiAoS0hUTUwsIGxpa2UgR2Vja28pIENocm9tZS8xMjQuMC4wLjAgU2FmYXJpLzUzNy4zNiIsImlhdCI6MTcxNjQ1Njc1M30.LULfHgZnUwIatrRZNmkcSgEI9zDfctEHr7XQhCtmpfs', '2024-06-23 09:32:33', 1),
	(122, 30, '2024-05-23 09:32:34', 'eyJhbGciOiJIUzI1NiIsInR5cCI6IkpXVCJ9.eyJyb2xlIjoidXNlciIsImlkIjozMCwiaWRlbnRpdHkiOiJhbmVza29zdHJlYmE4QGdtYWlsLmNvbSIsImV4cCI6MTcxOTEzNTE1NC4zMzUsImlwIjoiOjoxIiwidWEiOiJNb3ppbGxhLzUuMCAoV2luZG93cyBOVCAxMC4wOyBXaW42NDsgeDY0KSBBcHBsZVdlYktpdC81MzcuMzYgKEtIVE1MLCBsaWtlIEdlY2tvKSBDaHJvbWUvMTI0LjAuMC4wIFNhZmFyaS81MzcuMzYiLCJpYXQiOjE3MTY0NTY3NTR9.IKkWTiHxZSlmHgwjVX-Zn7kfiYo9Cff94W2eo9rwiJ4', '2024-06-23 09:32:34', 1),
	(123, 30, '2024-05-23 09:32:34', 'eyJhbGciOiJIUzI1NiIsInR5cCI6IkpXVCJ9.eyJyb2xlIjoidXNlciIsImlkIjozMCwiaWRlbnRpdHkiOiJhbmVza29zdHJlYmE4QGdtYWlsLmNvbSIsImV4cCI6MTcxOTEzNTE1NC42NzgsImlwIjoiOjoxIiwidWEiOiJNb3ppbGxhLzUuMCAoV2luZG93cyBOVCAxMC4wOyBXaW42NDsgeDY0KSBBcHBsZVdlYktpdC81MzcuMzYgKEtIVE1MLCBsaWtlIEdlY2tvKSBDaHJvbWUvMTI0LjAuMC4wIFNhZmFyaS81MzcuMzYiLCJpYXQiOjE3MTY0NTY3NTR9.Q_cc4EnUfkM2owwwBu3sLSaScLXk7JevJ0iGPA9vNYI', '2024-06-23 09:32:34', 1),
	(124, 30, '2024-05-23 09:32:34', 'eyJhbGciOiJIUzI1NiIsInR5cCI6IkpXVCJ9.eyJyb2xlIjoidXNlciIsImlkIjozMCwiaWRlbnRpdHkiOiJhbmVza29zdHJlYmE4QGdtYWlsLmNvbSIsImV4cCI6MTcxOTEzNTE1NC45MDksImlwIjoiOjoxIiwidWEiOiJNb3ppbGxhLzUuMCAoV2luZG93cyBOVCAxMC4wOyBXaW42NDsgeDY0KSBBcHBsZVdlYktpdC81MzcuMzYgKEtIVE1MLCBsaWtlIEdlY2tvKSBDaHJvbWUvMTI0LjAuMC4wIFNhZmFyaS81MzcuMzYiLCJpYXQiOjE3MTY0NTY3NTR9.zftzTfL4l1L_mwbVovLceh_F9ZnNDFH3m56IaW_nQ8w', '2024-06-23 09:32:34', 1),
	(125, 30, '2024-05-23 09:32:35', 'eyJhbGciOiJIUzI1NiIsInR5cCI6IkpXVCJ9.eyJyb2xlIjoidXNlciIsImlkIjozMCwiaWRlbnRpdHkiOiJhbmVza29zdHJlYmE4QGdtYWlsLmNvbSIsImV4cCI6MTcxOTEzNTE1NS4xMSwiaXAiOiI6OjEiLCJ1YSI6Ik1vemlsbGEvNS4wIChXaW5kb3dzIE5UIDEwLjA7IFdpbjY0OyB4NjQpIEFwcGxlV2ViS2l0LzUzNy4zNiAoS0hUTUwsIGxpa2UgR2Vja28pIENocm9tZS8xMjQuMC4wLjAgU2FmYXJpLzUzNy4zNiIsImlhdCI6MTcxNjQ1Njc1NX0.goI0QcGWGR-l0tt34t62oo75qKPFgmKx57iAsieQJ80', '2024-06-23 09:32:35', 1),
	(126, 30, '2024-05-23 09:32:35', 'eyJhbGciOiJIUzI1NiIsInR5cCI6IkpXVCJ9.eyJyb2xlIjoidXNlciIsImlkIjozMCwiaWRlbnRpdHkiOiJhbmVza29zdHJlYmE4QGdtYWlsLmNvbSIsImV4cCI6MTcxOTEzNTE1NS4zMDEsImlwIjoiOjoxIiwidWEiOiJNb3ppbGxhLzUuMCAoV2luZG93cyBOVCAxMC4wOyBXaW42NDsgeDY0KSBBcHBsZVdlYktpdC81MzcuMzYgKEtIVE1MLCBsaWtlIEdlY2tvKSBDaHJvbWUvMTI0LjAuMC4wIFNhZmFyaS81MzcuMzYiLCJpYXQiOjE3MTY0NTY3NTV9.Qt3Eohgz3Y7wi90AC829hGwM1jPt2r51buwgUOeHkKw', '2024-06-23 09:32:35', 1),
	(127, 30, '2024-05-23 09:32:35', 'eyJhbGciOiJIUzI1NiIsInR5cCI6IkpXVCJ9.eyJyb2xlIjoidXNlciIsImlkIjozMCwiaWRlbnRpdHkiOiJhbmVza29zdHJlYmE4QGdtYWlsLmNvbSIsImV4cCI6MTcxOTEzNTE1NS40NzgsImlwIjoiOjoxIiwidWEiOiJNb3ppbGxhLzUuMCAoV2luZG93cyBOVCAxMC4wOyBXaW42NDsgeDY0KSBBcHBsZVdlYktpdC81MzcuMzYgKEtIVE1MLCBsaWtlIEdlY2tvKSBDaHJvbWUvMTI0LjAuMC4wIFNhZmFyaS81MzcuMzYiLCJpYXQiOjE3MTY0NTY3NTV9.ml3IKZG4gE0gQ1D6rR5iSaaydeF5UnySTnWRCtG_dNA', '2024-06-23 09:32:35', 1),
	(128, 30, '2024-05-23 09:32:35', 'eyJhbGciOiJIUzI1NiIsInR5cCI6IkpXVCJ9.eyJyb2xlIjoidXNlciIsImlkIjozMCwiaWRlbnRpdHkiOiJhbmVza29zdHJlYmE4QGdtYWlsLmNvbSIsImV4cCI6MTcxOTEzNTE1NS42NDcsImlwIjoiOjoxIiwidWEiOiJNb3ppbGxhLzUuMCAoV2luZG93cyBOVCAxMC4wOyBXaW42NDsgeDY0KSBBcHBsZVdlYktpdC81MzcuMzYgKEtIVE1MLCBsaWtlIEdlY2tvKSBDaHJvbWUvMTI0LjAuMC4wIFNhZmFyaS81MzcuMzYiLCJpYXQiOjE3MTY0NTY3NTV9.O3Kyd9tsQQWUMkBLknxJG_0N_D7-qcGi-vwMmCohLZY', '2024-06-23 09:32:35', 1),
	(129, 30, '2024-05-23 09:32:35', 'eyJhbGciOiJIUzI1NiIsInR5cCI6IkpXVCJ9.eyJyb2xlIjoidXNlciIsImlkIjozMCwiaWRlbnRpdHkiOiJhbmVza29zdHJlYmE4QGdtYWlsLmNvbSIsImV4cCI6MTcxOTEzNTE1NS44MTMsImlwIjoiOjoxIiwidWEiOiJNb3ppbGxhLzUuMCAoV2luZG93cyBOVCAxMC4wOyBXaW42NDsgeDY0KSBBcHBsZVdlYktpdC81MzcuMzYgKEtIVE1MLCBsaWtlIEdlY2tvKSBDaHJvbWUvMTI0LjAuMC4wIFNhZmFyaS81MzcuMzYiLCJpYXQiOjE3MTY0NTY3NTV9.yG4AtrQWhFEj-Men5CnF1ABkCBJUVnWT-u6RNPr3rFo', '2024-06-23 09:32:35', 1),
	(130, 30, '2024-05-23 09:32:35', 'eyJhbGciOiJIUzI1NiIsInR5cCI6IkpXVCJ9.eyJyb2xlIjoidXNlciIsImlkIjozMCwiaWRlbnRpdHkiOiJhbmVza29zdHJlYmE4QGdtYWlsLmNvbSIsImV4cCI6MTcxOTEzNTE1NS45ODIsImlwIjoiOjoxIiwidWEiOiJNb3ppbGxhLzUuMCAoV2luZG93cyBOVCAxMC4wOyBXaW42NDsgeDY0KSBBcHBsZVdlYktpdC81MzcuMzYgKEtIVE1MLCBsaWtlIEdlY2tvKSBDaHJvbWUvMTI0LjAuMC4wIFNhZmFyaS81MzcuMzYiLCJpYXQiOjE3MTY0NTY3NTV9.-10QWJCJXjTVhw8SUi-T34PEAwhGX6pTEW7rIV59Ukk', '2024-06-23 09:32:35', 1),
	(131, 30, '2024-05-23 09:32:36', 'eyJhbGciOiJIUzI1NiIsInR5cCI6IkpXVCJ9.eyJyb2xlIjoidXNlciIsImlkIjozMCwiaWRlbnRpdHkiOiJhbmVza29zdHJlYmE4QGdtYWlsLmNvbSIsImV4cCI6MTcxOTEzNTE1Ni4xNDEsImlwIjoiOjoxIiwidWEiOiJNb3ppbGxhLzUuMCAoV2luZG93cyBOVCAxMC4wOyBXaW42NDsgeDY0KSBBcHBsZVdlYktpdC81MzcuMzYgKEtIVE1MLCBsaWtlIEdlY2tvKSBDaHJvbWUvMTI0LjAuMC4wIFNhZmFyaS81MzcuMzYiLCJpYXQiOjE3MTY0NTY3NTZ9.rwfpXRwPfHzT5I6zyppzHldL1Q-vGoH4JcBRX5jk0ns', '2024-06-23 09:32:36', 1),
	(132, 30, '2024-05-23 09:32:36', 'eyJhbGciOiJIUzI1NiIsInR5cCI6IkpXVCJ9.eyJyb2xlIjoidXNlciIsImlkIjozMCwiaWRlbnRpdHkiOiJhbmVza29zdHJlYmE4QGdtYWlsLmNvbSIsImV4cCI6MTcxOTEzNTE1Ni4zMDksImlwIjoiOjoxIiwidWEiOiJNb3ppbGxhLzUuMCAoV2luZG93cyBOVCAxMC4wOyBXaW42NDsgeDY0KSBBcHBsZVdlYktpdC81MzcuMzYgKEtIVE1MLCBsaWtlIEdlY2tvKSBDaHJvbWUvMTI0LjAuMC4wIFNhZmFyaS81MzcuMzYiLCJpYXQiOjE3MTY0NTY3NTZ9.dDIOHNGdTmOo1WMAwYO2xDGcXdzb8eWBPG_v3DEd4YM', '2024-06-23 09:32:36', 1),
	(133, 30, '2024-05-23 09:32:36', 'eyJhbGciOiJIUzI1NiIsInR5cCI6IkpXVCJ9.eyJyb2xlIjoidXNlciIsImlkIjozMCwiaWRlbnRpdHkiOiJhbmVza29zdHJlYmE4QGdtYWlsLmNvbSIsImV4cCI6MTcxOTEzNTE1Ni40ODYsImlwIjoiOjoxIiwidWEiOiJNb3ppbGxhLzUuMCAoV2luZG93cyBOVCAxMC4wOyBXaW42NDsgeDY0KSBBcHBsZVdlYktpdC81MzcuMzYgKEtIVE1MLCBsaWtlIEdlY2tvKSBDaHJvbWUvMTI0LjAuMC4wIFNhZmFyaS81MzcuMzYiLCJpYXQiOjE3MTY0NTY3NTZ9.SQ-nkRWg9Nf4eiSepW69VXvbwAEdBMFSFaOKhwdMe44', '2024-06-23 09:32:36', 1),
	(134, 30, '2024-05-23 09:32:36', 'eyJhbGciOiJIUzI1NiIsInR5cCI6IkpXVCJ9.eyJyb2xlIjoidXNlciIsImlkIjozMCwiaWRlbnRpdHkiOiJhbmVza29zdHJlYmE4QGdtYWlsLmNvbSIsImV4cCI6MTcxOTEzNTE1Ni42NjIsImlwIjoiOjoxIiwidWEiOiJNb3ppbGxhLzUuMCAoV2luZG93cyBOVCAxMC4wOyBXaW42NDsgeDY0KSBBcHBsZVdlYktpdC81MzcuMzYgKEtIVE1MLCBsaWtlIEdlY2tvKSBDaHJvbWUvMTI0LjAuMC4wIFNhZmFyaS81MzcuMzYiLCJpYXQiOjE3MTY0NTY3NTZ9.FBYMNNU86RRIwGqB1dZUHXG01W57NgndvO01dGoR7FU', '2024-06-23 09:32:36', 1),
	(135, 30, '2024-05-23 09:32:56', 'eyJhbGciOiJIUzI1NiIsInR5cCI6IkpXVCJ9.eyJyb2xlIjoidXNlciIsImlkIjozMCwiaWRlbnRpdHkiOiJhbmVza29zdHJlYmE4QGdtYWlsLmNvbSIsImV4cCI6MTcxOTEzNTE3Ni44ODgsImlwIjoiOjoxIiwidWEiOiJNb3ppbGxhLzUuMCAoV2luZG93cyBOVCAxMC4wOyBXaW42NDsgeDY0KSBBcHBsZVdlYktpdC81MzcuMzYgKEtIVE1MLCBsaWtlIEdlY2tvKSBDaHJvbWUvMTI0LjAuMC4wIFNhZmFyaS81MzcuMzYiLCJpYXQiOjE3MTY0NTY3NzZ9.v12zOHJQzgynjnitbukKrOl1Z9vBF7_xXZ-UfoYJiZU', '2024-06-23 09:32:56', 1),
	(136, 30, '2024-05-23 09:32:57', 'eyJhbGciOiJIUzI1NiIsInR5cCI6IkpXVCJ9.eyJyb2xlIjoidXNlciIsImlkIjozMCwiaWRlbnRpdHkiOiJhbmVza29zdHJlYmE4QGdtYWlsLmNvbSIsImV4cCI6MTcxOTEzNTE3Ny4zOTgsImlwIjoiOjoxIiwidWEiOiJNb3ppbGxhLzUuMCAoV2luZG93cyBOVCAxMC4wOyBXaW42NDsgeDY0KSBBcHBsZVdlYktpdC81MzcuMzYgKEtIVE1MLCBsaWtlIEdlY2tvKSBDaHJvbWUvMTI0LjAuMC4wIFNhZmFyaS81MzcuMzYiLCJpYXQiOjE3MTY0NTY3Nzd9.uIcaeaU-CWtnQNuzAuoWWNwo8CNiizRb9jg8GptOMPA', '2024-06-23 09:32:57', 1),
	(137, 30, '2024-05-23 09:32:57', 'eyJhbGciOiJIUzI1NiIsInR5cCI6IkpXVCJ9.eyJyb2xlIjoidXNlciIsImlkIjozMCwiaWRlbnRpdHkiOiJhbmVza29zdHJlYmE4QGdtYWlsLmNvbSIsImV4cCI6MTcxOTEzNTE3Ny44NjIsImlwIjoiOjoxIiwidWEiOiJNb3ppbGxhLzUuMCAoV2luZG93cyBOVCAxMC4wOyBXaW42NDsgeDY0KSBBcHBsZVdlYktpdC81MzcuMzYgKEtIVE1MLCBsaWtlIEdlY2tvKSBDaHJvbWUvMTI0LjAuMC4wIFNhZmFyaS81MzcuMzYiLCJpYXQiOjE3MTY0NTY3Nzd9.6va349wMgr3bKWMMf1ncncTHKO8GhDi4Wi0IoMfao3M', '2024-06-23 09:32:57', 1),
	(138, 30, '2024-05-23 09:32:58', 'eyJhbGciOiJIUzI1NiIsInR5cCI6IkpXVCJ9.eyJyb2xlIjoidXNlciIsImlkIjozMCwiaWRlbnRpdHkiOiJhbmVza29zdHJlYmE4QGdtYWlsLmNvbSIsImV4cCI6MTcxOTEzNTE3OC4yNTQsImlwIjoiOjoxIiwidWEiOiJNb3ppbGxhLzUuMCAoV2luZG93cyBOVCAxMC4wOyBXaW42NDsgeDY0KSBBcHBsZVdlYktpdC81MzcuMzYgKEtIVE1MLCBsaWtlIEdlY2tvKSBDaHJvbWUvMTI0LjAuMC4wIFNhZmFyaS81MzcuMzYiLCJpYXQiOjE3MTY0NTY3Nzh9.c0VQYpPP7gu7TSXkWdtZGWiwzUK6uKp2RBnSd1aL-Z4', '2024-06-23 09:32:58', 1),
	(139, 30, '2024-05-23 09:33:12', 'eyJhbGciOiJIUzI1NiIsInR5cCI6IkpXVCJ9.eyJyb2xlIjoidXNlciIsImlkIjozMCwiaWRlbnRpdHkiOiJhbmVza29zdHJlYmE4QGdtYWlsLmNvbSIsImV4cCI6MTcxOTEzNTE5Mi45ODQsImlwIjoiOjoxIiwidWEiOiJNb3ppbGxhLzUuMCAoV2luZG93cyBOVCAxMC4wOyBXaW42NDsgeDY0KSBBcHBsZVdlYktpdC81MzcuMzYgKEtIVE1MLCBsaWtlIEdlY2tvKSBDaHJvbWUvMTI0LjAuMC4wIFNhZmFyaS81MzcuMzYiLCJpYXQiOjE3MTY0NTY3OTJ9.IlWEyMxM9HgvMI32ReLurephP33rCNHCjBFSxzrw6ag', '2024-06-23 09:33:12', 1),
	(140, 30, '2024-05-23 09:34:57', 'eyJhbGciOiJIUzI1NiIsInR5cCI6IkpXVCJ9.eyJyb2xlIjoidXNlciIsImlkIjozMCwiaWRlbnRpdHkiOiJhbmVza29zdHJlYmE4QGdtYWlsLmNvbSIsImV4cCI6MTcxOTEzNTI5Ny4yNDgsImlwIjoiOjoxIiwidWEiOiJNb3ppbGxhLzUuMCAoV2luZG93cyBOVCAxMC4wOyBXaW42NDsgeDY0KSBBcHBsZVdlYktpdC81MzcuMzYgKEtIVE1MLCBsaWtlIEdlY2tvKSBDaHJvbWUvMTI0LjAuMC4wIFNhZmFyaS81MzcuMzYiLCJpYXQiOjE3MTY0NTY4OTd9.HB9ph7Bnw5zRv_2YFaKXfZvm2Em0_-gfW8QWrhv5Ovk', '2024-06-23 09:34:57', 1),
	(141, 30, '2024-05-23 09:35:02', 'eyJhbGciOiJIUzI1NiIsInR5cCI6IkpXVCJ9.eyJyb2xlIjoidXNlciIsImlkIjozMCwiaWRlbnRpdHkiOiJhbmVza29zdHJlYmE4QGdtYWlsLmNvbSIsImV4cCI6MTcxOTEzNTMwMi43MiwiaXAiOiI6OjEiLCJ1YSI6Ik1vemlsbGEvNS4wIChXaW5kb3dzIE5UIDEwLjA7IFdpbjY0OyB4NjQpIEFwcGxlV2ViS2l0LzUzNy4zNiAoS0hUTUwsIGxpa2UgR2Vja28pIENocm9tZS8xMjQuMC4wLjAgU2FmYXJpLzUzNy4zNiIsImlhdCI6MTcxNjQ1NjkwMn0.bPwsQ16IVHssXi3FzLXSc-Sek2BlnE_Rl0Yjzws1YzU', '2024-06-23 09:35:02', 1),
	(142, 30, '2024-05-23 09:35:21', 'eyJhbGciOiJIUzI1NiIsInR5cCI6IkpXVCJ9.eyJyb2xlIjoidXNlciIsImlkIjozMCwiaWRlbnRpdHkiOiJhbmVza29zdHJlYmE4QGdtYWlsLmNvbSIsImV4cCI6MTcxOTEzNTMyMS45OTMsImlwIjoiOjoxIiwidWEiOiJNb3ppbGxhLzUuMCAoV2luZG93cyBOVCAxMC4wOyBXaW42NDsgeDY0KSBBcHBsZVdlYktpdC81MzcuMzYgKEtIVE1MLCBsaWtlIEdlY2tvKSBDaHJvbWUvMTI0LjAuMC4wIFNhZmFyaS81MzcuMzYiLCJpYXQiOjE3MTY0NTY5MjF9.oGzOVJDQI12DUOGS2QhzECMDMe1lJPkSETC7-H-12tg', '2024-06-23 09:35:21', 1),
	(143, 30, '2024-05-23 09:35:24', 'eyJhbGciOiJIUzI1NiIsInR5cCI6IkpXVCJ9.eyJyb2xlIjoidXNlciIsImlkIjozMCwiaWRlbnRpdHkiOiJhbmVza29zdHJlYmE4QGdtYWlsLmNvbSIsImV4cCI6MTcxOTEzNTMyNC43NzEsImlwIjoiOjoxIiwidWEiOiJNb3ppbGxhLzUuMCAoV2luZG93cyBOVCAxMC4wOyBXaW42NDsgeDY0KSBBcHBsZVdlYktpdC81MzcuMzYgKEtIVE1MLCBsaWtlIEdlY2tvKSBDaHJvbWUvMTI0LjAuMC4wIFNhZmFyaS81MzcuMzYiLCJpYXQiOjE3MTY0NTY5MjR9.aCGsXzHkXMsBxyMEjRbEdpkiC6L7YPKw20NS400NLrk', '2024-06-23 09:35:24', 1),
	(144, 30, '2024-05-23 09:36:29', 'eyJhbGciOiJIUzI1NiIsInR5cCI6IkpXVCJ9.eyJyb2xlIjoidXNlciIsImlkIjozMCwiaWRlbnRpdHkiOiJhbmVza29zdHJlYmE4QGdtYWlsLmNvbSIsImV4cCI6MTcxOTEzNTM4OS45MDQsImlwIjoiOjoxIiwidWEiOiJNb3ppbGxhLzUuMCAoV2luZG93cyBOVCAxMC4wOyBXaW42NDsgeDY0KSBBcHBsZVdlYktpdC81MzcuMzYgKEtIVE1MLCBsaWtlIEdlY2tvKSBDaHJvbWUvMTI0LjAuMC4wIFNhZmFyaS81MzcuMzYiLCJpYXQiOjE3MTY0NTY5ODl9.6EWM_ZE6mRJNucCLIcyy8vQriwRHMU1H0UBA46yGxK4', '2024-06-23 09:36:29', 1),
	(145, 30, '2024-05-23 09:36:57', 'eyJhbGciOiJIUzI1NiIsInR5cCI6IkpXVCJ9.eyJyb2xlIjoidXNlciIsImlkIjozMCwiaWRlbnRpdHkiOiJhbmVza29zdHJlYmE4QGdtYWlsLmNvbSIsImV4cCI6MTcxOTEzNTQxNy41OTksImlwIjoiOjoxIiwidWEiOiJNb3ppbGxhLzUuMCAoV2luZG93cyBOVCAxMC4wOyBXaW42NDsgeDY0KSBBcHBsZVdlYktpdC81MzcuMzYgKEtIVE1MLCBsaWtlIEdlY2tvKSBDaHJvbWUvMTI0LjAuMC4wIFNhZmFyaS81MzcuMzYiLCJpYXQiOjE3MTY0NTcwMTd9.DxaFfHakuh3Y4S2aKAwRPhi_C3yJgu7IMJ9weSvMt6E', '2024-06-23 09:36:57', 1),
	(146, 30, '2024-05-23 09:47:05', 'eyJhbGciOiJIUzI1NiIsInR5cCI6IkpXVCJ9.eyJyb2xlIjoidXNlciIsImlkIjozMCwiaWRlbnRpdHkiOiJhbmVza29zdHJlYmE4QGdtYWlsLmNvbSIsImV4cCI6MTcxOTEzNjAyNS4yMTgsImlwIjoiOjoxIiwidWEiOiJNb3ppbGxhLzUuMCAoV2luZG93cyBOVCAxMC4wOyBXaW42NDsgeDY0KSBBcHBsZVdlYktpdC81MzcuMzYgKEtIVE1MLCBsaWtlIEdlY2tvKSBDaHJvbWUvMTI0LjAuMC4wIFNhZmFyaS81MzcuMzYiLCJpYXQiOjE3MTY0NTc2MjV9.NcrNE-_gEBhtHbsyROXGeW3ZJsTSSmGSr9sNAzV4D-c', '2024-06-23 09:47:05', 1),
	(147, 30, '2024-05-23 09:47:20', 'eyJhbGciOiJIUzI1NiIsInR5cCI6IkpXVCJ9.eyJyb2xlIjoidXNlciIsImlkIjozMCwiaWRlbnRpdHkiOiJhbmVza29zdHJlYmE4QGdtYWlsLmNvbSIsImV4cCI6MTcxOTEzNjA0MC44MDEsImlwIjoiOjoxIiwidWEiOiJNb3ppbGxhLzUuMCAoV2luZG93cyBOVCAxMC4wOyBXaW42NDsgeDY0KSBBcHBsZVdlYktpdC81MzcuMzYgKEtIVE1MLCBsaWtlIEdlY2tvKSBDaHJvbWUvMTI0LjAuMC4wIFNhZmFyaS81MzcuMzYiLCJpYXQiOjE3MTY0NTc2NDB9.R9hF2Tbbhk-R2tUBlkH2b7aa4oXIywR0502bfswtD-w', '2024-06-23 09:47:20', 1),
	(148, 30, '2024-05-23 09:47:57', 'eyJhbGciOiJIUzI1NiIsInR5cCI6IkpXVCJ9.eyJyb2xlIjoidXNlciIsImlkIjozMCwiaWRlbnRpdHkiOiJhbmVza29zdHJlYmE4QGdtYWlsLmNvbSIsImV4cCI6MTcxOTEzNjA3Ny40NTUsImlwIjoiOjoxIiwidWEiOiJNb3ppbGxhLzUuMCAoV2luZG93cyBOVCAxMC4wOyBXaW42NDsgeDY0KSBBcHBsZVdlYktpdC81MzcuMzYgKEtIVE1MLCBsaWtlIEdlY2tvKSBDaHJvbWUvMTI0LjAuMC4wIFNhZmFyaS81MzcuMzYiLCJpYXQiOjE3MTY0NTc2Nzd9.pwm4S6dEsKIi8AYxT4tGrm-Kc9O5H0r0N8TSQzj9Xtc', '2024-06-23 09:47:57', 1),
	(149, 30, '2024-05-23 09:49:58', 'eyJhbGciOiJIUzI1NiIsInR5cCI6IkpXVCJ9.eyJyb2xlIjoidXNlciIsImlkIjozMCwiaWRlbnRpdHkiOiJhbmVza29zdHJlYmE4QGdtYWlsLmNvbSIsImV4cCI6MTcxOTEzNjE5OC43MDUsImlwIjoiOjoxIiwidWEiOiJNb3ppbGxhLzUuMCAoV2luZG93cyBOVCAxMC4wOyBXaW42NDsgeDY0KSBBcHBsZVdlYktpdC81MzcuMzYgKEtIVE1MLCBsaWtlIEdlY2tvKSBDaHJvbWUvMTI0LjAuMC4wIFNhZmFyaS81MzcuMzYiLCJpYXQiOjE3MTY0NTc3OTh9.B7TZGrj5pCU7mKiX1HXmUK0ZcesPhXQzCd0yIK3I0Iw', '2024-06-23 09:49:58', 1),
	(150, 30, '2024-05-23 09:50:04', 'eyJhbGciOiJIUzI1NiIsInR5cCI6IkpXVCJ9.eyJyb2xlIjoidXNlciIsImlkIjozMCwiaWRlbnRpdHkiOiJhbmVza29zdHJlYmE4QGdtYWlsLmNvbSIsImV4cCI6MTcxOTEzNjIwNC42OCwiaXAiOiI6OjEiLCJ1YSI6Ik1vemlsbGEvNS4wIChXaW5kb3dzIE5UIDEwLjA7IFdpbjY0OyB4NjQpIEFwcGxlV2ViS2l0LzUzNy4zNiAoS0hUTUwsIGxpa2UgR2Vja28pIENocm9tZS8xMjQuMC4wLjAgU2FmYXJpLzUzNy4zNiIsImlhdCI6MTcxNjQ1NzgwNH0._K8r3LeyLaWegNVqrhng9FwvPTr6Mwes09OG9y9JA_U', '2024-06-23 09:50:04', 1),
	(151, 30, '2024-05-23 09:50:21', 'eyJhbGciOiJIUzI1NiIsInR5cCI6IkpXVCJ9.eyJyb2xlIjoidXNlciIsImlkIjozMCwiaWRlbnRpdHkiOiJhbmVza29zdHJlYmE4QGdtYWlsLmNvbSIsImV4cCI6MTcxOTEzNjIyMS44NDcsImlwIjoiOjoxIiwidWEiOiJNb3ppbGxhLzUuMCAoV2luZG93cyBOVCAxMC4wOyBXaW42NDsgeDY0KSBBcHBsZVdlYktpdC81MzcuMzYgKEtIVE1MLCBsaWtlIEdlY2tvKSBDaHJvbWUvMTI0LjAuMC4wIFNhZmFyaS81MzcuMzYiLCJpYXQiOjE3MTY0NTc4MjF9.c-oEzYiPsPui9bjDFrid9fUTuqhotuL5vEg1i6I4mrQ', '2024-06-23 09:50:21', 1),
	(152, 30, '2024-05-23 09:50:24', 'eyJhbGciOiJIUzI1NiIsInR5cCI6IkpXVCJ9.eyJyb2xlIjoidXNlciIsImlkIjozMCwiaWRlbnRpdHkiOiJhbmVza29zdHJlYmE4QGdtYWlsLmNvbSIsImV4cCI6MTcxOTEzNjIyNC40MTYsImlwIjoiOjoxIiwidWEiOiJNb3ppbGxhLzUuMCAoV2luZG93cyBOVCAxMC4wOyBXaW42NDsgeDY0KSBBcHBsZVdlYktpdC81MzcuMzYgKEtIVE1MLCBsaWtlIEdlY2tvKSBDaHJvbWUvMTI0LjAuMC4wIFNhZmFyaS81MzcuMzYiLCJpYXQiOjE3MTY0NTc4MjR9.oREtqrrZIX7_sg_B1Ct6ixHSrHe1PovHfJqYsKYIbj4', '2024-06-23 09:50:24', 1),
	(153, 30, '2024-05-23 09:53:22', 'eyJhbGciOiJIUzI1NiIsInR5cCI6IkpXVCJ9.eyJyb2xlIjoidXNlciIsImlkIjozMCwiaWRlbnRpdHkiOiJhbmVza29zdHJlYmE4QGdtYWlsLmNvbSIsImV4cCI6MTcxOTEzNjQwMi4yMjEsImlwIjoiOjoxIiwidWEiOiJNb3ppbGxhLzUuMCAoV2luZG93cyBOVCAxMC4wOyBXaW42NDsgeDY0KSBBcHBsZVdlYktpdC81MzcuMzYgKEtIVE1MLCBsaWtlIEdlY2tvKSBDaHJvbWUvMTI0LjAuMC4wIFNhZmFyaS81MzcuMzYiLCJpYXQiOjE3MTY0NTgwMDJ9.p3vbFL8exK5gtQzVFsVheTu7C3flh1udlcR36fQYLm0', '2024-06-23 09:53:22', 1),
	(154, 30, '2024-05-23 09:57:34', 'eyJhbGciOiJIUzI1NiIsInR5cCI6IkpXVCJ9.eyJyb2xlIjoidXNlciIsImlkIjozMCwiaWRlbnRpdHkiOiJhbmVza29zdHJlYmE4QGdtYWlsLmNvbSIsImV4cCI6MTcxOTEzNjY1NC43OTIsImlwIjoiOjoxIiwidWEiOiJNb3ppbGxhLzUuMCAoV2luZG93cyBOVCAxMC4wOyBXaW42NDsgeDY0KSBBcHBsZVdlYktpdC81MzcuMzYgKEtIVE1MLCBsaWtlIEdlY2tvKSBDaHJvbWUvMTI0LjAuMC4wIFNhZmFyaS81MzcuMzYiLCJpYXQiOjE3MTY0NTgyNTR9.GIU7Kf5X-fZxjk7inskorMmTX3wc5yW_BszmyAYMTHk', '2024-06-23 09:57:34', 1),
	(155, 30, '2024-05-23 10:00:55', 'eyJhbGciOiJIUzI1NiIsInR5cCI6IkpXVCJ9.eyJyb2xlIjoidXNlciIsImlkIjozMCwiaWRlbnRpdHkiOiJhbmVza29zdHJlYmE4QGdtYWlsLmNvbSIsImV4cCI6MTcxOTEzNjg1NS4wNjMsImlwIjoiOjoxIiwidWEiOiJNb3ppbGxhLzUuMCAoV2luZG93cyBOVCAxMC4wOyBXaW42NDsgeDY0KSBBcHBsZVdlYktpdC81MzcuMzYgKEtIVE1MLCBsaWtlIEdlY2tvKSBDaHJvbWUvMTI0LjAuMC4wIFNhZmFyaS81MzcuMzYiLCJpYXQiOjE3MTY0NTg0NTV9.SC9jutfzLM_5ct2P3ouv3YTWHT2dvCR_kJUeV4M-3Uw', '2024-06-23 10:00:55', 1),
	(156, 30, '2024-05-23 10:00:58', 'eyJhbGciOiJIUzI1NiIsInR5cCI6IkpXVCJ9.eyJyb2xlIjoidXNlciIsImlkIjozMCwiaWRlbnRpdHkiOiJhbmVza29zdHJlYmE4QGdtYWlsLmNvbSIsImV4cCI6MTcxOTEzNjg1OC4xMSwiaXAiOiI6OjEiLCJ1YSI6Ik1vemlsbGEvNS4wIChXaW5kb3dzIE5UIDEwLjA7IFdpbjY0OyB4NjQpIEFwcGxlV2ViS2l0LzUzNy4zNiAoS0hUTUwsIGxpa2UgR2Vja28pIENocm9tZS8xMjQuMC4wLjAgU2FmYXJpLzUzNy4zNiIsImlhdCI6MTcxNjQ1ODQ1OH0.pfaU_jENYjEhs_yZyUYDCUtAAPAiEwwV-8-qHSlD1ZQ', '2024-06-23 10:00:58', 1),
	(157, 30, '2024-05-23 10:07:40', 'eyJhbGciOiJIUzI1NiIsInR5cCI6IkpXVCJ9.eyJyb2xlIjoidXNlciIsImlkIjozMCwiaWRlbnRpdHkiOiJhbmVza29zdHJlYmE4QGdtYWlsLmNvbSIsImV4cCI6MTcxOTEzNzI2MC44MzQsImlwIjoiOjoxIiwidWEiOiJNb3ppbGxhLzUuMCAoV2luZG93cyBOVCAxMC4wOyBXaW42NDsgeDY0KSBBcHBsZVdlYktpdC81MzcuMzYgKEtIVE1MLCBsaWtlIEdlY2tvKSBDaHJvbWUvMTI0LjAuMC4wIFNhZmFyaS81MzcuMzYiLCJpYXQiOjE3MTY0NTg4NjB9.MLDwIrOk9QVUS3C2WGAPP3p6WwtzP1ujdn9kFgUV9XU', '2024-06-23 10:07:40', 1),
	(158, 30, '2024-05-23 10:17:08', 'eyJhbGciOiJIUzI1NiIsInR5cCI6IkpXVCJ9.eyJyb2xlIjoidXNlciIsImlkIjozMCwiaWRlbnRpdHkiOiJhbmVza29zdHJlYmE4QGdtYWlsLmNvbSIsImV4cCI6MTcxOTEzNzgyOC4yNzEsImlwIjoiOjoxIiwidWEiOiJNb3ppbGxhLzUuMCAoV2luZG93cyBOVCAxMC4wOyBXaW42NDsgeDY0KSBBcHBsZVdlYktpdC81MzcuMzYgKEtIVE1MLCBsaWtlIEdlY2tvKSBDaHJvbWUvMTI0LjAuMC4wIFNhZmFyaS81MzcuMzYiLCJpYXQiOjE3MTY0NTk0Mjh9.KkKwSwfK2wNLWERF-mEt71FQ6CPkRpliqE0tvGua1Is', '2024-06-23 10:17:08', 1),
	(159, 30, '2024-05-23 10:17:40', 'eyJhbGciOiJIUzI1NiIsInR5cCI6IkpXVCJ9.eyJyb2xlIjoidXNlciIsImlkIjozMCwiaWRlbnRpdHkiOiJhbmVza29zdHJlYmE4QGdtYWlsLmNvbSIsImV4cCI6MTcxOTEzNzg2MC4wNzgsImlwIjoiOjoxIiwidWEiOiJNb3ppbGxhLzUuMCAoV2luZG93cyBOVCAxMC4wOyBXaW42NDsgeDY0KSBBcHBsZVdlYktpdC81MzcuMzYgKEtIVE1MLCBsaWtlIEdlY2tvKSBDaHJvbWUvMTI0LjAuMC4wIFNhZmFyaS81MzcuMzYiLCJpYXQiOjE3MTY0NTk0NjB9.dd6UffX-UamqmlQufTGYF4WVPR0mQMiIjUxJ8jPWEIk', '2024-06-23 10:17:40', 1),
	(160, 30, '2024-05-23 10:21:55', 'eyJhbGciOiJIUzI1NiIsInR5cCI6IkpXVCJ9.eyJyb2xlIjoidXNlciIsImlkIjozMCwiaWRlbnRpdHkiOiJhbmVza29zdHJlYmE4QGdtYWlsLmNvbSIsImV4cCI6MTcxOTEzODExNS44NzEsImlwIjoiOjoxIiwidWEiOiJNb3ppbGxhLzUuMCAoV2luZG93cyBOVCAxMC4wOyBXaW42NDsgeDY0KSBBcHBsZVdlYktpdC81MzcuMzYgKEtIVE1MLCBsaWtlIEdlY2tvKSBDaHJvbWUvMTI0LjAuMC4wIFNhZmFyaS81MzcuMzYiLCJpYXQiOjE3MTY0NTk3MTV9.AG8eQS0Rqylv-xpwPxkMuztl7npZJdgvSbZO_CWNXr0', '2024-06-23 10:21:55', 1),
	(161, 30, '2024-05-23 10:22:08', 'eyJhbGciOiJIUzI1NiIsInR5cCI6IkpXVCJ9.eyJyb2xlIjoidXNlciIsImlkIjozMCwiaWRlbnRpdHkiOiJhbmVza29zdHJlYmE4QGdtYWlsLmNvbSIsImV4cCI6MTcxOTEzODEyOC45MjcsImlwIjoiOjoxIiwidWEiOiJNb3ppbGxhLzUuMCAoV2luZG93cyBOVCAxMC4wOyBXaW42NDsgeDY0KSBBcHBsZVdlYktpdC81MzcuMzYgKEtIVE1MLCBsaWtlIEdlY2tvKSBDaHJvbWUvMTI0LjAuMC4wIFNhZmFyaS81MzcuMzYiLCJpYXQiOjE3MTY0NTk3Mjh9.wXijhsnqEJHvyvO091mJDOz-2Otehfxb6eMyTUFsweA', '2024-06-23 10:22:08', 1),
	(162, 30, '2024-05-23 10:22:53', 'eyJhbGciOiJIUzI1NiIsInR5cCI6IkpXVCJ9.eyJyb2xlIjoidXNlciIsImlkIjozMCwiaWRlbnRpdHkiOiJhbmVza29zdHJlYmE4QGdtYWlsLmNvbSIsImV4cCI6MTcxOTEzODE3My41MTIsImlwIjoiOjoxIiwidWEiOiJNb3ppbGxhLzUuMCAoV2luZG93cyBOVCAxMC4wOyBXaW42NDsgeDY0KSBBcHBsZVdlYktpdC81MzcuMzYgKEtIVE1MLCBsaWtlIEdlY2tvKSBDaHJvbWUvMTI0LjAuMC4wIFNhZmFyaS81MzcuMzYiLCJpYXQiOjE3MTY0NTk3NzN9.4GVqb5KqzO8PPn4BjqQBBd3PlElD5hzLsTcl-_undMw', '2024-06-23 10:22:53', 1),
	(163, 30, '2024-05-23 10:29:08', 'eyJhbGciOiJIUzI1NiIsInR5cCI6IkpXVCJ9.eyJyb2xlIjoidXNlciIsImlkIjozMCwiaWRlbnRpdHkiOiJhbmVza29zdHJlYmE4QGdtYWlsLmNvbSIsImV4cCI6MTcxOTEzODU0OC41OTMsImlwIjoiOjoxIiwidWEiOiJNb3ppbGxhLzUuMCAoV2luZG93cyBOVCAxMC4wOyBXaW42NDsgeDY0KSBBcHBsZVdlYktpdC81MzcuMzYgKEtIVE1MLCBsaWtlIEdlY2tvKSBDaHJvbWUvMTI0LjAuMC4wIFNhZmFyaS81MzcuMzYiLCJpYXQiOjE3MTY0NjAxNDh9.SgQr-b8E7-39HCPH1KCf1DQ7mfXX9EDbpG3k_BoTXcw', '2024-06-23 10:29:08', 1),
	(164, 30, '2024-05-23 10:29:15', 'eyJhbGciOiJIUzI1NiIsInR5cCI6IkpXVCJ9.eyJyb2xlIjoidXNlciIsImlkIjozMCwiaWRlbnRpdHkiOiJhbmVza29zdHJlYmE4QGdtYWlsLmNvbSIsImV4cCI6MTcxOTEzODU1NS4zMTksImlwIjoiOjoxIiwidWEiOiJNb3ppbGxhLzUuMCAoV2luZG93cyBOVCAxMC4wOyBXaW42NDsgeDY0KSBBcHBsZVdlYktpdC81MzcuMzYgKEtIVE1MLCBsaWtlIEdlY2tvKSBDaHJvbWUvMTI0LjAuMC4wIFNhZmFyaS81MzcuMzYiLCJpYXQiOjE3MTY0NjAxNTV9.nFgsBZ0E9LN1TaKQfIHm5k02goX-jnrVBFJOZULCq6k', '2024-06-23 10:29:15', 1),
	(165, 30, '2024-05-23 10:56:57', 'eyJhbGciOiJIUzI1NiIsInR5cCI6IkpXVCJ9.eyJyb2xlIjoidXNlciIsImlkIjozMCwiaWRlbnRpdHkiOiJhbmVza29zdHJlYmE4QGdtYWlsLmNvbSIsImV4cCI6MTcxOTE0MDIxNy44NTMsImlwIjoiOjoxIiwidWEiOiJNb3ppbGxhLzUuMCAoV2luZG93cyBOVCAxMC4wOyBXaW42NDsgeDY0KSBBcHBsZVdlYktpdC81MzcuMzYgKEtIVE1MLCBsaWtlIEdlY2tvKSBDaHJvbWUvMTI0LjAuMC4wIFNhZmFyaS81MzcuMzYiLCJpYXQiOjE3MTY0NjE4MTd9.9vu_QL1RgBtS_yMiD8kI15X80Al6qXjYMmedPfDZDbY', '2024-06-23 10:56:57', 1),
	(166, 30, '2024-05-23 10:59:16', 'eyJhbGciOiJIUzI1NiIsInR5cCI6IkpXVCJ9.eyJyb2xlIjoidXNlciIsImlkIjozMCwiaWRlbnRpdHkiOiJhbmVza29zdHJlYmE4QGdtYWlsLmNvbSIsImV4cCI6MTcxOTE0MDM1Ni40MDIsImlwIjoiOjoxIiwidWEiOiJNb3ppbGxhLzUuMCAoV2luZG93cyBOVCAxMC4wOyBXaW42NDsgeDY0KSBBcHBsZVdlYktpdC81MzcuMzYgKEtIVE1MLCBsaWtlIEdlY2tvKSBDaHJvbWUvMTI0LjAuMC4wIFNhZmFyaS81MzcuMzYiLCJpYXQiOjE3MTY0NjE5NTZ9.XedH8RR8_n2okHQ2nlr9ip65fjUNQGz-YV-Fp3UsQoo', '2024-06-23 10:59:16', 1),
	(167, 30, '2024-05-23 11:00:24', 'eyJhbGciOiJIUzI1NiIsInR5cCI6IkpXVCJ9.eyJyb2xlIjoidXNlciIsImlkIjozMCwiaWRlbnRpdHkiOiJhbmVza29zdHJlYmE4QGdtYWlsLmNvbSIsImV4cCI6MTcxOTE0MDQyNC4wMjQsImlwIjoiOjoxIiwidWEiOiJNb3ppbGxhLzUuMCAoV2luZG93cyBOVCAxMC4wOyBXaW42NDsgeDY0KSBBcHBsZVdlYktpdC81MzcuMzYgKEtIVE1MLCBsaWtlIEdlY2tvKSBDaHJvbWUvMTI0LjAuMC4wIFNhZmFyaS81MzcuMzYiLCJpYXQiOjE3MTY0NjIwMjR9.LQwxZk_Zg_0Lc6Q4jjFhRZ2ye0R5Bi7_JeC9NYb3hkI', '2024-06-23 11:00:24', 1),
	(168, 30, '2024-05-23 11:09:28', 'eyJhbGciOiJIUzI1NiIsInR5cCI6IkpXVCJ9.eyJyb2xlIjoidXNlciIsImlkIjozMCwiaWRlbnRpdHkiOiJhbmVza29zdHJlYmE4QGdtYWlsLmNvbSIsImV4cCI6MTcxOTE0MDk2OC42NTgsImlwIjoiOjoxIiwidWEiOiJNb3ppbGxhLzUuMCAoV2luZG93cyBOVCAxMC4wOyBXaW42NDsgeDY0KSBBcHBsZVdlYktpdC81MzcuMzYgKEtIVE1MLCBsaWtlIEdlY2tvKSBDaHJvbWUvMTI0LjAuMC4wIFNhZmFyaS81MzcuMzYiLCJpYXQiOjE3MTY0NjI1Njh9.oF3J54Q5OQwqQo7FvvM_mUjlkefmaMbEv2p5hAypTAE', '2024-06-23 11:09:28', 1),
	(169, 30, '2024-05-23 11:09:31', 'eyJhbGciOiJIUzI1NiIsInR5cCI6IkpXVCJ9.eyJyb2xlIjoidXNlciIsImlkIjozMCwiaWRlbnRpdHkiOiJhbmVza29zdHJlYmE4QGdtYWlsLmNvbSIsImV4cCI6MTcxOTE0MDk3MS4wNjQsImlwIjoiOjoxIiwidWEiOiJNb3ppbGxhLzUuMCAoV2luZG93cyBOVCAxMC4wOyBXaW42NDsgeDY0KSBBcHBsZVdlYktpdC81MzcuMzYgKEtIVE1MLCBsaWtlIEdlY2tvKSBDaHJvbWUvMTI0LjAuMC4wIFNhZmFyaS81MzcuMzYiLCJpYXQiOjE3MTY0NjI1NzF9.BMRlvlA_zxqeRsafOGlEwt3jcw-5DK75NNqA7MG55h4', '2024-06-23 11:09:31', 1),
	(170, 30, '2024-05-23 11:09:31', 'eyJhbGciOiJIUzI1NiIsInR5cCI6IkpXVCJ9.eyJyb2xlIjoidXNlciIsImlkIjozMCwiaWRlbnRpdHkiOiJhbmVza29zdHJlYmE4QGdtYWlsLmNvbSIsImV4cCI6MTcxOTE0MDk3MS40NTYsImlwIjoiOjoxIiwidWEiOiJNb3ppbGxhLzUuMCAoV2luZG93cyBOVCAxMC4wOyBXaW42NDsgeDY0KSBBcHBsZVdlYktpdC81MzcuMzYgKEtIVE1MLCBsaWtlIEdlY2tvKSBDaHJvbWUvMTI0LjAuMC4wIFNhZmFyaS81MzcuMzYiLCJpYXQiOjE3MTY0NjI1NzF9.xVyw1rIMkb-qDU8sWiWLvONRtRQ2cUYd2YF-jKJg3mY', '2024-06-23 11:09:31', 1),
	(171, 30, '2024-05-23 11:09:35', 'eyJhbGciOiJIUzI1NiIsInR5cCI6IkpXVCJ9.eyJyb2xlIjoidXNlciIsImlkIjozMCwiaWRlbnRpdHkiOiJhbmVza29zdHJlYmE4QGdtYWlsLmNvbSIsImV4cCI6MTcxOTE0MDk3NS45MzYsImlwIjoiOjoxIiwidWEiOiJNb3ppbGxhLzUuMCAoV2luZG93cyBOVCAxMC4wOyBXaW42NDsgeDY0KSBBcHBsZVdlYktpdC81MzcuMzYgKEtIVE1MLCBsaWtlIEdlY2tvKSBDaHJvbWUvMTI0LjAuMC4wIFNhZmFyaS81MzcuMzYiLCJpYXQiOjE3MTY0NjI1NzV9.-CiUdIw5Phvymh7-BF3ivzD-1VzxP0H1WxWJTXJ6HW8', '2024-06-23 11:09:35', 1),
	(172, 30, '2024-05-23 11:10:52', 'eyJhbGciOiJIUzI1NiIsInR5cCI6IkpXVCJ9.eyJyb2xlIjoidXNlciIsImlkIjozMCwiaWRlbnRpdHkiOiJhbmVza29zdHJlYmE4QGdtYWlsLmNvbSIsImV4cCI6MTcxOTE0MTA1Mi44MTcsImlwIjoiOjoxIiwidWEiOiJNb3ppbGxhLzUuMCAoV2luZG93cyBOVCAxMC4wOyBXaW42NDsgeDY0KSBBcHBsZVdlYktpdC81MzcuMzYgKEtIVE1MLCBsaWtlIEdlY2tvKSBDaHJvbWUvMTI0LjAuMC4wIFNhZmFyaS81MzcuMzYiLCJpYXQiOjE3MTY0NjI2NTJ9.eEugm4qlHE2zK6DC5-Lf2EsRiEwelwMU7onGjnCya48', '2024-06-23 11:10:52', 1),
	(173, 30, '2024-05-23 12:26:48', 'eyJhbGciOiJIUzI1NiIsInR5cCI6IkpXVCJ9.eyJyb2xlIjoidXNlciIsImlkIjozMCwiaWRlbnRpdHkiOiJhbmVza29zdHJlYmE4QGdtYWlsLmNvbSIsImV4cCI6MTcxOTE0NTYwOC44MDIsImlwIjoiOjoxIiwidWEiOiJNb3ppbGxhLzUuMCAoV2luZG93cyBOVCAxMC4wOyBXaW42NDsgeDY0KSBBcHBsZVdlYktpdC81MzcuMzYgKEtIVE1MLCBsaWtlIEdlY2tvKSBDaHJvbWUvMTI0LjAuMC4wIFNhZmFyaS81MzcuMzYiLCJpYXQiOjE3MTY0NjcyMDh9.RLQlXqJVXxpDrCqzlMsslifKeeBs8q1mWVoZNCBYlT0', '2024-06-23 12:26:48', 1),
	(174, 30, '2024-05-24 09:46:11', 'eyJhbGciOiJIUzI1NiIsInR5cCI6IkpXVCJ9.eyJyb2xlIjoidXNlciIsImlkIjozMCwiaWRlbnRpdHkiOiJhbmVza29zdHJlYmE4QGdtYWlsLmNvbSIsImV4cCI6MTcxOTIyMjM3MS4wNDUsImlwIjoiOjoxIiwidWEiOiJNb3ppbGxhLzUuMCAoV2luZG93cyBOVCAxMC4wOyBXaW42NDsgeDY0KSBBcHBsZVdlYktpdC81MzcuMzYgKEtIVE1MLCBsaWtlIEdlY2tvKSBDaHJvbWUvMTI0LjAuMC4wIFNhZmFyaS81MzcuMzYiLCJpYXQiOjE3MTY1NDM5NzF9.VdZYbsCQSZ_o-azmBrkBTmkzD6mGwrmS2Bnm6zYWfgg', '2024-06-24 09:46:11', 1),
	(175, 30, '2024-05-24 09:47:17', 'eyJhbGciOiJIUzI1NiIsInR5cCI6IkpXVCJ9.eyJyb2xlIjoidXNlciIsImlkIjozMCwiaWRlbnRpdHkiOiJhbmVza29zdHJlYmE4QGdtYWlsLmNvbSIsImV4cCI6MTcxOTIyMjQzNy45MzgsImlwIjoiOjoxIiwidWEiOiJNb3ppbGxhLzUuMCAoV2luZG93cyBOVCAxMC4wOyBXaW42NDsgeDY0KSBBcHBsZVdlYktpdC81MzcuMzYgKEtIVE1MLCBsaWtlIEdlY2tvKSBDaHJvbWUvMTI0LjAuMC4wIFNhZmFyaS81MzcuMzYiLCJpYXQiOjE3MTY1NDQwMzd9.sgm2nSbXHc5DjYGLM1tdmN7SENR-uLKNS-RSN0XWm-g', '2024-06-24 09:47:17', 1),
	(176, 30, '2024-05-24 09:48:26', 'eyJhbGciOiJIUzI1NiIsInR5cCI6IkpXVCJ9.eyJyb2xlIjoidXNlciIsImlkIjozMCwiaWRlbnRpdHkiOiJhbmVza29zdHJlYmE4QGdtYWlsLmNvbSIsImV4cCI6MTcxOTIyMjUwNi44MDEsImlwIjoiOjoxIiwidWEiOiJNb3ppbGxhLzUuMCAoV2luZG93cyBOVCAxMC4wOyBXaW42NDsgeDY0KSBBcHBsZVdlYktpdC81MzcuMzYgKEtIVE1MLCBsaWtlIEdlY2tvKSBDaHJvbWUvMTI0LjAuMC4wIFNhZmFyaS81MzcuMzYiLCJpYXQiOjE3MTY1NDQxMDZ9.7YeMl4OEciQObeUVhmdT8CtEi3okPJpCAfm6nTB0HwQ', '2024-06-24 09:48:26', 1),
	(177, 30, '2024-05-24 09:56:28', 'eyJhbGciOiJIUzI1NiIsInR5cCI6IkpXVCJ9.eyJyb2xlIjoidXNlciIsImlkIjozMCwiaWRlbnRpdHkiOiJhbmVza29zdHJlYmE4QGdtYWlsLmNvbSIsImV4cCI6MTcxOTIyMjk4OC4wNjIsImlwIjoiOjoxIiwidWEiOiJNb3ppbGxhLzUuMCAoV2luZG93cyBOVCAxMC4wOyBXaW42NDsgeDY0KSBBcHBsZVdlYktpdC81MzcuMzYgKEtIVE1MLCBsaWtlIEdlY2tvKSBDaHJvbWUvMTI0LjAuMC4wIFNhZmFyaS81MzcuMzYiLCJpYXQiOjE3MTY1NDQ1ODh9.asGVJOhoAEEb2Zwnglyh1AuOc55I42ws74V7tNN8DnI', '2024-06-24 09:56:28', 1),
	(178, 30, '2024-05-24 10:54:50', 'eyJhbGciOiJIUzI1NiIsInR5cCI6IkpXVCJ9.eyJyb2xlIjoidXNlciIsImlkIjozMCwiaWRlbnRpdHkiOiJhbmVza29zdHJlYmE4QGdtYWlsLmNvbSIsImV4cCI6MTcxOTIyNjQ5MC4yOTksImlwIjoiOjoxIiwidWEiOiJQb3N0bWFuUnVudGltZS83LjM5LjAiLCJpYXQiOjE3MTY1NDgwOTB9.D_Gkj-LcdOWlV2G66r8rzZ6kUqQvxgtTGKoYAo2iZI8', '2024-06-24 10:54:50', 1),
	(179, 30, '2024-05-24 11:00:59', 'eyJhbGciOiJIUzI1NiIsInR5cCI6IkpXVCJ9.eyJyb2xlIjoidXNlciIsImlkIjozMCwiaWRlbnRpdHkiOiJhbmVza29zdHJlYmE4QGdtYWlsLmNvbSIsImV4cCI6MTcxOTIyNjg1OS42NTMsImlwIjoiOjoxIiwidWEiOiJQb3N0bWFuUnVudGltZS83LjM5LjAiLCJpYXQiOjE3MTY1NDg0NTl9.xlfbOBSy11Dz-FZU8nZnm4XZTcJNyXMJ6-XDGs0MMSs', '2024-06-24 11:00:59', 1),
	(180, 30, '2024-05-24 11:16:48', 'eyJhbGciOiJIUzI1NiIsInR5cCI6IkpXVCJ9.eyJyb2xlIjoidXNlciIsImlkIjozMCwiaWRlbnRpdHkiOiJhbmVza29zdHJlYmE4QGdtYWlsLmNvbSIsImV4cCI6MTcxOTIyNzgwOC4xOTMsImlwIjoiOjoxIiwidWEiOiJQb3N0bWFuUnVudGltZS83LjM5LjAiLCJpYXQiOjE3MTY1NDk0MDh9.lHhLGl0kA4MlmSKvN8r8mhs7FmrmZzi8baccnchoQLg', '2024-06-24 11:16:48', 1),
	(181, 30, '2024-05-24 11:29:27', 'eyJhbGciOiJIUzI1NiIsInR5cCI6IkpXVCJ9.eyJyb2xlIjoidXNlciIsImlkIjozMCwiaWRlbnRpdHkiOiJhbmVza29zdHJlYmE4QGdtYWlsLmNvbSIsImV4cCI6MTcxOTIyODU2Ny4wMTcsImlwIjoiOjoxIiwidWEiOiJNb3ppbGxhLzUuMCAoV2luZG93cyBOVCAxMC4wOyBXaW42NDsgeDY0KSBBcHBsZVdlYktpdC81MzcuMzYgKEtIVE1MLCBsaWtlIEdlY2tvKSBDaHJvbWUvMTI0LjAuMC4wIFNhZmFyaS81MzcuMzYiLCJpYXQiOjE3MTY1NTAxNjd9.lcB7r8TE4PQKyFCKGAqdzhKBqYAipBDOCQHvdSdBQ4k', '2024-06-24 11:29:27', 1),
	(182, 30, '2024-05-24 11:30:45', 'eyJhbGciOiJIUzI1NiIsInR5cCI6IkpXVCJ9.eyJyb2xlIjoidXNlciIsImlkIjozMCwiaWRlbnRpdHkiOiJhbmVza29zdHJlYmE4QGdtYWlsLmNvbSIsImV4cCI6MTcxOTIyODY0NS4zNTIsImlwIjoiOjoxIiwidWEiOiJNb3ppbGxhLzUuMCAoV2luZG93cyBOVCAxMC4wOyBXaW42NDsgeDY0KSBBcHBsZVdlYktpdC81MzcuMzYgKEtIVE1MLCBsaWtlIEdlY2tvKSBDaHJvbWUvMTI0LjAuMC4wIFNhZmFyaS81MzcuMzYiLCJpYXQiOjE3MTY1NTAyNDV9._wMYTVmPxhMIzmqHCiQRtwAbkygm1pzo_zJUdbPhTC8', '2024-06-24 11:30:45', 1),
	(183, 30, '2024-05-24 11:31:46', 'eyJhbGciOiJIUzI1NiIsInR5cCI6IkpXVCJ9.eyJyb2xlIjoidXNlciIsImlkIjozMCwiaWRlbnRpdHkiOiJhbmVza29zdHJlYmE4QGdtYWlsLmNvbSIsImV4cCI6MTcxOTIyODcwNi4zNDQsImlwIjoiOjoxIiwidWEiOiJNb3ppbGxhLzUuMCAoV2luZG93cyBOVCAxMC4wOyBXaW42NDsgeDY0KSBBcHBsZVdlYktpdC81MzcuMzYgKEtIVE1MLCBsaWtlIEdlY2tvKSBDaHJvbWUvMTI0LjAuMC4wIFNhZmFyaS81MzcuMzYiLCJpYXQiOjE3MTY1NTAzMDZ9.bnczS23yaIneRiixxCkP9zrSmDzlxhY2787oMGMvePs', '2024-06-24 11:31:46', 1),
	(184, 30, '2024-05-24 11:32:23', 'eyJhbGciOiJIUzI1NiIsInR5cCI6IkpXVCJ9.eyJyb2xlIjoidXNlciIsImlkIjozMCwiaWRlbnRpdHkiOiJhbmVza29zdHJlYmE4QGdtYWlsLmNvbSIsImV4cCI6MTcxOTIyODc0My4zMDQsImlwIjoiOjoxIiwidWEiOiJNb3ppbGxhLzUuMCAoV2luZG93cyBOVCAxMC4wOyBXaW42NDsgeDY0KSBBcHBsZVdlYktpdC81MzcuMzYgKEtIVE1MLCBsaWtlIEdlY2tvKSBDaHJvbWUvMTI0LjAuMC4wIFNhZmFyaS81MzcuMzYiLCJpYXQiOjE3MTY1NTAzNDN9.CwKZcf4ZQ6pqX684UQ0yZ8V05FUKRfwr7RdRgedEExI', '2024-06-24 11:32:23', 1),
	(185, 30, '2024-05-24 11:32:39', 'eyJhbGciOiJIUzI1NiIsInR5cCI6IkpXVCJ9.eyJyb2xlIjoidXNlciIsImlkIjozMCwiaWRlbnRpdHkiOiJhbmVza29zdHJlYmE4QGdtYWlsLmNvbSIsImV4cCI6MTcxOTIyODc1OS4xMTksImlwIjoiOjoxIiwidWEiOiJQb3N0bWFuUnVudGltZS83LjM5LjAiLCJpYXQiOjE3MTY1NTAzNTl9.jQRB-yYvLVPn3xO-BJEexoEAhvAjqVoh6xsht0pBGnU', '2024-06-24 11:32:39', 1),
	(186, 30, '2024-05-24 11:36:06', 'eyJhbGciOiJIUzI1NiIsInR5cCI6IkpXVCJ9.eyJyb2xlIjoidXNlciIsImlkIjozMCwiaWRlbnRpdHkiOiJhbmVza29zdHJlYmE4QGdtYWlsLmNvbSIsImV4cCI6MTcxOTIyODk2Ni4yMDcsImlwIjoiOjoxIiwidWEiOiJNb3ppbGxhLzUuMCAoV2luZG93cyBOVCAxMC4wOyBXaW42NDsgeDY0KSBBcHBsZVdlYktpdC81MzcuMzYgKEtIVE1MLCBsaWtlIEdlY2tvKSBDaHJvbWUvMTI0LjAuMC4wIFNhZmFyaS81MzcuMzYiLCJpYXQiOjE3MTY1NTA1NjZ9.pTMZ5R_nUECLhnoZ2rWr27oQEWDc0iqEREoNF4PL2sU', '2024-06-24 11:36:06', 1),
	(187, 30, '2024-05-24 11:38:22', 'eyJhbGciOiJIUzI1NiIsInR5cCI6IkpXVCJ9.eyJyb2xlIjoidXNlciIsImlkIjozMCwiaWRlbnRpdHkiOiJhbmVza29zdHJlYmE4QGdtYWlsLmNvbSIsImV4cCI6MTcxOTIyOTEwMi43ODMsImlwIjoiOjoxIiwidWEiOiJNb3ppbGxhLzUuMCAoV2luZG93cyBOVCAxMC4wOyBXaW42NDsgeDY0KSBBcHBsZVdlYktpdC81MzcuMzYgKEtIVE1MLCBsaWtlIEdlY2tvKSBDaHJvbWUvMTI0LjAuMC4wIFNhZmFyaS81MzcuMzYiLCJpYXQiOjE3MTY1NTA3MDJ9.vcLgtpH0UrnTCqN_jDG71OD6IFMDMZjACFBZ_pL5DTk', '2024-06-24 11:38:22', 1),
	(188, 30, '2024-05-24 11:38:53', 'eyJhbGciOiJIUzI1NiIsInR5cCI6IkpXVCJ9.eyJyb2xlIjoidXNlciIsImlkIjozMCwiaWRlbnRpdHkiOiJhbmVza29zdHJlYmE4QGdtYWlsLmNvbSIsImV4cCI6MTcxOTIyOTEzMy42MywiaXAiOiI6OjEiLCJ1YSI6Ik1vemlsbGEvNS4wIChXaW5kb3dzIE5UIDEwLjA7IFdpbjY0OyB4NjQpIEFwcGxlV2ViS2l0LzUzNy4zNiAoS0hUTUwsIGxpa2UgR2Vja28pIENocm9tZS8xMjQuMC4wLjAgU2FmYXJpLzUzNy4zNiIsImlhdCI6MTcxNjU1MDczM30.bHuIt5jO_tt27FojKRpDTTNTD3LXHcIcr7BB1mBXk4g', '2024-06-24 11:38:53', 1),
	(189, 30, '2024-05-24 11:39:22', 'eyJhbGciOiJIUzI1NiIsInR5cCI6IkpXVCJ9.eyJyb2xlIjoidXNlciIsImlkIjozMCwiaWRlbnRpdHkiOiJhbmVza29zdHJlYmE4QGdtYWlsLmNvbSIsImV4cCI6MTcxOTIyOTE2Mi4xNjYsImlwIjoiOjoxIiwidWEiOiJNb3ppbGxhLzUuMCAoV2luZG93cyBOVCAxMC4wOyBXaW42NDsgeDY0KSBBcHBsZVdlYktpdC81MzcuMzYgKEtIVE1MLCBsaWtlIEdlY2tvKSBDaHJvbWUvMTI0LjAuMC4wIFNhZmFyaS81MzcuMzYiLCJpYXQiOjE3MTY1NTA3NjJ9.hPKhLCu625Yd7eoMlSgwrdTQR9hW7j78CMsluPErcyk', '2024-06-24 11:39:22', 1),
	(190, 30, '2024-05-24 11:59:29', 'eyJhbGciOiJIUzI1NiIsInR5cCI6IkpXVCJ9.eyJyb2xlIjoidXNlciIsImlkIjozMCwiaWRlbnRpdHkiOiJhbmVza29zdHJlYmE4QGdtYWlsLmNvbSIsImV4cCI6MTcxOTIzMDM2OS45NDMsImlwIjoiOjoxIiwidWEiOiJNb3ppbGxhLzUuMCAoV2luZG93cyBOVCAxMC4wOyBXaW42NDsgeDY0KSBBcHBsZVdlYktpdC81MzcuMzYgKEtIVE1MLCBsaWtlIEdlY2tvKSBDaHJvbWUvMTI0LjAuMC4wIFNhZmFyaS81MzcuMzYiLCJpYXQiOjE3MTY1NTE5Njl9.nho1n8OgF2HUQj4TIz8XLm9WECwSi76TQ6XXBDdnGYA', '2024-06-24 11:59:29', 1),
	(191, 30, '2024-05-24 12:00:44', 'eyJhbGciOiJIUzI1NiIsInR5cCI6IkpXVCJ9.eyJyb2xlIjoidXNlciIsImlkIjozMCwiaWRlbnRpdHkiOiJhbmVza29zdHJlYmE4QGdtYWlsLmNvbSIsImV4cCI6MTcxOTIzMDQ0NC44OCwiaXAiOiI6OjEiLCJ1YSI6Ik1vemlsbGEvNS4wIChXaW5kb3dzIE5UIDEwLjA7IFdpbjY0OyB4NjQpIEFwcGxlV2ViS2l0LzUzNy4zNiAoS0hUTUwsIGxpa2UgR2Vja28pIENocm9tZS8xMjQuMC4wLjAgU2FmYXJpLzUzNy4zNiIsImlhdCI6MTcxNjU1MjA0NH0.ZIHpilu-UmcG_-l13daC8Y3-QUQavQLYvsf39SMNatE', '2024-06-24 12:00:44', 1),
	(192, 30, '2024-05-24 12:27:42', 'eyJhbGciOiJIUzI1NiIsInR5cCI6IkpXVCJ9.eyJyb2xlIjoidXNlciIsImlkIjozMCwiaWRlbnRpdHkiOiJhbmVza29zdHJlYmE4QGdtYWlsLmNvbSIsImV4cCI6MTcxOTIzMjA2Mi40MzcsImlwIjoiOjoxIiwidWEiOiJQb3N0bWFuUnVudGltZS83LjM5LjAiLCJpYXQiOjE3MTY1NTM2NjJ9.NtIZh2wgH8yz_VVoD7fUoBylAXqX5JULiHwzlh0Nbs0', '2024-06-24 12:27:42', 1),
	(193, 30, '2024-05-24 13:01:49', 'eyJhbGciOiJIUzI1NiIsInR5cCI6IkpXVCJ9.eyJyb2xlIjoidXNlciIsImlkIjozMCwiaWRlbnRpdHkiOiJhbmVza29zdHJlYmE4QGdtYWlsLmNvbSIsImV4cCI6MTcxOTIzNDEwOS4xMjUsImlwIjoiOjoxIiwidWEiOiJNb3ppbGxhLzUuMCAoV2luZG93cyBOVCAxMC4wOyBXaW42NDsgeDY0KSBBcHBsZVdlYktpdC81MzcuMzYgKEtIVE1MLCBsaWtlIEdlY2tvKSBDaHJvbWUvMTI0LjAuMC4wIFNhZmFyaS81MzcuMzYiLCJpYXQiOjE3MTY1NTU3MDl9.49pEnSmhHTQ56xfoTWTFxpA-SbXqO2VrebxeIDOxiLc', '2024-06-24 13:01:49', 1),
	(194, 30, '2024-05-24 13:02:33', 'eyJhbGciOiJIUzI1NiIsInR5cCI6IkpXVCJ9.eyJyb2xlIjoidXNlciIsImlkIjozMCwiaWRlbnRpdHkiOiJhbmVza29zdHJlYmE4QGdtYWlsLmNvbSIsImV4cCI6MTcxOTIzNDE1My4xODUsImlwIjoiOjoxIiwidWEiOiJNb3ppbGxhLzUuMCAoV2luZG93cyBOVCAxMC4wOyBXaW42NDsgeDY0KSBBcHBsZVdlYktpdC81MzcuMzYgKEtIVE1MLCBsaWtlIEdlY2tvKSBDaHJvbWUvMTI0LjAuMC4wIFNhZmFyaS81MzcuMzYiLCJpYXQiOjE3MTY1NTU3NTN9.wkWn-RpwWF0JlTFDOKa-Sm5YyH1laOTN85kzArVKNIQ', '2024-06-24 13:02:33', 1),
	(195, 30, '2024-05-24 13:02:47', 'eyJhbGciOiJIUzI1NiIsInR5cCI6IkpXVCJ9.eyJyb2xlIjoidXNlciIsImlkIjozMCwiaWRlbnRpdHkiOiJhbmVza29zdHJlYmE4QGdtYWlsLmNvbSIsImV4cCI6MTcxOTIzNDE2Ny4xNjgsImlwIjoiOjoxIiwidWEiOiJNb3ppbGxhLzUuMCAoV2luZG93cyBOVCAxMC4wOyBXaW42NDsgeDY0KSBBcHBsZVdlYktpdC81MzcuMzYgKEtIVE1MLCBsaWtlIEdlY2tvKSBDaHJvbWUvMTI0LjAuMC4wIFNhZmFyaS81MzcuMzYiLCJpYXQiOjE3MTY1NTU3Njd9.2kFZT74N8MuqEfgeG2T3YQPjgtLjQuN4S3tIGDRgnFE', '2024-06-24 13:02:47', 1),
	(196, 30, '2024-05-24 13:03:35', 'eyJhbGciOiJIUzI1NiIsInR5cCI6IkpXVCJ9.eyJyb2xlIjoidXNlciIsImlkIjozMCwiaWRlbnRpdHkiOiJhbmVza29zdHJlYmE4QGdtYWlsLmNvbSIsImV4cCI6MTcxOTIzNDIxNS4yNjQsImlwIjoiOjoxIiwidWEiOiJNb3ppbGxhLzUuMCAoV2luZG93cyBOVCAxMC4wOyBXaW42NDsgeDY0KSBBcHBsZVdlYktpdC81MzcuMzYgKEtIVE1MLCBsaWtlIEdlY2tvKSBDaHJvbWUvMTI0LjAuMC4wIFNhZmFyaS81MzcuMzYiLCJpYXQiOjE3MTY1NTU4MTV9.gys_llFepbAOtP3oqapubsS0nGWrUpxOvd5UqBvHvhQ', '2024-06-24 13:03:35', 1),
	(197, 30, '2024-05-24 13:03:49', 'eyJhbGciOiJIUzI1NiIsInR5cCI6IkpXVCJ9.eyJyb2xlIjoidXNlciIsImlkIjozMCwiaWRlbnRpdHkiOiJhbmVza29zdHJlYmE4QGdtYWlsLmNvbSIsImV4cCI6MTcxOTIzNDIyOS4wNzksImlwIjoiOjoxIiwidWEiOiJNb3ppbGxhLzUuMCAoV2luZG93cyBOVCAxMC4wOyBXaW42NDsgeDY0KSBBcHBsZVdlYktpdC81MzcuMzYgKEtIVE1MLCBsaWtlIEdlY2tvKSBDaHJvbWUvMTI0LjAuMC4wIFNhZmFyaS81MzcuMzYiLCJpYXQiOjE3MTY1NTU4Mjl9.tOAjfgWCqQp0jmeN4D6Ise82biG2qiNn-L3_XFIoohc', '2024-06-24 13:03:49', 1),
	(198, 30, '2024-05-24 13:26:08', 'eyJhbGciOiJIUzI1NiIsInR5cCI6IkpXVCJ9.eyJyb2xlIjoidXNlciIsImlkIjozMCwiaWRlbnRpdHkiOiJhbmVza29zdHJlYmE4QGdtYWlsLmNvbSIsImV4cCI6MTcxOTIzNTU2OC40MTgsImlwIjoiOjoxIiwidWEiOiJNb3ppbGxhLzUuMCAoV2luZG93cyBOVCAxMC4wOyBXaW42NDsgeDY0KSBBcHBsZVdlYktpdC81MzcuMzYgKEtIVE1MLCBsaWtlIEdlY2tvKSBDaHJvbWUvMTI0LjAuMC4wIFNhZmFyaS81MzcuMzYiLCJpYXQiOjE3MTY1NTcxNjh9.a_3K9e5J3_yKvyhF_rbNLHsTOSmFi0WAEcyYdtxhTrg', '2024-06-24 13:26:08', 1),
	(199, 30, '2024-05-24 13:26:16', 'eyJhbGciOiJIUzI1NiIsInR5cCI6IkpXVCJ9.eyJyb2xlIjoidXNlciIsImlkIjozMCwiaWRlbnRpdHkiOiJhbmVza29zdHJlYmE4QGdtYWlsLmNvbSIsImV4cCI6MTcxOTIzNTU3Ni45MTIsImlwIjoiOjoxIiwidWEiOiJNb3ppbGxhLzUuMCAoV2luZG93cyBOVCAxMC4wOyBXaW42NDsgeDY0KSBBcHBsZVdlYktpdC81MzcuMzYgKEtIVE1MLCBsaWtlIEdlY2tvKSBDaHJvbWUvMTI0LjAuMC4wIFNhZmFyaS81MzcuMzYiLCJpYXQiOjE3MTY1NTcxNzZ9.dY6zwuzXTJTm61e78u83pLje_9_4KHhTnNaniMBEvv0', '2024-06-24 13:26:16', 1),
	(200, 30, '2024-05-24 13:26:54', 'eyJhbGciOiJIUzI1NiIsInR5cCI6IkpXVCJ9.eyJyb2xlIjoidXNlciIsImlkIjozMCwiaWRlbnRpdHkiOiJhbmVza29zdHJlYmE4QGdtYWlsLmNvbSIsImV4cCI6MTcxOTIzNTYxNC42NzMsImlwIjoiOjoxIiwidWEiOiJNb3ppbGxhLzUuMCAoV2luZG93cyBOVCAxMC4wOyBXaW42NDsgeDY0KSBBcHBsZVdlYktpdC81MzcuMzYgKEtIVE1MLCBsaWtlIEdlY2tvKSBDaHJvbWUvMTI0LjAuMC4wIFNhZmFyaS81MzcuMzYiLCJpYXQiOjE3MTY1NTcyMTR9.wpcp2oU4szlmCLqQcB38eVFWfS_WVAW0eHLWvf4N8cE', '2024-06-24 13:26:54', 1),
	(201, 30, '2024-05-24 13:28:01', 'eyJhbGciOiJIUzI1NiIsInR5cCI6IkpXVCJ9.eyJyb2xlIjoidXNlciIsImlkIjozMCwiaWRlbnRpdHkiOiJhbmVza29zdHJlYmE4QGdtYWlsLmNvbSIsImV4cCI6MTcxOTIzNTY4MS4xNTIsImlwIjoiOjoxIiwidWEiOiJNb3ppbGxhLzUuMCAoV2luZG93cyBOVCAxMC4wOyBXaW42NDsgeDY0KSBBcHBsZVdlYktpdC81MzcuMzYgKEtIVE1MLCBsaWtlIEdlY2tvKSBDaHJvbWUvMTI0LjAuMC4wIFNhZmFyaS81MzcuMzYiLCJpYXQiOjE3MTY1NTcyODF9.AUpOh5WBtoO-iG8HYl0BcOEwlBleqLlWOMb2mNQVBrg', '2024-06-24 13:28:01', 1),
	(202, 30, '2024-05-25 06:24:05', 'eyJhbGciOiJIUzI1NiIsInR5cCI6IkpXVCJ9.eyJyb2xlIjoidXNlciIsImlkIjozMCwiaWRlbnRpdHkiOiJhbmVza29zdHJlYmE4QGdtYWlsLmNvbSIsImV4cCI6MTcxOTI5NjY0NS45MDksImlwIjoiOjoxIiwidWEiOiJNb3ppbGxhLzUuMCAoV2luZG93cyBOVCAxMC4wOyBXaW42NDsgeDY0KSBBcHBsZVdlYktpdC81MzcuMzYgKEtIVE1MLCBsaWtlIEdlY2tvKSBDaHJvbWUvMTI0LjAuMC4wIFNhZmFyaS81MzcuMzYiLCJpYXQiOjE3MTY2MTgyNDV9.pZfdMxE3QXwQmNLhd2XWjNnBQvg38ZSNjJzsXagymxM', '2024-06-25 06:24:05', 1),
	(203, 30, '2024-05-25 07:13:32', 'eyJhbGciOiJIUzI1NiIsInR5cCI6IkpXVCJ9.eyJyb2xlIjoidXNlciIsImlkIjozMCwiaWRlbnRpdHkiOiJhbmVza29zdHJlYmE4QGdtYWlsLmNvbSIsImV4cCI6MTcxOTI5OTYxMi4xNzMsImlwIjoiOjoxIiwidWEiOiJNb3ppbGxhLzUuMCAoV2luZG93cyBOVCAxMC4wOyBXaW42NDsgeDY0KSBBcHBsZVdlYktpdC81MzcuMzYgKEtIVE1MLCBsaWtlIEdlY2tvKSBDaHJvbWUvMTI0LjAuMC4wIFNhZmFyaS81MzcuMzYiLCJpYXQiOjE3MTY2MjEyMTJ9.-7cKlOlK-eOI9ddiMHbpbFF86Ldaa1jCYoTExB4ddEQ', '2024-06-25 07:13:32', 1),
	(204, 30, '2024-05-25 07:14:08', 'eyJhbGciOiJIUzI1NiIsInR5cCI6IkpXVCJ9.eyJyb2xlIjoidXNlciIsImlkIjozMCwiaWRlbnRpdHkiOiJhbmVza29zdHJlYmE4QGdtYWlsLmNvbSIsImV4cCI6MTcxOTI5OTY0OC4zNzMsImlwIjoiOjoxIiwidWEiOiJNb3ppbGxhLzUuMCAoV2luZG93cyBOVCAxMC4wOyBXaW42NDsgeDY0KSBBcHBsZVdlYktpdC81MzcuMzYgKEtIVE1MLCBsaWtlIEdlY2tvKSBDaHJvbWUvMTI0LjAuMC4wIFNhZmFyaS81MzcuMzYiLCJpYXQiOjE3MTY2MjEyNDh9.iBE_8rCpJSiR-SB4Q8OQ0RUYw2OG3XOfNST3LcEFQ7U', '2024-06-25 07:14:08', 1),
	(205, 30, '2024-05-25 07:14:40', 'eyJhbGciOiJIUzI1NiIsInR5cCI6IkpXVCJ9.eyJyb2xlIjoidXNlciIsImlkIjozMCwiaWRlbnRpdHkiOiJhbmVza29zdHJlYmE4QGdtYWlsLmNvbSIsImV4cCI6MTcxOTI5OTY4MC4yOTMsImlwIjoiOjoxIiwidWEiOiJNb3ppbGxhLzUuMCAoV2luZG93cyBOVCAxMC4wOyBXaW42NDsgeDY0KSBBcHBsZVdlYktpdC81MzcuMzYgKEtIVE1MLCBsaWtlIEdlY2tvKSBDaHJvbWUvMTI0LjAuMC4wIFNhZmFyaS81MzcuMzYiLCJpYXQiOjE3MTY2MjEyODB9.dkkoTb1Z8utes7QX7wPa9Jhjopki0w0KtO1SfOACmI0', '2024-06-25 07:14:40', 1),
	(206, 30, '2024-05-25 07:15:45', 'eyJhbGciOiJIUzI1NiIsInR5cCI6IkpXVCJ9.eyJyb2xlIjoidXNlciIsImlkIjozMCwiaWRlbnRpdHkiOiJhbmVza29zdHJlYmE4QGdtYWlsLmNvbSIsImV4cCI6MTcxOTI5OTc0NS4wMjEsImlwIjoiOjoxIiwidWEiOiJNb3ppbGxhLzUuMCAoV2luZG93cyBOVCAxMC4wOyBXaW42NDsgeDY0KSBBcHBsZVdlYktpdC81MzcuMzYgKEtIVE1MLCBsaWtlIEdlY2tvKSBDaHJvbWUvMTI0LjAuMC4wIFNhZmFyaS81MzcuMzYiLCJpYXQiOjE3MTY2MjEzNDV9.NwBjhaCROXXwoHKnGp8T2M6JeWv0ono0nw4JzH0hi5U', '2024-06-25 07:15:45', 1),
	(207, 30, '2024-05-25 07:17:17', 'eyJhbGciOiJIUzI1NiIsInR5cCI6IkpXVCJ9.eyJyb2xlIjoidXNlciIsImlkIjozMCwiaWRlbnRpdHkiOiJhbmVza29zdHJlYmE4QGdtYWlsLmNvbSIsImV4cCI6MTcxOTI5OTgzNy40MDYsImlwIjoiOjoxIiwidWEiOiJNb3ppbGxhLzUuMCAoV2luZG93cyBOVCAxMC4wOyBXaW42NDsgeDY0KSBBcHBsZVdlYktpdC81MzcuMzYgKEtIVE1MLCBsaWtlIEdlY2tvKSBDaHJvbWUvMTI0LjAuMC4wIFNhZmFyaS81MzcuMzYiLCJpYXQiOjE3MTY2MjE0Mzd9.sq2GH1fEX9Of_E2WM2ECIb1oxgR9CDJsxPkUMM5r91k', '2024-06-25 07:17:17', 1),
	(208, 30, '2024-05-25 07:17:41', 'eyJhbGciOiJIUzI1NiIsInR5cCI6IkpXVCJ9.eyJyb2xlIjoidXNlciIsImlkIjozMCwiaWRlbnRpdHkiOiJhbmVza29zdHJlYmE4QGdtYWlsLmNvbSIsImV4cCI6MTcxOTI5OTg2MS4zNDgsImlwIjoiOjoxIiwidWEiOiJNb3ppbGxhLzUuMCAoV2luZG93cyBOVCAxMC4wOyBXaW42NDsgeDY0KSBBcHBsZVdlYktpdC81MzcuMzYgKEtIVE1MLCBsaWtlIEdlY2tvKSBDaHJvbWUvMTI0LjAuMC4wIFNhZmFyaS81MzcuMzYiLCJpYXQiOjE3MTY2MjE0NjF9.VPZhGcYerX3evEMEXk9ME8ONo4gfs9AamW4tP85iFSU', '2024-06-25 07:17:41', 1),
	(209, 30, '2024-05-25 07:19:41', 'eyJhbGciOiJIUzI1NiIsInR5cCI6IkpXVCJ9.eyJyb2xlIjoidXNlciIsImlkIjozMCwiaWRlbnRpdHkiOiJhbmVza29zdHJlYmE4QGdtYWlsLmNvbSIsImV4cCI6MTcxOTI5OTk4MS4zODEsImlwIjoiOjoxIiwidWEiOiJNb3ppbGxhLzUuMCAoV2luZG93cyBOVCAxMC4wOyBXaW42NDsgeDY0KSBBcHBsZVdlYktpdC81MzcuMzYgKEtIVE1MLCBsaWtlIEdlY2tvKSBDaHJvbWUvMTI0LjAuMC4wIFNhZmFyaS81MzcuMzYiLCJpYXQiOjE3MTY2MjE1ODF9.dzsFhgdUc8C8dWL-xEZO0voCbZaMDL_pRpWthOSpm-8', '2024-06-25 07:19:41', 1),
	(210, 30, '2024-05-25 07:59:15', 'eyJhbGciOiJIUzI1NiIsInR5cCI6IkpXVCJ9.eyJyb2xlIjoidXNlciIsImlkIjozMCwiaWRlbnRpdHkiOiJhbmVza29zdHJlYmE4QGdtYWlsLmNvbSIsImV4cCI6MTcxOTMwMjM1NC45OTksImlwIjoiOjpmZmZmOjEyNy4wLjAuMSIsInVhIjoiTW96aWxsYS81LjAgKFdpbmRvd3MgTlQgMTAuMDsgV2luNjQ7IHg2NDsgcnY6MTI2LjApIEdlY2tvLzIwMTAwMTAxIEZpcmVmb3gvMTI2LjAiLCJpYXQiOjE3MTY2MjM5NTV9.PTOhqLCOCJtBfDIOY-zPv6tmC86Ekc94nX93TsUwdlY', '2024-06-25 07:59:14', 1),
	(211, 30, '2024-05-25 13:15:18', 'eyJhbGciOiJIUzI1NiIsInR5cCI6IkpXVCJ9.eyJyb2xlIjoidXNlciIsImlkIjozMCwiaWRlbnRpdHkiOiJhbmVza29zdHJlYmE4QGdtYWlsLmNvbSIsImV4cCI6MTcxOTMyMTMxOC4wNiwiaXAiOiI6OmZmZmY6MTI3LjAuMC4xIiwidWEiOiJNb3ppbGxhLzUuMCAoV2luZG93cyBOVCAxMC4wOyBXaW42NDsgeDY0OyBydjoxMjYuMCkgR2Vja28vMjAxMDAxMDEgRmlyZWZveC8xMjYuMCIsImlhdCI6MTcxNjY0MjkxOH0.OoOOV6GsL_awydVQpO8ktet2HYwwgHslF3Ao5VNRw-k', '2024-06-25 13:15:18', 1),
	(212, 30, '2024-05-25 13:25:46', 'eyJhbGciOiJIUzI1NiIsInR5cCI6IkpXVCJ9.eyJyb2xlIjoidXNlciIsImlkIjozMCwiaWRlbnRpdHkiOiJhbmVza29zdHJlYmE4QGdtYWlsLmNvbSIsImV4cCI6MTcxOTMyMTk0Ni43MzIsImlwIjoiOjpmZmZmOjEyNy4wLjAuMSIsInVhIjoiTW96aWxsYS81LjAgKFdpbmRvd3MgTlQgMTAuMDsgV2luNjQ7IHg2NDsgcnY6MTI2LjApIEdlY2tvLzIwMTAwMTAxIEZpcmVmb3gvMTI2LjAiLCJpYXQiOjE3MTY2NDM1NDZ9.iitpm8Sr3FEXxqizJZsCgP7x7p2ghFtFb2eHyLg5wMQ', '2024-06-25 13:25:46', 1),
	(213, 30, '2024-05-26 07:42:26', 'eyJhbGciOiJIUzI1NiIsInR5cCI6IkpXVCJ9.eyJyb2xlIjoidXNlciIsImlkIjozMCwiaWRlbnRpdHkiOiJhbmVza29zdHJlYmE4QGdtYWlsLmNvbSIsImV4cCI6MTcxOTM4Nzc0Ni4wNDMsImlwIjoiOjoxIiwidWEiOiJNb3ppbGxhLzUuMCAoV2luZG93cyBOVCAxMC4wOyBXaW42NDsgeDY0KSBBcHBsZVdlYktpdC81MzcuMzYgKEtIVE1MLCBsaWtlIEdlY2tvKSBDaHJvbWUvMTI0LjAuMC4wIFNhZmFyaS81MzcuMzYiLCJpYXQiOjE3MTY3MDkzNDZ9.TfEZqaYBBIvh6mqBz9TLIvbT67h5jl-7InAZ71vyKNY', '2024-06-26 07:42:26', 1),
	(214, 30, '2024-05-26 08:08:00', 'eyJhbGciOiJIUzI1NiIsInR5cCI6IkpXVCJ9.eyJyb2xlIjoidXNlciIsImlkIjozMCwiaWRlbnRpdHkiOiJhbmVza29zdHJlYmE4QGdtYWlsLmNvbSIsImV4cCI6MTcxOTM4OTI4MC4yODMsImlwIjoiOjoxIiwidWEiOiJNb3ppbGxhLzUuMCAoV2luZG93cyBOVCAxMC4wOyBXaW42NDsgeDY0KSBBcHBsZVdlYktpdC81MzcuMzYgKEtIVE1MLCBsaWtlIEdlY2tvKSBDaHJvbWUvMTI0LjAuMC4wIFNhZmFyaS81MzcuMzYiLCJpYXQiOjE3MTY3MTA4ODB9.xopVXjqjthMjqNsA7G-iWiROBNnwB8tGDDv1UsVyRCg', '2024-06-26 08:08:00', 1),
	(215, 30, '2024-05-27 13:00:23', 'eyJhbGciOiJIUzI1NiIsInR5cCI6IkpXVCJ9.eyJyb2xlIjoidXNlciIsImlkIjozMCwiaWRlbnRpdHkiOiJhbmVza29zdHJlYmE4QGdtYWlsLmNvbSIsImV4cCI6MTcxOTQ5MzIyMy4yMjgsImlwIjoiOjoxIiwidWEiOiJNb3ppbGxhLzUuMCAoV2luZG93cyBOVCAxMC4wOyBXaW42NDsgeDY0KSBBcHBsZVdlYktpdC81MzcuMzYgKEtIVE1MLCBsaWtlIEdlY2tvKSBDaHJvbWUvMTI0LjAuMC4wIFNhZmFyaS81MzcuMzYiLCJpYXQiOjE3MTY4MTQ4MjN9.b8yFSD24SVfV3wKKJg0LAwgQfr-JPbYzMQsBvY3uG_4', '2024-06-27 13:00:23', 1),
	(216, 30, '2024-05-27 13:00:50', 'eyJhbGciOiJIUzI1NiIsInR5cCI6IkpXVCJ9.eyJyb2xlIjoidXNlciIsImlkIjozMCwiaWRlbnRpdHkiOiJhbmVza29zdHJlYmE4QGdtYWlsLmNvbSIsImV4cCI6MTcxOTQ5MzI1MC4yMDksImlwIjoiOjoxIiwidWEiOiJNb3ppbGxhLzUuMCAoV2luZG93cyBOVCAxMC4wOyBXaW42NDsgeDY0KSBBcHBsZVdlYktpdC81MzcuMzYgKEtIVE1MLCBsaWtlIEdlY2tvKSBDaHJvbWUvMTI0LjAuMC4wIFNhZmFyaS81MzcuMzYiLCJpYXQiOjE3MTY4MTQ4NTB9.qGS89jdL_vMF-8SG9jmNUIjI1c9W6UJKuuMBLbdtuXc', '2024-06-27 13:00:50', 1),
	(217, 30, '2024-05-27 13:16:14', 'eyJhbGciOiJIUzI1NiIsInR5cCI6IkpXVCJ9.eyJyb2xlIjoidXNlciIsImlkIjozMCwiaWRlbnRpdHkiOiJhbmVza29zdHJlYmE4QGdtYWlsLmNvbSIsImV4cCI6MTcxOTQ5NDE3NC4wMDYsImlwIjoiOjoxIiwidWEiOiJNb3ppbGxhLzUuMCAoV2luZG93cyBOVCAxMC4wOyBXaW42NDsgeDY0KSBBcHBsZVdlYktpdC81MzcuMzYgKEtIVE1MLCBsaWtlIEdlY2tvKSBDaHJvbWUvMTI0LjAuMC4wIFNhZmFyaS81MzcuMzYiLCJpYXQiOjE3MTY4MTU3NzR9.99370P5bZD7H4PzRVlHtVHYrLsKgzaKNIa2vkizU_xI', '2024-06-27 13:16:14', 1),
	(218, 30, '2024-05-29 13:09:10', 'eyJhbGciOiJIUzI1NiIsInR5cCI6IkpXVCJ9.eyJyb2xlIjoidXNlciIsImlkIjozMCwiaWRlbnRpdHkiOiJhbmVza29zdHJlYmE4QGdtYWlsLmNvbSIsImV4cCI6MTcxOTY2NjU1MC44MDcsImlwIjoiOjoxIiwidWEiOiJQb3N0bWFuUnVudGltZS83LjM5LjAiLCJpYXQiOjE3MTY5ODgxNTB9._wfUnCu_9tExIhpBv9SI7m0scUBOyByBNRhSWLi9ipw', '2024-06-29 13:09:10', 1),
	(219, 30, '2024-05-29 13:33:38', 'eyJhbGciOiJIUzI1NiIsInR5cCI6IkpXVCJ9.eyJyb2xlIjoidXNlciIsImlkIjozMCwiaWRlbnRpdHkiOiJhbmVza29zdHJlYmE4QGdtYWlsLmNvbSIsImV4cCI6MTcxOTY2ODAxOC4xNzksImlwIjoiOjoxIiwidWEiOiJQb3N0bWFuUnVudGltZS83LjM5LjAiLCJpYXQiOjE3MTY5ODk2MTh9.lSqURW2YJxuqd-GHF7A4-qUwUPQfe5OEiuFGWs5Ah2E', '2024-06-29 13:33:38', 1),
	(220, 30, '2024-06-04 09:52:36', 'eyJhbGciOiJIUzI1NiIsInR5cCI6IkpXVCJ9.eyJyb2xlIjoidXNlciIsImlkIjozMCwiaWRlbnRpdHkiOiJhbmVza29zdHJlYmE4QGdtYWlsLmNvbSIsImV4cCI6MTcyMDE3MzE1Ni41MzgsImlwIjoiOjoxIiwidWEiOiJNb3ppbGxhLzUuMCAoV2luZG93cyBOVCAxMC4wOyBXaW42NDsgeDY0KSBBcHBsZVdlYktpdC81MzcuMzYgKEtIVE1MLCBsaWtlIEdlY2tvKSBDaHJvbWUvMTI1LjAuMC4wIFNhZmFyaS81MzcuMzYiLCJpYXQiOjE3MTc0OTQ3NTZ9.fHIZEEZNtdbM7PQf0FHIRJIcUUhQI6OG60udEpNNL2U', '2024-07-05 09:52:36', 1),
	(221, 30, '2024-06-04 10:46:24', 'eyJhbGciOiJIUzI1NiIsInR5cCI6IkpXVCJ9.eyJyb2xlIjoidXNlciIsImlkIjozMCwiaWRlbnRpdHkiOiJhbmVza29zdHJlYmE4QGdtYWlsLmNvbSIsImV4cCI6MTcyMDE3NjM4NC44NTEsImlwIjoiOjoxIiwidWEiOiJNb3ppbGxhLzUuMCAoV2luZG93cyBOVCAxMC4wOyBXaW42NDsgeDY0KSBBcHBsZVdlYktpdC81MzcuMzYgKEtIVE1MLCBsaWtlIEdlY2tvKSBDaHJvbWUvMTI1LjAuMC4wIFNhZmFyaS81MzcuMzYiLCJpYXQiOjE3MTc0OTc5ODR9.P-niQnDGVxlyumF6OHy4YmPJYkiarFnVu8uDEtaV50E', '2024-07-05 10:46:24', 1),
	(222, 30, '2024-06-04 12:17:30', 'eyJhbGciOiJIUzI1NiIsInR5cCI6IkpXVCJ9.eyJyb2xlIjoidXNlciIsImlkIjozMCwiaWRlbnRpdHkiOiJhbmVza29zdHJlYmE4QGdtYWlsLmNvbSIsImV4cCI6MTcyMDE4MTg1MC42MjYsImlwIjoiOjoxIiwidWEiOiJQb3N0bWFuUnVudGltZS83LjM5LjAiLCJpYXQiOjE3MTc1MDM0NTB9.C7295Dg2A6NE0jkLhw2UPH_B9XSEHlmCnNmGIf02U8I', '2024-07-05 12:17:30', 1),
	(223, 30, '2024-06-04 12:17:52', 'eyJhbGciOiJIUzI1NiIsInR5cCI6IkpXVCJ9.eyJyb2xlIjoidXNlciIsImlkIjozMCwiaWRlbnRpdHkiOiJhbmVza29zdHJlYmE4QGdtYWlsLmNvbSIsImV4cCI6MTcyMDE4MTg3Mi45MywiaXAiOiI6OjEiLCJ1YSI6Ik1vemlsbGEvNS4wIChXaW5kb3dzIE5UIDEwLjA7IFdpbjY0OyB4NjQpIEFwcGxlV2ViS2l0LzUzNy4zNiAoS0hUTUwsIGxpa2UgR2Vja28pIENocm9tZS8xMjUuMC4wLjAgU2FmYXJpLzUzNy4zNiIsImlhdCI6MTcxNzUwMzQ3Mn0.RdPrRlNywtByDuyZiIDysGCLr3Vtl8Q_0mEa5sh1QUE', '2024-07-05 12:17:52', 1),
	(224, 30, '2024-06-04 12:18:52', 'eyJhbGciOiJIUzI1NiIsInR5cCI6IkpXVCJ9.eyJyb2xlIjoidXNlciIsImlkIjozMCwiaWRlbnRpdHkiOiJhbmVza29zdHJlYmE4QGdtYWlsLmNvbSIsImV4cCI6MTcyMDE4MTkzMi4wOTEsImlwIjoiOjoxIiwidWEiOiJNb3ppbGxhLzUuMCAoV2luZG93cyBOVCAxMC4wOyBXaW42NDsgeDY0KSBBcHBsZVdlYktpdC81MzcuMzYgKEtIVE1MLCBsaWtlIEdlY2tvKSBDaHJvbWUvMTI1LjAuMC4wIFNhZmFyaS81MzcuMzYiLCJpYXQiOjE3MTc1MDM1MzJ9.v9KKXZfW7uvmQB_yUMsZo_RyQqF9VhpEmBImLAgp79k', '2024-07-05 12:18:52', 1),
	(225, 30, '2024-06-05 08:09:34', 'eyJhbGciOiJIUzI1NiIsInR5cCI6IkpXVCJ9.eyJyb2xlIjoidXNlciIsImlkIjozMCwiaWRlbnRpdHkiOiJhbmVza29zdHJlYmE4QGdtYWlsLmNvbSIsImV4cCI6MTcyMDI1MzM3NC43OTgsImlwIjoiOjoxIiwidWEiOiJNb3ppbGxhLzUuMCAoV2luZG93cyBOVCAxMC4wOyBXaW42NDsgeDY0KSBBcHBsZVdlYktpdC81MzcuMzYgKEtIVE1MLCBsaWtlIEdlY2tvKSBDaHJvbWUvMTI1LjAuMC4wIFNhZmFyaS81MzcuMzYiLCJpYXQiOjE3MTc1NzQ5NzR9.AstwCUnUZwEs1oO5X_eee1I-d3jYZjQZ_Gn9RBX9Bms', '2024-07-06 08:09:34', 1),
	(226, 30, '2024-06-05 08:09:53', 'eyJhbGciOiJIUzI1NiIsInR5cCI6IkpXVCJ9.eyJyb2xlIjoidXNlciIsImlkIjozMCwiaWRlbnRpdHkiOiJhbmVza29zdHJlYmE4QGdtYWlsLmNvbSIsImV4cCI6MTcyMDI1MzM5My4zODcsImlwIjoiOjoxIiwidWEiOiJNb3ppbGxhLzUuMCAoV2luZG93cyBOVCAxMC4wOyBXaW42NDsgeDY0KSBBcHBsZVdlYktpdC81MzcuMzYgKEtIVE1MLCBsaWtlIEdlY2tvKSBDaHJvbWUvMTI1LjAuMC4wIFNhZmFyaS81MzcuMzYiLCJpYXQiOjE3MTc1NzQ5OTN9.Gz5eDF6Elg7CzD5zQsnYWdlu3AZTuscjL5n6KcFKMnQ', '2024-07-06 08:09:53', 1),
	(227, 30, '2024-06-12 10:56:01', 'eyJhbGciOiJIUzI1NiIsInR5cCI6IkpXVCJ9.eyJyb2xlIjoidXNlciIsImlkIjozMCwiaWRlbnRpdHkiOiJhbmVza29zdHJlYmE4QGdtYWlsLmNvbSIsImV4cCI6MTcyMDg2ODE2MS4zMiwiaXAiOiI6OjEiLCJ1YSI6IlBvc3RtYW5SdW50aW1lLzcuMzkuMCIsImlhdCI6MTcxODE4OTc2MX0.cFlcpb8FGWDixfzxz6tLshHiNdQpYjCxIG81lrn5X_A', '2024-07-13 10:56:01', 1),
	(228, 30, '2024-06-14 07:20:59', 'eyJhbGciOiJIUzI1NiIsInR5cCI6IkpXVCJ9.eyJyb2xlIjoidXNlciIsImlkIjozMCwiaWRlbnRpdHkiOiJhbmVza29zdHJlYmE4QGdtYWlsLmNvbSIsImV4cCI6MTcyMTAyODA1OS4yMTksImlwIjoiOjoxIiwidWEiOiJQb3N0bWFuUnVudGltZS83LjM5LjAiLCJpYXQiOjE3MTgzNDk2NTl9.-GZJ_Ki6WWOaXmm42KHJA6ExkqXl3uBfohSnl4OmRlw', '2024-07-15 07:20:59', 1),
	(229, 30, '2024-06-14 07:21:13', 'eyJhbGciOiJIUzI1NiIsInR5cCI6IkpXVCJ9.eyJyb2xlIjoidXNlciIsImlkIjozMCwiaWRlbnRpdHkiOiJhbmVza29zdHJlYmE4QGdtYWlsLmNvbSIsImV4cCI6MTcyMTAyODA3My44MTEsImlwIjoiOjoxIiwidWEiOiJNb3ppbGxhLzUuMCAoV2luZG93cyBOVCAxMC4wOyBXaW42NDsgeDY0KSBBcHBsZVdlYktpdC81MzcuMzYgKEtIVE1MLCBsaWtlIEdlY2tvKSBDaHJvbWUvMTI2LjAuMC4wIFNhZmFyaS81MzcuMzYiLCJpYXQiOjE3MTgzNDk2NzN9.RGvDrD7-TtTY3PHWZdJXcf7-RvuxIW-zjTg7fdTbMYI', '2024-07-15 07:21:13', 1),
	(230, 30, '2024-06-14 07:22:26', 'eyJhbGciOiJIUzI1NiIsInR5cCI6IkpXVCJ9.eyJyb2xlIjoidXNlciIsImlkIjozMCwiaWRlbnRpdHkiOiJhbmVza29zdHJlYmE4QGdtYWlsLmNvbSIsImV4cCI6MTcyMTAyODE0Ni40NzQsImlwIjoiOjoxIiwidWEiOiJNb3ppbGxhLzUuMCAoV2luZG93cyBOVCAxMC4wOyBXaW42NDsgeDY0KSBBcHBsZVdlYktpdC81MzcuMzYgKEtIVE1MLCBsaWtlIEdlY2tvKSBDaHJvbWUvMTI2LjAuMC4wIFNhZmFyaS81MzcuMzYiLCJpYXQiOjE3MTgzNDk3NDZ9.9rtawhSq8hF0SFXfV70SC7NXVDnf8DBR8w2DFY6109c', '2024-07-15 07:22:26', 1),
	(231, 30, '2024-06-14 07:32:49', 'eyJhbGciOiJIUzI1NiIsInR5cCI6IkpXVCJ9.eyJyb2xlIjoidXNlciIsImlkIjozMCwiaWRlbnRpdHkiOiJhbmVza29zdHJlYmE4QGdtYWlsLmNvbSIsImV4cCI6MTcyMTAyODc2OS45NDcsImlwIjoiOjoxIiwidWEiOiJNb3ppbGxhLzUuMCAoV2luZG93cyBOVCAxMC4wOyBXaW42NDsgeDY0KSBBcHBsZVdlYktpdC81MzcuMzYgKEtIVE1MLCBsaWtlIEdlY2tvKSBDaHJvbWUvMTI2LjAuMC4wIFNhZmFyaS81MzcuMzYiLCJpYXQiOjE3MTgzNTAzNjl9.1YSj-kCWqpENtyKWSNjffaOGk8vkl2eclC3-uQxCmzs', '2024-07-15 07:32:49', 1),
	(232, 30, '2024-06-14 08:43:22', 'eyJhbGciOiJIUzI1NiIsInR5cCI6IkpXVCJ9.eyJyb2xlIjoidXNlciIsImlkIjozMCwiaWRlbnRpdHkiOiJhbmVza29zdHJlYmE4QGdtYWlsLmNvbSIsImV4cCI6MTcyMTAzMzAwMi4xMDYsImlwIjoiOjoxIiwidWEiOiJNb3ppbGxhLzUuMCAoV2luZG93cyBOVCAxMC4wOyBXaW42NDsgeDY0KSBBcHBsZVdlYktpdC81MzcuMzYgKEtIVE1MLCBsaWtlIEdlY2tvKSBDaHJvbWUvMTI2LjAuMC4wIFNhZmFyaS81MzcuMzYiLCJpYXQiOjE3MTgzNTQ2MDJ9.tKZLsnr24cEYDerFmlQbk8YPrDC6kKysuWd2SPZgZW0', '2024-07-15 08:43:22', 1),
	(233, 30, '2024-06-14 08:43:51', 'eyJhbGciOiJIUzI1NiIsInR5cCI6IkpXVCJ9.eyJyb2xlIjoidXNlciIsImlkIjozMCwiaWRlbnRpdHkiOiJhbmVza29zdHJlYmE4QGdtYWlsLmNvbSIsImV4cCI6MTcyMTAzMzAzMS41ODgsImlwIjoiOjoxIiwidWEiOiJNb3ppbGxhLzUuMCAoV2luZG93cyBOVCAxMC4wOyBXaW42NDsgeDY0KSBBcHBsZVdlYktpdC81MzcuMzYgKEtIVE1MLCBsaWtlIEdlY2tvKSBDaHJvbWUvMTI2LjAuMC4wIFNhZmFyaS81MzcuMzYiLCJpYXQiOjE3MTgzNTQ2MzF9.eRTJpVzmBj3sp0IsNvZtng7M1fQShtLxYBIT-qWGyDM', '2024-07-15 08:43:51', 1),
	(234, 30, '2024-06-14 09:20:54', 'eyJhbGciOiJIUzI1NiIsInR5cCI6IkpXVCJ9.eyJyb2xlIjoidXNlciIsImlkIjozMCwiaWRlbnRpdHkiOiJhbmVza29zdHJlYmE4QGdtYWlsLmNvbSIsImV4cCI6MTcyMTAzNTI1NC43NywiaXAiOiI6OjEiLCJ1YSI6Ik1vemlsbGEvNS4wIChXaW5kb3dzIE5UIDEwLjA7IFdpbjY0OyB4NjQpIEFwcGxlV2ViS2l0LzUzNy4zNiAoS0hUTUwsIGxpa2UgR2Vja28pIENocm9tZS8xMjYuMC4wLjAgU2FmYXJpLzUzNy4zNiIsImlhdCI6MTcxODM1Njg1NH0.6K9piFLNp-s7w7UhP5IwUVpzYtC_kDnxLtCR8M7HF0g', '2024-07-15 09:20:54', 1),
	(235, 30, '2024-06-14 14:44:36', 'eyJhbGciOiJIUzI1NiIsInR5cCI6IkpXVCJ9.eyJyb2xlIjoidXNlciIsImlkIjozMCwiaWRlbnRpdHkiOiJhbmVza29zdHJlYmE4QGdtYWlsLmNvbSIsImV4cCI6MTcyMTA1NDY3Ni41ODksImlwIjoiOjoxIiwidWEiOiJNb3ppbGxhLzUuMCAoV2luZG93cyBOVCAxMC4wOyBXaW42NDsgeDY0KSBBcHBsZVdlYktpdC81MzcuMzYgKEtIVE1MLCBsaWtlIEdlY2tvKSBDaHJvbWUvMTI1LjAuMC4wIFNhZmFyaS81MzcuMzYgRWRnLzEyNS4wLjAuMCIsImlhdCI6MTcxODM3NjI3Nn0.yu0Yn1SG_R3bVKp09K6gnONP3EYng_vNpBP0KKV6krQ', '2024-07-15 14:44:36', 1),
	(236, 30, '2024-06-14 14:45:35', 'eyJhbGciOiJIUzI1NiIsInR5cCI6IkpXVCJ9.eyJyb2xlIjoidXNlciIsImlkIjozMCwiaWRlbnRpdHkiOiJhbmVza29zdHJlYmE4QGdtYWlsLmNvbSIsImV4cCI6MTcyMTA1NDczNS42MywiaXAiOiI6OjEiLCJ1YSI6Ik1vemlsbGEvNS4wIChXaW5kb3dzIE5UIDEwLjA7IFdpbjY0OyB4NjQpIEFwcGxlV2ViS2l0LzUzNy4zNiAoS0hUTUwsIGxpa2UgR2Vja28pIENocm9tZS8xMjUuMC4wLjAgU2FmYXJpLzUzNy4zNiBFZGcvMTI1LjAuMC4wIiwiaWF0IjoxNzE4Mzc2MzM1fQ.h0WdkrU5l4MDyR2C8U8nptC_hxGa5ODSk6pZFipwLKQ', '2024-07-15 14:45:35', 1),
	(237, 30, '2024-06-14 14:46:19', 'eyJhbGciOiJIUzI1NiIsInR5cCI6IkpXVCJ9.eyJyb2xlIjoidXNlciIsImlkIjozMCwiaWRlbnRpdHkiOiJhbmVza29zdHJlYmE4QGdtYWlsLmNvbSIsImV4cCI6MTcyMTA1NDc3OS40NjgsImlwIjoiOjoxIiwidWEiOiJNb3ppbGxhLzUuMCAoV2luZG93cyBOVCAxMC4wOyBXaW42NDsgeDY0KSBBcHBsZVdlYktpdC81MzcuMzYgKEtIVE1MLCBsaWtlIEdlY2tvKSBDaHJvbWUvMTI0LjAuMC4wIFNhZmFyaS81MzcuMzYiLCJpYXQiOjE3MTgzNzYzNzl9.Pm7_B18ae2fEHMYeyL90ldcnRfNKvU5zJU50c5Udf00', '2024-07-15 14:46:19', 1),
	(238, 30, '2024-06-14 14:47:54', 'eyJhbGciOiJIUzI1NiIsInR5cCI6IkpXVCJ9.eyJyb2xlIjoidXNlciIsImlkIjozMCwiaWRlbnRpdHkiOiJhbmVza29zdHJlYmE4QGdtYWlsLmNvbSIsImV4cCI6MTcyMTA1NDg3NC4xMTYsImlwIjoiOjoxIiwidWEiOiJNb3ppbGxhLzUuMCAoV2luZG93cyBOVCAxMC4wOyBXaW42NDsgeDY0KSBBcHBsZVdlYktpdC81MzcuMzYgKEtIVE1MLCBsaWtlIEdlY2tvKSBDaHJvbWUvMTI1LjAuMC4wIFNhZmFyaS81MzcuMzYgRWRnLzEyNS4wLjAuMCIsImlhdCI6MTcxODM3NjQ3NH0.rg5X-5hXhlTb-eZQsgAOCaUe-mJ3kC9aSKXx1sIMHRM', '2024-07-15 14:47:54', 1),
	(239, 30, '2024-06-14 14:48:05', 'eyJhbGciOiJIUzI1NiIsInR5cCI6IkpXVCJ9.eyJyb2xlIjoidXNlciIsImlkIjozMCwiaWRlbnRpdHkiOiJhbmVza29zdHJlYmE4QGdtYWlsLmNvbSIsImV4cCI6MTcyMTA1NDg4NS4zMjMsImlwIjoiOjoxIiwidWEiOiJNb3ppbGxhLzUuMCAoV2luZG93cyBOVCAxMC4wOyBXaW42NDsgeDY0KSBBcHBsZVdlYktpdC81MzcuMzYgKEtIVE1MLCBsaWtlIEdlY2tvKSBDaHJvbWUvMTI1LjAuMC4wIFNhZmFyaS81MzcuMzYgRWRnLzEyNS4wLjAuMCIsImlhdCI6MTcxODM3NjQ4NX0.K0T4w5oBoVxWsei-7acZzYnrf_EpwuUouJK6P-qxDBs', '2024-07-15 14:48:05', 1),
	(240, 30, '2024-06-14 14:52:55', 'eyJhbGciOiJIUzI1NiIsInR5cCI6IkpXVCJ9.eyJyb2xlIjoidXNlciIsImlkIjozMCwiaWRlbnRpdHkiOiJhbmVza29zdHJlYmE4QGdtYWlsLmNvbSIsImV4cCI6MTcyMTA1NTE3NS4wODYsImlwIjoiOjoxIiwidWEiOiJNb3ppbGxhLzUuMCAoV2luZG93cyBOVCAxMC4wOyBXaW42NDsgeDY0KSBBcHBsZVdlYktpdC81MzcuMzYgKEtIVE1MLCBsaWtlIEdlY2tvKSBDaHJvbWUvMTI1LjAuMC4wIFNhZmFyaS81MzcuMzYgRWRnLzEyNS4wLjAuMCIsImlhdCI6MTcxODM3Njc3NX0.IeYZ0Nxzx4-HfMkYfyklOB4lt5ooC33Yyx_Jil7ubFA', '2024-07-15 14:52:55', 1),
	(241, 30, '2024-06-28 11:30:18', 'eyJhbGciOiJIUzI1NiIsInR5cCI6IkpXVCJ9.eyJyb2xlIjoidXNlciIsImlkIjozMCwiaWRlbnRpdHkiOiJhbmVza29zdHJlYmE4QGdtYWlsLmNvbSIsImV4cCI6MTcyMjI1MjYxOC4wMzMsImlwIjoiOjoxIiwidWEiOiJNb3ppbGxhLzUuMCAoV2luZG93cyBOVCAxMC4wOyBXaW42NDsgeDY0KSBBcHBsZVdlYktpdC81MzcuMzYgKEtIVE1MLCBsaWtlIEdlY2tvKSBDaHJvbWUvMTI2LjAuMC4wIFNhZmFyaS81MzcuMzYiLCJpYXQiOjE3MTk1NzQyMTh9.6UUGDfIVQbaNhO9SGgsYq9W2dzDiz0psujnf1CrFbNw', '2024-07-29 11:30:18', 1),
	(242, 25, '2024-06-28 12:03:03', 'eyJhbGciOiJIUzI1NiIsInR5cCI6IkpXVCJ9.eyJyb2xlIjoidXNlciIsImlkIjoyNSwiaWRlbnRpdHkiOiJhbmVza29zdHJlYmE0OEBnbWFpbC5jb20iLCJleHAiOjE3MjIyNTQ1ODMuMzAxLCJpcCI6Ijo6MSIsInVhIjoiTW96aWxsYS81LjAgKFdpbmRvd3MgTlQgMTAuMDsgV2luNjQ7IHg2NCkgQXBwbGVXZWJLaXQvNTM3LjM2IChLSFRNTCwgbGlrZSBHZWNrbykgQ2hyb21lLzEyNi4wLjAuMCBTYWZhcmkvNTM3LjM2IiwiaWF0IjoxNzE5NTc2MTgzfQ.6v33IuiXE2vYWhl8k0tjIG8ErvXoCEw-1M_puqEwHd4', '2024-07-29 12:03:03', 1),
	(243, 25, '2024-06-28 12:03:52', 'eyJhbGciOiJIUzI1NiIsInR5cCI6IkpXVCJ9.eyJyb2xlIjoidXNlciIsImlkIjoyNSwiaWRlbnRpdHkiOiJhbmVza29zdHJlYmE0OEBnbWFpbC5jb20iLCJleHAiOjE3MjIyNTQ2MzIuOTcsImlwIjoiOjoxIiwidWEiOiJNb3ppbGxhLzUuMCAoV2luZG93cyBOVCAxMC4wOyBXaW42NDsgeDY0KSBBcHBsZVdlYktpdC81MzcuMzYgKEtIVE1MLCBsaWtlIEdlY2tvKSBDaHJvbWUvMTI2LjAuMC4wIFNhZmFyaS81MzcuMzYiLCJpYXQiOjE3MTk1NzYyMzJ9.GderRR5rLoq121acQiefd1MNpzW3m_pcr4FHXYnq5t4', '2024-07-29 12:03:52', 1),
	(244, 25, '2024-06-28 12:22:33', 'eyJhbGciOiJIUzI1NiIsInR5cCI6IkpXVCJ9.eyJyb2xlIjoidXNlciIsImlkIjoyNSwiaWRlbnRpdHkiOiJhbmVza29zdHJlYmE0OEBnbWFpbC5jb20iLCJleHAiOjE3MjIyNTU3NTMuMDUsImlwIjoiOjoxIiwidWEiOiJNb3ppbGxhLzUuMCAoV2luZG93cyBOVCAxMC4wOyBXaW42NDsgeDY0KSBBcHBsZVdlYktpdC81MzcuMzYgKEtIVE1MLCBsaWtlIEdlY2tvKSBDaHJvbWUvMTI2LjAuMC4wIFNhZmFyaS81MzcuMzYiLCJpYXQiOjE3MTk1NzczNTN9.88NuyVoL1_50wv6d-F_dMWO4tpnFP5R9hwDyMH4KBXw', '2024-07-29 12:22:33', 1),
	(245, 30, '2024-06-28 12:32:24', 'eyJhbGciOiJIUzI1NiIsInR5cCI6IkpXVCJ9.eyJyb2xlIjoidXNlciIsImlkIjozMCwiaWRlbnRpdHkiOiJhbmVza29zdHJlYmE4QGdtYWlsLmNvbSIsImV4cCI6MTcyMjI1NjM0NC4xNzIsImlwIjoiOjoxIiwidWEiOiJQb3N0bWFuUnVudGltZS83LjM3LjMiLCJpYXQiOjE3MTk1Nzc5NDR9.JU5KrA5dkLEcQMZjlQSDwy9ofIM4nDz-IpYyJ4X0x-M', '2024-07-29 12:32:24', 1),
	(246, 25, '2024-06-28 12:33:29', 'eyJhbGciOiJIUzI1NiIsInR5cCI6IkpXVCJ9.eyJyb2xlIjoidXNlciIsImlkIjoyNSwiaWRlbnRpdHkiOiJhbmVza29zdHJlYmE0OEBnbWFpbC5jb20iLCJleHAiOjE3MjIyNTY0MDkuNjI2LCJpcCI6Ijo6MSIsInVhIjoiUG9zdG1hblJ1bnRpbWUvNy4zNy4zIiwiaWF0IjoxNzE5NTc4MDA5fQ.2_520l7UlrebEw9FkxPMV6evKyTgvlkudjs9SuFQ2J4', '2024-07-29 12:33:29', 1),
	(247, 25, '2024-06-28 16:31:47', 'eyJhbGciOiJIUzI1NiIsInR5cCI6IkpXVCJ9.eyJyb2xlIjoidXNlciIsImlkIjoyNSwiaWRlbnRpdHkiOiJhbmVza29zdHJlYmE0OEBnbWFpbC5jb20iLCJleHAiOjE3MjIyNzA3MDcuODg2LCJpcCI6Ijo6MSIsInVhIjoiTW96aWxsYS81LjAgKExpbnV4OyBBbmRyb2lkIDYuMDsgTmV4dXMgNSBCdWlsZC9NUkE1OE4pIEFwcGxlV2ViS2l0LzUzNy4zNiAoS0hUTUwsIGxpa2UgR2Vja28pIENocm9tZS8xMjYuMC4wLjAgTW9iaWxlIFNhZmFyaS81MzcuMzYiLCJpYXQiOjE3MTk1OTIzMDd9.tPJFq0TTKHWSp44m0Nq4l5OlhK-oN3Uwl27nU6NsvT4', '2024-07-29 16:31:47', 1),
	(248, 25, '2024-06-28 16:35:14', 'eyJhbGciOiJIUzI1NiIsInR5cCI6IkpXVCJ9.eyJyb2xlIjoidXNlciIsImlkIjoyNSwiaWRlbnRpdHkiOiJhbmVza29zdHJlYmE0OEBnbWFpbC5jb20iLCJleHAiOjE3MjIyNzA5MTQuODQ1LCJpcCI6Ijo6MSIsInVhIjoiTW96aWxsYS81LjAgKFdpbmRvd3MgTlQgMTAuMDsgV2luNjQ7IHg2NCkgQXBwbGVXZWJLaXQvNTM3LjM2IChLSFRNTCwgbGlrZSBHZWNrbykgQ2hyb21lLzEyNi4wLjAuMCBTYWZhcmkvNTM3LjM2IiwiaWF0IjoxNzE5NTkyNTE0fQ.u_BDv06waTBzOUUmP39boeS1f_cmRxQdATh1UuZJB_8', '2024-07-29 16:35:14', 1),
	(249, 25, '2024-06-28 17:26:47', 'eyJhbGciOiJIUzI1NiIsInR5cCI6IkpXVCJ9.eyJyb2xlIjoidXNlciIsImlkIjoyNSwiaWRlbnRpdHkiOiJhbmVza29zdHJlYmE0OEBnbWFpbC5jb20iLCJleHAiOjE3MjIyNzQwMDcuNzg0LCJpcCI6Ijo6ZmZmZjoxMjcuMC4wLjEiLCJ1YSI6Ik1vemlsbGEvNS4wIChXaW5kb3dzIE5UIDEwLjA7IFdpbjY0OyB4NjQ7IHJ2OjEyNy4wKSBHZWNrby8yMDEwMDEwMSBGaXJlZm94LzEyNy4wIiwiaWF0IjoxNzE5NTk1NjA3fQ.zA3ClyA7auI4DW004CV6ThYIgGZv-mznA9pEV2jWR4w', '2024-07-29 17:26:47', 1),
	(250, 25, '2024-06-29 05:43:50', 'eyJhbGciOiJIUzI1NiIsInR5cCI6IkpXVCJ9.eyJyb2xlIjoidXNlciIsImlkIjoyNSwiaWRlbnRpdHkiOiJhbmVza29zdHJlYmE0OEBnbWFpbC5jb20iLCJleHAiOjE3MjIzMTgyMzAuNDI2LCJpcCI6Ijo6MSIsInVhIjoiTW96aWxsYS81LjAgKFdpbmRvd3MgTlQgMTAuMDsgV2luNjQ7IHg2NCkgQXBwbGVXZWJLaXQvNTM3LjM2IChLSFRNTCwgbGlrZSBHZWNrbykgQ2hyb21lLzEyNi4wLjAuMCBTYWZhcmkvNTM3LjM2IiwiaWF0IjoxNzE5NjM5ODMwfQ.BnYEyMyqP9LZy6QCcae6RzWfDohwW1mcKZv9fbwM9LM', '2024-07-30 05:43:50', 1),
	(251, 25, '2024-06-29 05:45:20', 'eyJhbGciOiJIUzI1NiIsInR5cCI6IkpXVCJ9.eyJyb2xlIjoidXNlciIsImlkIjoyNSwiaWRlbnRpdHkiOiJhbmVza29zdHJlYmE0OEBnbWFpbC5jb20iLCJleHAiOjE3MjIzMTgzMjAuNjQyLCJpcCI6Ijo6ZmZmZjoxMjcuMC4wLjEiLCJ1YSI6Ik1vemlsbGEvNS4wIChXaW5kb3dzIE5UIDEwLjA7IFdpbjY0OyB4NjQ7IHJ2OjEyNy4wKSBHZWNrby8yMDEwMDEwMSBGaXJlZm94LzEyNy4wIiwiaWF0IjoxNzE5NjM5OTIwfQ.uvt5quIw98wa9PrLHpwZtWDhzDOTG01sotJ8DsIxcjA', '2024-07-30 05:45:20', 1),
	(252, 25, '2024-07-01 11:43:07', 'eyJhbGciOiJIUzI1NiIsInR5cCI6IkpXVCJ9.eyJyb2xlIjoidXNlciIsImlkIjoyNSwiaWRlbnRpdHkiOiJhbmVza29zdHJlYmE0OEBnbWFpbC5jb20iLCJleHAiOjE3MjI1MTI1ODcuNDgzLCJpcCI6Ijo6MSIsInVhIjoiTW96aWxsYS81LjAgKFdpbmRvd3MgTlQgMTAuMDsgV2luNjQ7IHg2NCkgQXBwbGVXZWJLaXQvNTM3LjM2IChLSFRNTCwgbGlrZSBHZWNrbykgQ2hyb21lLzEyNi4wLjAuMCBTYWZhcmkvNTM3LjM2IiwiaWF0IjoxNzE5ODM0MTg3fQ.3_RwR3bU-h6Xx7odxgL0H4zaTCP02sIK4OLVxC72o9w', '2024-08-01 11:43:07', 1),
	(253, 25, '2024-07-03 06:15:17', 'eyJhbGciOiJIUzI1NiIsInR5cCI6IkpXVCJ9.eyJyb2xlIjoidXNlciIsImlkIjoyNSwiaWRlbnRpdHkiOiJhbmVza29zdHJlYmE0OEBnbWFpbC5jb20iLCJleHAiOjE3MjI2NjU3MTcuNDYxLCJpcCI6Ijo6MSIsInVhIjoiUG9zdG1hblJ1bnRpbWUvNy4zNy4zIiwiaWF0IjoxNzE5OTg3MzE3fQ.g_qv9HXTcXmgj4F-vg1dAZp_bcGBgsNN08x0uaLCGuE', '2024-08-03 06:15:17', 1),
	(254, 25, '2024-07-03 10:28:14', 'eyJhbGciOiJIUzI1NiIsInR5cCI6IkpXVCJ9.eyJyb2xlIjoidXNlciIsImlkIjoyNSwiaWRlbnRpdHkiOiJhbmVza29zdHJlYmE0OEBnbWFpbC5jb20iLCJleHAiOjE3MjI2ODA4OTQuMzUzLCJpcCI6Ijo6MSIsInVhIjoiUG9zdG1hblJ1bnRpbWUvNy4zNy4zIiwiaWF0IjoxNzIwMDAyNDk0fQ.k7AytPd1_7gvDxQzbqBou56RxBwN1e6QEen2BPcmqSc', '2024-08-03 10:28:14', 1),
	(255, 25, '2024-07-03 16:08:58', 'eyJhbGciOiJIUzI1NiIsInR5cCI6IkpXVCJ9.eyJyb2xlIjoidXNlciIsImlkIjoyNSwiaWRlbnRpdHkiOiJhbmVza29zdHJlYmE0OEBnbWFpbC5jb20iLCJleHAiOjE3MjI3MDEzMzguMzE4LCJpcCI6Ijo6MSIsInVhIjoiUG9zdG1hblJ1bnRpbWUvNy4zOS4wIiwiaWF0IjoxNzIwMDIyOTM4fQ.KQrEL8yv5HWdGm2-fcw5Lx7TmmuZxTgCQg9rDaTKXQ0', '2024-08-03 16:08:58', 1),
	(256, 25, '2024-07-05 10:46:49', 'eyJhbGciOiJIUzI1NiIsInR5cCI6IkpXVCJ9.eyJyb2xlIjoidXNlciIsImlkIjoyNSwiaWRlbnRpdHkiOiJhbmVza29zdHJlYmE0OEBnbWFpbC5jb20iLCJleHAiOjE3MjI4NTQ4MDkuNjU4LCJpcCI6Ijo6MSIsInVhIjoiUG9zdG1hblJ1bnRpbWUvNy4zOS4wIiwiaWF0IjoxNzIwMTc2NDA5fQ.koLKQ1yxzPwRxgJ2ZGkz4SWQ-NI-830XlcJCTWpqtQY', '2024-08-05 10:46:49', 1),
	(257, 25, '2024-07-08 06:57:58', 'eyJhbGciOiJIUzI1NiIsInR5cCI6IkpXVCJ9.eyJyb2xlIjoidXNlciIsImlkIjoyNSwiaWRlbnRpdHkiOiJhbmVza29zdHJlYmE0OEBnbWFpbC5jb20iLCJleHAiOjE3MjMxMDAyNzguNzcsImlwIjoiOjoxIiwidWEiOiJQb3N0bWFuUnVudGltZS83LjM5LjAiLCJpYXQiOjE3MjA0MjE4Nzh9.qWLhM-Ln9EZpBXCfs2W5MX_km9dyiJTiS6VN3H3QOPI', '2024-08-08 06:57:58', 1),
	(258, 25, '2024-07-08 08:27:24', 'eyJhbGciOiJIUzI1NiIsInR5cCI6IkpXVCJ9.eyJyb2xlIjoidXNlciIsImlkIjoyNSwiaWRlbnRpdHkiOiJhbmVza29zdHJlYmE0OEBnbWFpbC5jb20iLCJleHAiOjE3MjMxMDU2NDQuMjIyLCJpcCI6Ijo6MSIsInVhIjoiUG9zdG1hblJ1bnRpbWUvNy4zOS4wIiwiaWF0IjoxNzIwNDI3MjQ0fQ.-X6XIeA1x7YhvsX-BZbLaWPEz0BL9IzURKLdj6UeRIs', '2024-08-08 08:27:24', 1),
	(259, 25, '2024-07-08 08:44:27', 'eyJhbGciOiJIUzI1NiIsInR5cCI6IkpXVCJ9.eyJyb2xlIjoidXNlciIsImlkIjoyNSwiaWRlbnRpdHkiOiJhbmVza29zdHJlYmE0OEBnbWFpbC5jb20iLCJleHAiOjE3MjMxMDY2NjcuODc4LCJpcCI6Ijo6MSIsInVhIjoiUG9zdG1hblJ1bnRpbWUvNy4zOS4wIiwiaWF0IjoxNzIwNDI4MjY3fQ.EeUm_ujg-RvNNFLZXxGiwLgPEvl12vbVvQRuJcF0Mjw', '2024-08-08 08:44:27', 1),
	(260, 25, '2024-07-20 22:08:19', 'eyJhbGciOiJIUzI1NiIsInR5cCI6IkpXVCJ9.eyJyb2xlIjoidXNlciIsImlkIjoyNSwiaWRlbnRpdHkiOiJhbmVza29zdHJlYmE0OEBnbWFpbC5jb20iLCJleHAiOjE3MjQxOTE2OTkuMDkzLCJpcCI6Ijo6MSIsInVhIjoiTW96aWxsYS81LjAgKFdpbmRvd3MgTlQgMTAuMDsgV2luNjQ7IHg2NCkgQXBwbGVXZWJLaXQvNTM3LjM2IChLSFRNTCwgbGlrZSBHZWNrbykgQ2hyb21lLzEyNi4wLjAuMCBTYWZhcmkvNTM3LjM2IiwiaWF0IjoxNzIxNTEzMjk5fQ.2OGKFb1OmTtnSFJnvxP11bbKw7Avd4p_0VgMJmLpUdw', '2024-08-20 22:08:19', 1),
	(261, 25, '2024-07-20 22:28:16', 'eyJhbGciOiJIUzI1NiIsInR5cCI6IkpXVCJ9.eyJyb2xlIjoidXNlciIsImlkIjoyNSwiaWRlbnRpdHkiOiJhbmVza29zdHJlYmE0OEBnbWFpbC5jb20iLCJleHAiOjE3MjQxOTI4OTYuODU3LCJpcCI6Ijo6MSIsInVhIjoiTW96aWxsYS81LjAgKFdpbmRvd3MgTlQgMTAuMDsgV2luNjQ7IHg2NCkgQXBwbGVXZWJLaXQvNTM3LjM2IChLSFRNTCwgbGlrZSBHZWNrbykgQ2hyb21lLzEyNi4wLjAuMCBTYWZhcmkvNTM3LjM2IiwiaWF0IjoxNzIxNTE0NDk2fQ.ECa4_XxzkmzPUodCZhdyrPwSL6Alwra-1wtr6eVJuYc', '2024-08-20 22:28:16', 1),
	(262, 25, '2024-07-22 13:29:57', 'eyJhbGciOiJIUzI1NiIsInR5cCI6IkpXVCJ9.eyJyb2xlIjoidXNlciIsImlkIjoyNSwiaWRlbnRpdHkiOiJhbmVza29zdHJlYmE0OEBnbWFpbC5jb20iLCJleHAiOjE3MjQzMzMzOTcuMjUxLCJpcCI6Ijo6MSIsInVhIjoiTW96aWxsYS81LjAgKFdpbmRvd3MgTlQgMTAuMDsgV2luNjQ7IHg2NCkgQXBwbGVXZWJLaXQvNTM3LjM2IChLSFRNTCwgbGlrZSBHZWNrbykgQ2hyb21lLzEyNi4wLjAuMCBTYWZhcmkvNTM3LjM2IiwiaWF0IjoxNzIxNjU0OTk3fQ.2-vRaVUfmsqPiFI77Q83Sl5aykwS4sIDU5LHBtyn_jU', '2024-08-22 13:29:57', 1),
	(263, 25, '2024-07-22 13:58:02', 'eyJhbGciOiJIUzI1NiIsInR5cCI6IkpXVCJ9.eyJyb2xlIjoidXNlciIsImlkIjoyNSwiaWRlbnRpdHkiOiJhbmVza29zdHJlYmE0OEBnbWFpbC5jb20iLCJleHAiOjE3MjQzMzUwODIuNTM2LCJpcCI6Ijo6MSIsInVhIjoiUG9zdG1hblJ1bnRpbWUvNy40MC4wIiwiaWF0IjoxNzIxNjU2NjgyfQ.-WvrKD38nYCLV-wTUwFLGLCOlfRvA6TATsZsbIkYg9E', '2024-08-22 13:58:02', 1),
	(264, 25, '2024-07-22 14:05:57', 'eyJhbGciOiJIUzI1NiIsInR5cCI6IkpXVCJ9.eyJyb2xlIjoidXNlciIsImlkIjoyNSwiaWRlbnRpdHkiOiJhbmVza29zdHJlYmE0OEBnbWFpbC5jb20iLCJleHAiOjE3MjQzMzU1NTcuOTE5LCJpcCI6Ijo6MSIsInVhIjoiUG9zdG1hblJ1bnRpbWUvNy40MC4wIiwiaWF0IjoxNzIxNjU3MTU3fQ.YE594eRaa7CPTXLlQKqrSXafEW26vvBHkX-Nt1ccFUs', '2024-08-22 14:05:57', 1),
	(265, 25, '2024-07-22 15:10:20', 'eyJhbGciOiJIUzI1NiIsInR5cCI6IkpXVCJ9.eyJyb2xlIjoidXNlciIsImlkIjoyNSwiaWRlbnRpdHkiOiJhbmVza29zdHJlYmE0OEBnbWFpbC5jb20iLCJleHAiOjE3MjQzMzk0MjAuMzgxLCJpcCI6Ijo6MSIsInVhIjoiTW96aWxsYS81LjAgKFdpbmRvd3MgTlQgMTAuMDsgV2luNjQ7IHg2NCkgQXBwbGVXZWJLaXQvNTM3LjM2IChLSFRNTCwgbGlrZSBHZWNrbykgQ2hyb21lLzEyNi4wLjAuMCBTYWZhcmkvNTM3LjM2IiwiaWF0IjoxNzIxNjYxMDIwfQ.VoQk5xnBNJDn9T4ZudhHS2A4ECoV8aAcYshLMLvHe0c', '2024-08-22 15:10:20', 1),
	(266, 25, '2024-07-22 15:13:55', 'eyJhbGciOiJIUzI1NiIsInR5cCI6IkpXVCJ9.eyJyb2xlIjoidXNlciIsImlkIjoyNSwiaWRlbnRpdHkiOiJhbmVza29zdHJlYmE0OEBnbWFpbC5jb20iLCJleHAiOjE3MjQzMzk2MzUuODI2LCJpcCI6Ijo6MSIsInVhIjoiTW96aWxsYS81LjAgKFdpbmRvd3MgTlQgMTAuMDsgV2luNjQ7IHg2NCkgQXBwbGVXZWJLaXQvNTM3LjM2IChLSFRNTCwgbGlrZSBHZWNrbykgQ2hyb21lLzEyNi4wLjAuMCBTYWZhcmkvNTM3LjM2IiwiaWF0IjoxNzIxNjYxMjM1fQ.PgC0AWgeinukLehr0c81pDKnh340pqyAwroU8jsVNnw', '2024-08-22 15:13:55', 1),
	(267, 25, '2024-07-22 16:16:50', 'eyJhbGciOiJIUzI1NiIsInR5cCI6IkpXVCJ9.eyJyb2xlIjoidXNlciIsImlkIjoyNSwiaWRlbnRpdHkiOiJhbmVza29zdHJlYmE0OEBnbWFpbC5jb20iLCJleHAiOjE3MjQzNDM0MTAuNzE0LCJpcCI6Ijo6MSIsInVhIjoiTW96aWxsYS81LjAgKFdpbmRvd3MgTlQgMTAuMDsgV2luNjQ7IHg2NCkgQXBwbGVXZWJLaXQvNTM3LjM2IChLSFRNTCwgbGlrZSBHZWNrbykgQ2hyb21lLzEyNi4wLjAuMCBTYWZhcmkvNTM3LjM2IiwiaWF0IjoxNzIxNjY1MDEwfQ.2AciCv5bjg6fyr1YqJ5Eg-h6oyAK-SP_ArYASI49iQc', '2024-08-22 16:16:50', 1),
	(268, 25, '2024-07-22 18:21:16', 'eyJhbGciOiJIUzI1NiIsInR5cCI6IkpXVCJ9.eyJyb2xlIjoidXNlciIsImlkIjoyNSwiaWRlbnRpdHkiOiJhbmVza29zdHJlYmE0OEBnbWFpbC5jb20iLCJleHAiOjE3MjQzNTA4NzYuNzQzLCJpcCI6Ijo6MSIsInVhIjoiTW96aWxsYS81LjAgKFdpbmRvd3MgTlQgMTAuMDsgV2luNjQ7IHg2NCkgQXBwbGVXZWJLaXQvNTM3LjM2IChLSFRNTCwgbGlrZSBHZWNrbykgQ2hyb21lLzEyNi4wLjAuMCBTYWZhcmkvNTM3LjM2IiwiaWF0IjoxNzIxNjcyNDc2fQ.kOYDxLFLuoCSyIf7bx6xJsRBCFb-7HclztFQS1egMTE', '2024-08-22 18:21:16', 1),
	(269, 25, '2024-07-22 18:23:19', 'eyJhbGciOiJIUzI1NiIsInR5cCI6IkpXVCJ9.eyJyb2xlIjoidXNlciIsImlkIjoyNSwiaWRlbnRpdHkiOiJhbmVza29zdHJlYmE0OEBnbWFpbC5jb20iLCJleHAiOjE3MjQzNTA5OTkuNDQsImlwIjoiOjoxIiwidWEiOiJNb3ppbGxhLzUuMCAoV2luZG93cyBOVCAxMC4wOyBXaW42NDsgeDY0KSBBcHBsZVdlYktpdC81MzcuMzYgKEtIVE1MLCBsaWtlIEdlY2tvKSBDaHJvbWUvMTI2LjAuMC4wIFNhZmFyaS81MzcuMzYiLCJpYXQiOjE3MjE2NzI1OTl9.S8zuJeEktZLLI9HOhc2cEKHP58nw4ft6Wnw50h88V5Q', '2024-08-22 18:23:19', 1),
	(270, 25, '2024-07-22 18:36:43', 'eyJhbGciOiJIUzI1NiIsInR5cCI6IkpXVCJ9.eyJyb2xlIjoidXNlciIsImlkIjoyNSwiaWRlbnRpdHkiOiJhbmVza29zdHJlYmE0OEBnbWFpbC5jb20iLCJleHAiOjE3MjQzNTE4MDMuMTU3LCJpcCI6Ijo6MSIsInVhIjoiTW96aWxsYS81LjAgKFdpbmRvd3MgTlQgMTAuMDsgV2luNjQ7IHg2NCkgQXBwbGVXZWJLaXQvNTM3LjM2IChLSFRNTCwgbGlrZSBHZWNrbykgQ2hyb21lLzEyNi4wLjAuMCBTYWZhcmkvNTM3LjM2IiwiaWF0IjoxNzIxNjczNDAzfQ.o7tp1feHYgyz1WhB0gT0veIAg1Pz8eEteFol8K0Ekww', '2024-08-22 18:36:43', 1),
	(271, 25, '2024-07-22 18:54:49', 'eyJhbGciOiJIUzI1NiIsInR5cCI6IkpXVCJ9.eyJyb2xlIjoidXNlciIsImlkIjoyNSwiaWRlbnRpdHkiOiJhbmVza29zdHJlYmE0OEBnbWFpbC5jb20iLCJleHAiOjE3MjE2NzQ5NjkuNTYxLCJpcCI6Ijo6MSIsInVhIjoiTW96aWxsYS81LjAgKFdpbmRvd3MgTlQgMTAuMDsgV2luNjQ7IHg2NCkgQXBwbGVXZWJLaXQvNTM3LjM2IChLSFRNTCwgbGlrZSBHZWNrbykgQ2hyb21lLzEyNi4wLjAuMCBTYWZhcmkvNTM3LjM2IiwiaWF0IjoxNzIxNjc0NDg5fQ.Rov4A8GU6HSv8cil7BtMI9UTHTtzuXsyj5bqh5mhCoY', '2024-07-22 19:02:49', 1),
	(272, 25, '2024-07-22 19:03:03', 'eyJhbGciOiJIUzI1NiIsInR5cCI6IkpXVCJ9.eyJyb2xlIjoidXNlciIsImlkIjoyNSwiaWRlbnRpdHkiOiJhbmVza29zdHJlYmE0OEBnbWFpbC5jb20iLCJleHAiOjE3MjQzNTMzODMuMDQsImlwIjoiOjoxIiwidWEiOiJNb3ppbGxhLzUuMCAoV2luZG93cyBOVCAxMC4wOyBXaW42NDsgeDY0KSBBcHBsZVdlYktpdC81MzcuMzYgKEtIVE1MLCBsaWtlIEdlY2tvKSBDaHJvbWUvMTI2LjAuMC4wIFNhZmFyaS81MzcuMzYiLCJpYXQiOjE3MjE2NzQ5ODN9.ZQcObceCIZ4nPNJrmnjFZ-wlJT1lIibdzESzTWeE0xs', '2024-08-22 19:03:03', 1),
	(273, 25, '2024-07-23 05:38:59', 'eyJhbGciOiJIUzI1NiIsInR5cCI6IkpXVCJ9.eyJyb2xlIjoidXNlciIsImlkIjoyNSwiaWRlbnRpdHkiOiJhbmVza29zdHJlYmE0OEBnbWFpbC5jb20iLCJleHAiOjE3MjQzOTE1MzkuNTMsImlwIjoiOjoxIiwidWEiOiJNb3ppbGxhLzUuMCAoV2luZG93cyBOVCAxMC4wOyBXaW42NDsgeDY0KSBBcHBsZVdlYktpdC81MzcuMzYgKEtIVE1MLCBsaWtlIEdlY2tvKSBDaHJvbWUvMTI2LjAuMC4wIFNhZmFyaS81MzcuMzYiLCJpYXQiOjE3MjE3MTMxMzl9.BIdDF97fOBQacp12dWe1pxxRruVoXdrvRlffT_XlSHA', '2024-08-23 05:38:59', 1),
	(274, 25, '2024-07-23 05:39:48', 'eyJhbGciOiJIUzI1NiIsInR5cCI6IkpXVCJ9.eyJyb2xlIjoidXNlciIsImlkIjoyNSwiaWRlbnRpdHkiOiJhbmVza29zdHJlYmE0OEBnbWFpbC5jb20iLCJleHAiOjE3MjQzOTE1ODguNTE1LCJpcCI6Ijo6MSIsInVhIjoiTW96aWxsYS81LjAgKFdpbmRvd3MgTlQgMTAuMDsgV2luNjQ7IHg2NCkgQXBwbGVXZWJLaXQvNTM3LjM2IChLSFRNTCwgbGlrZSBHZWNrbykgQ2hyb21lLzEyNi4wLjAuMCBTYWZhcmkvNTM3LjM2IiwiaWF0IjoxNzIxNzEzMTg4fQ.TNf9a4n3rt4sYPra8XTy3C5XXtwxZm9cs6gsFAHOmPI', '2024-08-23 05:39:48', 1),
	(275, 25, '2024-07-23 05:47:15', 'eyJhbGciOiJIUzI1NiIsInR5cCI6IkpXVCJ9.eyJyb2xlIjoidXNlciIsImlkIjoyNSwiaWRlbnRpdHkiOiJhbmVza29zdHJlYmE0OEBnbWFpbC5jb20iLCJleHAiOjE3MjQzOTIwMzUuMjM1LCJpcCI6Ijo6MSIsInVhIjoiTW96aWxsYS81LjAgKFdpbmRvd3MgTlQgMTAuMDsgV2luNjQ7IHg2NCkgQXBwbGVXZWJLaXQvNTM3LjM2IChLSFRNTCwgbGlrZSBHZWNrbykgQ2hyb21lLzEyNi4wLjAuMCBTYWZhcmkvNTM3LjM2IiwiaWF0IjoxNzIxNzEzNjM1fQ.inqJaYruFEb85bJxO5rWqywaIwU1swmCRyAqlNfcWLQ', '2024-08-23 05:47:15', 1),
	(276, 25, '2024-07-23 05:50:08', 'eyJhbGciOiJIUzI1NiIsInR5cCI6IkpXVCJ9.eyJyb2xlIjoidXNlciIsImlkIjoyNSwiaWRlbnRpdHkiOiJhbmVza29zdHJlYmE0OEBnbWFpbC5jb20iLCJleHAiOjE3MjQzOTIyMDguMzYsImlwIjoiOjoxIiwidWEiOiJNb3ppbGxhLzUuMCAoV2luZG93cyBOVCAxMC4wOyBXaW42NDsgeDY0KSBBcHBsZVdlYktpdC81MzcuMzYgKEtIVE1MLCBsaWtlIEdlY2tvKSBDaHJvbWUvMTI2LjAuMC4wIFNhZmFyaS81MzcuMzYiLCJpYXQiOjE3MjE3MTM4MDh9.3vAMkvt7G-JFhhr8Fso6FIwGOq96ZZAI_GGY1OUeHvg', '2024-08-23 05:50:08', 1),
	(277, 25, '2024-07-23 05:50:26', 'eyJhbGciOiJIUzI1NiIsInR5cCI6IkpXVCJ9.eyJyb2xlIjoidXNlciIsImlkIjoyNSwiaWRlbnRpdHkiOiJhbmVza29zdHJlYmE0OEBnbWFpbC5jb20iLCJleHAiOjE3MjQzOTIyMjYuMDQyLCJpcCI6Ijo6MSIsInVhIjoiTW96aWxsYS81LjAgKFdpbmRvd3MgTlQgMTAuMDsgV2luNjQ7IHg2NCkgQXBwbGVXZWJLaXQvNTM3LjM2IChLSFRNTCwgbGlrZSBHZWNrbykgQ2hyb21lLzEyNi4wLjAuMCBTYWZhcmkvNTM3LjM2IiwiaWF0IjoxNzIxNzEzODI2fQ.3D8SOWVFoNem1_b303eIWlUgL2Tse3i2LFBVjt-ELNw', '2024-08-23 05:50:26', 1),
	(278, 25, '2024-07-23 05:51:39', 'eyJhbGciOiJIUzI1NiIsInR5cCI6IkpXVCJ9.eyJyb2xlIjoidXNlciIsImlkIjoyNSwiaWRlbnRpdHkiOiJhbmVza29zdHJlYmE0OEBnbWFpbC5jb20iLCJleHAiOjE3MjQzOTIyOTkuMjMxLCJpcCI6Ijo6MSIsInVhIjoiTW96aWxsYS81LjAgKFdpbmRvd3MgTlQgMTAuMDsgV2luNjQ7IHg2NCkgQXBwbGVXZWJLaXQvNTM3LjM2IChLSFRNTCwgbGlrZSBHZWNrbykgQ2hyb21lLzEyNi4wLjAuMCBTYWZhcmkvNTM3LjM2IiwiaWF0IjoxNzIxNzEzODk5fQ.ALskTNRInZdmpqiTW3Ovt7RnU4SHPEteJt6T7_OgSg8', '2024-08-23 05:51:39', 1),
	(279, 25, '2024-07-23 05:53:20', 'eyJhbGciOiJIUzI1NiIsInR5cCI6IkpXVCJ9.eyJyb2xlIjoidXNlciIsImlkIjoyNSwiaWRlbnRpdHkiOiJhbmVza29zdHJlYmE0OEBnbWFpbC5jb20iLCJleHAiOjE3MjQzOTI0MDAuNTQ0LCJpcCI6Ijo6MSIsInVhIjoiTW96aWxsYS81LjAgKFdpbmRvd3MgTlQgMTAuMDsgV2luNjQ7IHg2NCkgQXBwbGVXZWJLaXQvNTM3LjM2IChLSFRNTCwgbGlrZSBHZWNrbykgQ2hyb21lLzEyNi4wLjAuMCBTYWZhcmkvNTM3LjM2IiwiaWF0IjoxNzIxNzE0MDAwfQ.Gv14C8AWp0lWJ1nmc5ZQB4TmxHS1jeZ2fkFazM0RoXQ', '2024-08-23 05:53:20', 1),
	(280, 25, '2024-07-23 06:00:24', 'eyJhbGciOiJIUzI1NiIsInR5cCI6IkpXVCJ9.eyJyb2xlIjoidXNlciIsImlkIjoyNSwiaWRlbnRpdHkiOiJhbmVza29zdHJlYmE0OEBnbWFpbC5jb20iLCJleHAiOjE3MjQzOTI4MjQuMjYxLCJpcCI6Ijo6MSIsInVhIjoiTW96aWxsYS81LjAgKFdpbmRvd3MgTlQgMTAuMDsgV2luNjQ7IHg2NCkgQXBwbGVXZWJLaXQvNTM3LjM2IChLSFRNTCwgbGlrZSBHZWNrbykgQ2hyb21lLzEyNi4wLjAuMCBTYWZhcmkvNTM3LjM2IiwiaWF0IjoxNzIxNzE0NDI0fQ.FPzPXbVwcyNhxGp9Pc45IZIzpA2pOJvSnqgXlBHIgmQ', '2024-08-23 06:00:24', 1),
	(281, 25, '2024-07-23 06:00:45', 'eyJhbGciOiJIUzI1NiIsInR5cCI6IkpXVCJ9.eyJyb2xlIjoidXNlciIsImlkIjoyNSwiaWRlbnRpdHkiOiJhbmVza29zdHJlYmE0OEBnbWFpbC5jb20iLCJleHAiOjE3MjQzOTI4NDUuMzkyLCJpcCI6Ijo6MSIsInVhIjoiTW96aWxsYS81LjAgKFdpbmRvd3MgTlQgMTAuMDsgV2luNjQ7IHg2NCkgQXBwbGVXZWJLaXQvNTM3LjM2IChLSFRNTCwgbGlrZSBHZWNrbykgQ2hyb21lLzEyNi4wLjAuMCBTYWZhcmkvNTM3LjM2IiwiaWF0IjoxNzIxNzE0NDQ1fQ.33jzdvHkZo9EBjTGLrPBTG43q-whjhXkBkfmpL4yIuo', '2024-08-23 06:00:45', 1),
	(282, 25, '2024-07-23 06:02:20', 'eyJhbGciOiJIUzI1NiIsInR5cCI6IkpXVCJ9.eyJyb2xlIjoidXNlciIsImlkIjoyNSwiaWRlbnRpdHkiOiJhbmVza29zdHJlYmE0OEBnbWFpbC5jb20iLCJleHAiOjE3MjQzOTI5NDAuNjEsImlwIjoiOjoxIiwidWEiOiJNb3ppbGxhLzUuMCAoV2luZG93cyBOVCAxMC4wOyBXaW42NDsgeDY0KSBBcHBsZVdlYktpdC81MzcuMzYgKEtIVE1MLCBsaWtlIEdlY2tvKSBDaHJvbWUvMTI2LjAuMC4wIFNhZmFyaS81MzcuMzYiLCJpYXQiOjE3MjE3MTQ1NDB9.WF8HF_kJa8lpE2mB8wPslwHPtHupGSK2aUXtIRS_stc', '2024-08-23 06:02:20', 1),
	(283, 25, '2024-12-07 15:03:24', 'eyJhbGciOiJIUzI1NiIsInR5cCI6IkpXVCJ9.eyJyb2xlIjoidXNlciIsImlkIjoyNSwiaWRlbnRpdHkiOiJhbmVza29zdHJlYmE0OEBnbWFpbC5jb20iLCJleHAiOjE3MzYyNjIyMDQuNzY2LCJpcCI6Ijo6MSIsInVhIjoiTW96aWxsYS81LjAgKFdpbmRvd3MgTlQgMTAuMDsgV2luNjQ7IHg2NCkgQXBwbGVXZWJLaXQvNTM3LjM2IChLSFRNTCwgbGlrZSBHZWNrbykgQ2hyb21lLzEzMS4wLjAuMCBTYWZhcmkvNTM3LjM2IiwiaWF0IjoxNzMzNTgzODA0fQ.bHkL8sZ6XPOQ_-1psEnqoFO6tYS2sq_U8Jb3xjZaap8', '2025-01-07 15:03:24', 1),
	(284, 30, '2025-02-13 14:24:45', 'eyJhbGciOiJIUzI1NiIsInR5cCI6IkpXVCJ9.eyJyb2xlIjoidXNlciIsImlkIjozMCwiaWRlbnRpdHkiOiJhbmVza29zdHJlYmE4QGdtYWlsLmNvbSIsImV4cCI6MTc0MjEzNTA4NS42MzQsImlwIjoiOjoxIiwidWEiOiJNb3ppbGxhLzUuMCAoV2luZG93cyBOVCAxMC4wOyBXaW42NDsgeDY0KSBBcHBsZVdlYktpdC81MzcuMzYgKEtIVE1MLCBsaWtlIEdlY2tvKSBDaHJvbWUvMTMzLjAuMC4wIFNhZmFyaS81MzcuMzYgRWRnLzEzMy4wLjAuMCIsImlhdCI6MTczOTQ1NjY4NX0.9Qf1C0OQVyWFkbIsg13aLbcgvYmpTwv3dfqF6HVNM6U', '2025-03-16 14:24:45', 1),
	(285, 25, '2025-02-13 14:27:31', 'eyJhbGciOiJIUzI1NiIsInR5cCI6IkpXVCJ9.eyJyb2xlIjoidXNlciIsImlkIjoyNSwiaWRlbnRpdHkiOiJhbmVza29zdHJlYmE0OEBnbWFpbC5jb20iLCJleHAiOjE3NDIxMzUyNTEuNTgxLCJpcCI6Ijo6MSIsInVhIjoiTW96aWxsYS81LjAgKFdpbmRvd3MgTlQgMTAuMDsgV2luNjQ7IHg2NCkgQXBwbGVXZWJLaXQvNTM3LjM2IChLSFRNTCwgbGlrZSBHZWNrbykgQ2hyb21lLzEzMy4wLjAuMCBTYWZhcmkvNTM3LjM2IiwiaWF0IjoxNzM5NDU2ODUxfQ.Sh98NSxI8x8cyrw9sfPD8KFYbs4VQQnnr5ftwOoWabo', '2025-03-16 14:27:31', 1),
	(286, 25, '2025-02-13 14:28:29', 'eyJhbGciOiJIUzI1NiIsInR5cCI6IkpXVCJ9.eyJyb2xlIjoidXNlciIsImlkIjoyNSwiaWRlbnRpdHkiOiJhbmVza29zdHJlYmE0OEBnbWFpbC5jb20iLCJleHAiOjE3NDIxMzUzMDkuNjA1LCJpcCI6Ijo6MSIsInVhIjoiTW96aWxsYS81LjAgKFdpbmRvd3MgTlQgMTAuMDsgV2luNjQ7IHg2NCkgQXBwbGVXZWJLaXQvNTM3LjM2IChLSFRNTCwgbGlrZSBHZWNrbykgQ2hyb21lLzEzMy4wLjAuMCBTYWZhcmkvNTM3LjM2IiwiaWF0IjoxNzM5NDU2OTA5fQ.BcQ61Leaj-Sgxv6NOXzTOl3VfNamX3V4hLsDzH-0lv0', '2025-03-16 14:28:29', 1),
	(287, 25, '2025-02-13 14:34:12', 'eyJhbGciOiJIUzI1NiIsInR5cCI6IkpXVCJ9.eyJyb2xlIjoidXNlciIsImlkIjoyNSwiaWRlbnRpdHkiOiJhbmVza29zdHJlYmE0OEBnbWFpbC5jb20iLCJleHAiOjE3NDIxMzU2NTIuNTc5LCJpcCI6Ijo6MSIsInVhIjoiTW96aWxsYS81LjAgKFdpbmRvd3MgTlQgMTAuMDsgV2luNjQ7IHg2NCkgQXBwbGVXZWJLaXQvNTM3LjM2IChLSFRNTCwgbGlrZSBHZWNrbykgQ2hyb21lLzEzMy4wLjAuMCBTYWZhcmkvNTM3LjM2IiwiaWF0IjoxNzM5NDU3MjUyfQ.HAHOTyMwBGm2lgkou2AQ7gnmIGwZHpp-WegniUwcgX8', '2025-03-16 14:34:12', 1),
	(288, 25, '2025-02-13 14:36:00', 'eyJhbGciOiJIUzI1NiIsInR5cCI6IkpXVCJ9.eyJyb2xlIjoidXNlciIsImlkIjoyNSwiaWRlbnRpdHkiOiJhbmVza29zdHJlYmE0OEBnbWFpbC5jb20iLCJleHAiOjE3NDIxMzU3NjAuNzI4LCJpcCI6Ijo6ZmZmZjoxMjcuMC4wLjEiLCJ1YSI6Ik1vemlsbGEvNS4wIChXaW5kb3dzIE5UIDEwLjA7IFdpbjY0OyB4NjQ7IHJ2OjEzNS4wKSBHZWNrby8yMDEwMDEwMSBGaXJlZm94LzEzNS4wIiwiaWF0IjoxNzM5NDU3MzYwfQ.jsOU1P6JFroYWwFHeTedl0IEKm8TM3-G9-btjchzPXk', '2025-03-16 14:36:00', 1),
	(289, 25, '2025-02-13 14:55:26', 'eyJhbGciOiJIUzI1NiIsInR5cCI6IkpXVCJ9.eyJyb2xlIjoidXNlciIsImlkIjoyNSwiaWRlbnRpdHkiOiJhbmVza29zdHJlYmE0OEBnbWFpbC5jb20iLCJleHAiOjE3NDIxMzY5MjUuOTk3LCJpcCI6Ijo6MSIsInVhIjoiTW96aWxsYS81LjAgKFdpbmRvd3MgTlQgMTAuMDsgV2luNjQ7IHg2NCkgQXBwbGVXZWJLaXQvNTM3LjM2IChLSFRNTCwgbGlrZSBHZWNrbykgQ2hyb21lLzEzMy4wLjAuMCBTYWZhcmkvNTM3LjM2IiwiaWF0IjoxNzM5NDU4NTI1fQ.7Bq4ZQ3EHAvwd3cHzwgX1WOtIKb-z1lRxjvCAd8kDHw', '2025-03-16 14:55:25', 1),
	(290, 25, '2025-02-13 15:11:48', 'eyJhbGciOiJIUzI1NiIsInR5cCI6IkpXVCJ9.eyJyb2xlIjoidXNlciIsImlkIjoyNSwiaWRlbnRpdHkiOiJhbmVza29zdHJlYmE0OEBnbWFpbC5jb20iLCJleHAiOjE3NDIxMzc5MDguMzk4LCJpcCI6Ijo6MSIsInVhIjoiTW96aWxsYS81LjAgKFdpbmRvd3MgTlQgMTAuMDsgV2luNjQ7IHg2NCkgQXBwbGVXZWJLaXQvNTM3LjM2IChLSFRNTCwgbGlrZSBHZWNrbykgQ2hyb21lLzEzMy4wLjAuMCBTYWZhcmkvNTM3LjM2IiwiaWF0IjoxNzM5NDU5NTA4fQ.zlHgx463CmwFG_mOYYreSZ72crbGzMOez14bmjPe4PE', '2025-03-16 15:11:48', 1),
	(291, 25, '2025-02-13 15:11:57', 'eyJhbGciOiJIUzI1NiIsInR5cCI6IkpXVCJ9.eyJyb2xlIjoidXNlciIsImlkIjoyNSwiaWRlbnRpdHkiOiJhbmVza29zdHJlYmE0OEBnbWFpbC5jb20iLCJleHAiOjE3NDIxMzc5MTcuMDIxLCJpcCI6Ijo6MSIsInVhIjoiTW96aWxsYS81LjAgKFdpbmRvd3MgTlQgMTAuMDsgV2luNjQ7IHg2NCkgQXBwbGVXZWJLaXQvNTM3LjM2IChLSFRNTCwgbGlrZSBHZWNrbykgQ2hyb21lLzEzMy4wLjAuMCBTYWZhcmkvNTM3LjM2IiwiaWF0IjoxNzM5NDU5NTE3fQ.2Qj5Yfl531KjT213Sgrc68YMVH9Lg2Jk7rxecMnSK58', '2025-03-16 15:11:57', 1),
	(292, 25, '2025-02-18 09:31:05', 'eyJhbGciOiJIUzI1NiIsInR5cCI6IkpXVCJ9.eyJyb2xlIjoidXNlciIsImlkIjoyNSwiaWRlbnRpdHkiOiJhbmVza29zdHJlYmE0OEBnbWFpbC5jb20iLCJleHAiOjE3NDI1NDk0NjUuMzg0LCJpcCI6Ijo6MSIsInVhIjoiTW96aWxsYS81LjAgKFdpbmRvd3MgTlQgMTAuMDsgV2luNjQ7IHg2NCkgQXBwbGVXZWJLaXQvNTM3LjM2IChLSFRNTCwgbGlrZSBHZWNrbykgQ2hyb21lLzEzMy4wLjAuMCBTYWZhcmkvNTM3LjM2IiwiaWF0IjoxNzM5ODcxMDY1fQ.fWUnNZ0BAHIax2OVEewTC3Q18tP-9Cdt2X4dC6FozmA', '2025-03-21 09:31:05', 1),
	(293, 25, '2025-02-18 10:23:06', 'eyJhbGciOiJIUzI1NiIsInR5cCI6IkpXVCJ9.eyJyb2xlIjoidXNlciIsImlkIjoyNSwiaWRlbnRpdHkiOiJhbmVza29zdHJlYmE0OEBnbWFpbC5jb20iLCJleHAiOjE3NDI1NTI1ODYuNjIxLCJpcCI6Ijo6MSIsInVhIjoiTW96aWxsYS81LjAgKFdpbmRvd3MgTlQgMTAuMDsgV2luNjQ7IHg2NCkgQXBwbGVXZWJLaXQvNTM3LjM2IChLSFRNTCwgbGlrZSBHZWNrbykgQ2hyb21lLzEzMy4wLjAuMCBTYWZhcmkvNTM3LjM2IiwiaWF0IjoxNzM5ODc0MTg2fQ.P7ZzVX4curwLzGxOLpahSwwdjVnMMuzveKqB2cOOokY', '2025-03-21 10:23:06', 1),
	(294, 25, '2025-02-18 10:31:37', 'eyJhbGciOiJIUzI1NiIsInR5cCI6IkpXVCJ9.eyJyb2xlIjoidXNlciIsImlkIjoyNSwiaWRlbnRpdHkiOiJhbmVza29zdHJlYmE0OEBnbWFpbC5jb20iLCJleHAiOjE3NDI1NTMwOTcuMzkzLCJpcCI6Ijo6MSIsInVhIjoiTW96aWxsYS81LjAgKFdpbmRvd3MgTlQgMTAuMDsgV2luNjQ7IHg2NCkgQXBwbGVXZWJLaXQvNTM3LjM2IChLSFRNTCwgbGlrZSBHZWNrbykgQ2hyb21lLzEzMy4wLjAuMCBTYWZhcmkvNTM3LjM2IiwiaWF0IjoxNzM5ODc0Njk3fQ.sF5oN3FqR46_TsJZz_L8Zshi2k3xiGnDonDMiepAfEE', '2025-03-21 10:31:37', 1),
	(295, 25, '2025-02-18 11:10:29', 'eyJhbGciOiJIUzI1NiIsInR5cCI6IkpXVCJ9.eyJyb2xlIjoidXNlciIsImlkIjoyNSwiaWRlbnRpdHkiOiJhbmVza29zdHJlYmE0OEBnbWFpbC5jb20iLCJleHAiOjE3NDI1NTU0MjguOTk3LCJpcCI6Ijo6MSIsInVhIjoiTW96aWxsYS81LjAgKFdpbmRvd3MgTlQgMTAuMDsgV2luNjQ7IHg2NCkgQXBwbGVXZWJLaXQvNTM3LjM2IChLSFRNTCwgbGlrZSBHZWNrbykgQ2hyb21lLzEzMy4wLjAuMCBTYWZhcmkvNTM3LjM2IiwiaWF0IjoxNzM5ODc3MDI4fQ.F3QP7dLNEn5Ls4kGFSDVvr7nlU2ZLwXXzF8sT8zGMN4', '2025-03-21 11:10:28', 1),
	(296, 25, '2025-02-18 11:18:29', 'eyJhbGciOiJIUzI1NiIsInR5cCI6IkpXVCJ9.eyJyb2xlIjoidXNlciIsImlkIjoyNSwiaWRlbnRpdHkiOiJhbmVza29zdHJlYmE0OEBnbWFpbC5jb20iLCJleHAiOjE3NDI1NTU5MDkuNzgxLCJpcCI6Ijo6MSIsInVhIjoiUG9zdG1hblJ1bnRpbWUvNy40My4wIiwiaWF0IjoxNzM5ODc3NTA5fQ.-bkXU91_Cu1hQD1pc3wK7Z_ttrN5pTUJiGDt9rBmhCU', '2025-03-21 11:18:29', 1),
	(297, 25, '2025-02-18 11:20:57', 'eyJhbGciOiJIUzI1NiIsInR5cCI6IkpXVCJ9.eyJyb2xlIjoidXNlciIsImlkIjoyNSwiaWRlbnRpdHkiOiJhbmVza29zdHJlYmE0OEBnbWFpbC5jb20iLCJleHAiOjE3NDI1NTYwNTcuNDksImlwIjoiOjoxIiwidWEiOiJNb3ppbGxhLzUuMCAoV2luZG93cyBOVCAxMC4wOyBXaW42NDsgeDY0KSBBcHBsZVdlYktpdC81MzcuMzYgKEtIVE1MLCBsaWtlIEdlY2tvKSBDaHJvbWUvMTMzLjAuMC4wIFNhZmFyaS81MzcuMzYiLCJpYXQiOjE3Mzk4Nzc2NTd9._z_hJNuHN6_D69Gwc1iasSEtqQYeanaDqseNSnet50o', '2025-03-21 11:20:57', 1),
	(298, 25, '2025-02-18 11:21:23', 'eyJhbGciOiJIUzI1NiIsInR5cCI6IkpXVCJ9.eyJyb2xlIjoidXNlciIsImlkIjoyNSwiaWRlbnRpdHkiOiJhbmVza29zdHJlYmE0OEBnbWFpbC5jb20iLCJleHAiOjE3NDI1NTYwODMuNTE0LCJpcCI6Ijo6MSIsInVhIjoiTW96aWxsYS81LjAgKFdpbmRvd3MgTlQgMTAuMDsgV2luNjQ7IHg2NCkgQXBwbGVXZWJLaXQvNTM3LjM2IChLSFRNTCwgbGlrZSBHZWNrbykgQ2hyb21lLzEzMy4wLjAuMCBTYWZhcmkvNTM3LjM2IiwiaWF0IjoxNzM5ODc3NjgzfQ.hVt9fPuJ2TgOJJfcKK9oyUQDFG8aXjn6BMp4QOQLvc0', '2025-03-21 11:21:23', 1),
	(299, 25, '2025-02-18 12:00:18', 'eyJhbGciOiJIUzI1NiIsInR5cCI6IkpXVCJ9.eyJyb2xlIjoidXNlciIsImlkIjoyNSwiaWRlbnRpdHkiOiJhbmVza29zdHJlYmE0OEBnbWFpbC5jb20iLCJleHAiOjE3NDI1NTg0MTguNTQ3LCJpcCI6Ijo6MSIsInVhIjoiTW96aWxsYS81LjAgKFdpbmRvd3MgTlQgMTAuMDsgV2luNjQ7IHg2NCkgQXBwbGVXZWJLaXQvNTM3LjM2IChLSFRNTCwgbGlrZSBHZWNrbykgQ2hyb21lLzEzMy4wLjAuMCBTYWZhcmkvNTM3LjM2IiwiaWF0IjoxNzM5ODgwMDE4fQ.xMvvFhvkJaW_FdGu2QXNfSOdeljIcJXCGJZKRFdKKe0', '2025-03-21 12:00:18', 1),
	(300, 25, '2025-02-18 12:01:06', 'eyJhbGciOiJIUzI1NiIsInR5cCI6IkpXVCJ9.eyJyb2xlIjoidXNlciIsImlkIjoyNSwiaWRlbnRpdHkiOiJhbmVza29zdHJlYmE0OEBnbWFpbC5jb20iLCJleHAiOjE3NDI1NTg0NjYuNzYzLCJpcCI6Ijo6MSIsInVhIjoiTW96aWxsYS81LjAgKFdpbmRvd3MgTlQgMTAuMDsgV2luNjQ7IHg2NCkgQXBwbGVXZWJLaXQvNTM3LjM2IChLSFRNTCwgbGlrZSBHZWNrbykgQ2hyb21lLzEzMy4wLjAuMCBTYWZhcmkvNTM3LjM2IiwiaWF0IjoxNzM5ODgwMDY2fQ.Tv2aEuWMwq9VyGzNDA7x4YdRxNaZl0Tk8vtcrAP3-II', '2025-03-21 12:01:06', 1),
	(301, 25, '2025-02-18 12:01:59', 'eyJhbGciOiJIUzI1NiIsInR5cCI6IkpXVCJ9.eyJyb2xlIjoidXNlciIsImlkIjoyNSwiaWRlbnRpdHkiOiJhbmVza29zdHJlYmE0OEBnbWFpbC5jb20iLCJleHAiOjE3NDI1NTg1MTkuMzM5LCJpcCI6Ijo6MSIsInVhIjoiTW96aWxsYS81LjAgKFdpbmRvd3MgTlQgMTAuMDsgV2luNjQ7IHg2NCkgQXBwbGVXZWJLaXQvNTM3LjM2IChLSFRNTCwgbGlrZSBHZWNrbykgQ2hyb21lLzEzMy4wLjAuMCBTYWZhcmkvNTM3LjM2IiwiaWF0IjoxNzM5ODgwMTE5fQ.MPFp0InJwidkDsVlNFh5io8qKcSI7YRSd31twncLpaA', '2025-03-21 12:01:59', 1),
	(302, 25, '2025-02-18 12:16:57', 'eyJhbGciOiJIUzI1NiIsInR5cCI6IkpXVCJ9.eyJyb2xlIjoidXNlciIsImlkIjoyNSwiaWRlbnRpdHkiOiJhbmVza29zdHJlYmE0OEBnbWFpbC5jb20iLCJleHAiOjE3NDI1NTk0MTcuNzUsImlwIjoiOjoxIiwidWEiOiJNb3ppbGxhLzUuMCAoV2luZG93cyBOVCAxMC4wOyBXaW42NDsgeDY0KSBBcHBsZVdlYktpdC81MzcuMzYgKEtIVE1MLCBsaWtlIEdlY2tvKSBDaHJvbWUvMTMzLjAuMC4wIFNhZmFyaS81MzcuMzYiLCJpYXQiOjE3Mzk4ODEwMTd9.euqnZa_bPmLocUnbEl4hcGb7n43QVaQqSXLcngKhdMw', '2025-03-21 12:16:57', 1),
	(303, 25, '2025-02-18 12:17:27', 'eyJhbGciOiJIUzI1NiIsInR5cCI6IkpXVCJ9.eyJyb2xlIjoidXNlciIsImlkIjoyNSwiaWRlbnRpdHkiOiJhbmVza29zdHJlYmE0OEBnbWFpbC5jb20iLCJleHAiOjE3NDI1NTk0NDcuMTM1LCJpcCI6Ijo6MSIsInVhIjoiTW96aWxsYS81LjAgKFdpbmRvd3MgTlQgMTAuMDsgV2luNjQ7IHg2NCkgQXBwbGVXZWJLaXQvNTM3LjM2IChLSFRNTCwgbGlrZSBHZWNrbykgQ2hyb21lLzEzMy4wLjAuMCBTYWZhcmkvNTM3LjM2IiwiaWF0IjoxNzM5ODgxMDQ3fQ.QENpgaa_0ela1NVRThlWjavkWnRxC6oXLghVfqO4n3A', '2025-03-21 12:17:27', 1),
	(304, 25, '2025-02-18 12:18:32', 'eyJhbGciOiJIUzI1NiIsInR5cCI6IkpXVCJ9.eyJyb2xlIjoidXNlciIsImlkIjoyNSwiaWRlbnRpdHkiOiJhbmVza29zdHJlYmE0OEBnbWFpbC5jb20iLCJleHAiOjE3NDI1NTk1MTIuMjI1LCJpcCI6Ijo6MSIsInVhIjoiTW96aWxsYS81LjAgKFdpbmRvd3MgTlQgMTAuMDsgV2luNjQ7IHg2NCkgQXBwbGVXZWJLaXQvNTM3LjM2IChLSFRNTCwgbGlrZSBHZWNrbykgQ2hyb21lLzEzMy4wLjAuMCBTYWZhcmkvNTM3LjM2IiwiaWF0IjoxNzM5ODgxMTEyfQ.JgnXaLUoVYh3xAZRDTB9FU8XZ44MIbpuKRsvnS8zRrE', '2025-03-21 12:18:32', 1),
	(305, 25, '2025-02-18 12:26:01', 'eyJhbGciOiJIUzI1NiIsInR5cCI6IkpXVCJ9.eyJyb2xlIjoidXNlciIsImlkIjoyNSwiaWRlbnRpdHkiOiJhbmVza29zdHJlYmE0OEBnbWFpbC5jb20iLCJleHAiOjE3NDI1NTk5NjEuMzU2LCJpcCI6Ijo6MSIsInVhIjoiTW96aWxsYS81LjAgKFdpbmRvd3MgTlQgMTAuMDsgV2luNjQ7IHg2NCkgQXBwbGVXZWJLaXQvNTM3LjM2IChLSFRNTCwgbGlrZSBHZWNrbykgQ2hyb21lLzEzMy4wLjAuMCBTYWZhcmkvNTM3LjM2IiwiaWF0IjoxNzM5ODgxNTYxfQ.R2KHvVPiQEu1aeb3UJ5olTbHfqQhP1txD14-dpf5hrA', '2025-03-21 12:26:01', 1),
	(306, 25, '2025-02-18 12:26:25', 'eyJhbGciOiJIUzI1NiIsInR5cCI6IkpXVCJ9.eyJyb2xlIjoidXNlciIsImlkIjoyNSwiaWRlbnRpdHkiOiJhbmVza29zdHJlYmE0OEBnbWFpbC5jb20iLCJleHAiOjE3NDI1NTk5ODUuMTc3LCJpcCI6Ijo6MSIsInVhIjoiTW96aWxsYS81LjAgKFdpbmRvd3MgTlQgMTAuMDsgV2luNjQ7IHg2NCkgQXBwbGVXZWJLaXQvNTM3LjM2IChLSFRNTCwgbGlrZSBHZWNrbykgQ2hyb21lLzEzMy4wLjAuMCBTYWZhcmkvNTM3LjM2IiwiaWF0IjoxNzM5ODgxNTg1fQ.AvVob0CcyyUX---D0W7HIyeY_JBX77BEECeZozm-QwE', '2025-03-21 12:26:25', 1),
	(307, 25, '2025-02-18 12:28:07', 'eyJhbGciOiJIUzI1NiIsInR5cCI6IkpXVCJ9.eyJyb2xlIjoidXNlciIsImlkIjoyNSwiaWRlbnRpdHkiOiJhbmVza29zdHJlYmE0OEBnbWFpbC5jb20iLCJleHAiOjE3NDI1NjAwODcuMjYxLCJpcCI6Ijo6MSIsInVhIjoiTW96aWxsYS81LjAgKFdpbmRvd3MgTlQgMTAuMDsgV2luNjQ7IHg2NCkgQXBwbGVXZWJLaXQvNTM3LjM2IChLSFRNTCwgbGlrZSBHZWNrbykgQ2hyb21lLzEzMy4wLjAuMCBTYWZhcmkvNTM3LjM2IiwiaWF0IjoxNzM5ODgxNjg3fQ.uH707rYY4KdB2jw7zq6cJohIjCHooCSyMiwE-05_cVo', '2025-03-21 12:28:07', 1),
	(308, 25, '2025-02-18 12:29:21', 'eyJhbGciOiJIUzI1NiIsInR5cCI6IkpXVCJ9.eyJyb2xlIjoidXNlciIsImlkIjoyNSwiaWRlbnRpdHkiOiJhbmVza29zdHJlYmE0OEBnbWFpbC5jb20iLCJleHAiOjE3NDI1NjAxNjEuODcsImlwIjoiOjoxIiwidWEiOiJNb3ppbGxhLzUuMCAoV2luZG93cyBOVCAxMC4wOyBXaW42NDsgeDY0KSBBcHBsZVdlYktpdC81MzcuMzYgKEtIVE1MLCBsaWtlIEdlY2tvKSBDaHJvbWUvMTMzLjAuMC4wIFNhZmFyaS81MzcuMzYiLCJpYXQiOjE3Mzk4ODE3NjF9.2e2aiUhlmHbx18BJo_qFSkXKqhM3qOoZfTqZ4CV6rVM', '2025-03-21 12:29:21', 1),
	(309, 25, '2025-02-18 12:30:07', 'eyJhbGciOiJIUzI1NiIsInR5cCI6IkpXVCJ9.eyJyb2xlIjoidXNlciIsImlkIjoyNSwiaWRlbnRpdHkiOiJhbmVza29zdHJlYmE0OEBnbWFpbC5jb20iLCJleHAiOjE3NDI1NjAyMDcuNjY1LCJpcCI6Ijo6ZmZmZjoxMjcuMC4wLjEiLCJ1YSI6Ik1vemlsbGEvNS4wIChXaW5kb3dzIE5UIDEwLjA7IFdpbjY0OyB4NjQ7IHJ2OjEzNS4wKSBHZWNrby8yMDEwMDEwMSBGaXJlZm94LzEzNS4wIiwiaWF0IjoxNzM5ODgxODA3fQ.iuj_UJVN_UCRFR4gAd54enQ3QgoJcglo8dPIoL56L5E', '2025-03-21 12:30:07', 1),
	(310, 25, '2025-02-18 12:31:02', 'eyJhbGciOiJIUzI1NiIsInR5cCI6IkpXVCJ9.eyJyb2xlIjoidXNlciIsImlkIjoyNSwiaWRlbnRpdHkiOiJhbmVza29zdHJlYmE0OEBnbWFpbC5jb20iLCJleHAiOjE3NDI1NjAyNjIuNDMzLCJpcCI6Ijo6ZmZmZjoxMjcuMC4wLjEiLCJ1YSI6Ik1vemlsbGEvNS4wIChXaW5kb3dzIE5UIDEwLjA7IFdpbjY0OyB4NjQ7IHJ2OjEzNS4wKSBHZWNrby8yMDEwMDEwMSBGaXJlZm94LzEzNS4wIiwiaWF0IjoxNzM5ODgxODYyfQ.de6tf21X4sW-fnooTIylRvLIdSPALRKVvvdZr0kJX2Q', '2025-03-21 12:31:02', 1),
	(311, 25, '2025-02-18 12:31:37', 'eyJhbGciOiJIUzI1NiIsInR5cCI6IkpXVCJ9.eyJyb2xlIjoidXNlciIsImlkIjoyNSwiaWRlbnRpdHkiOiJhbmVza29zdHJlYmE0OEBnbWFpbC5jb20iLCJleHAiOjE3NDI1NjAyOTcuNDgyLCJpcCI6Ijo6ZmZmZjoxMjcuMC4wLjEiLCJ1YSI6Ik1vemlsbGEvNS4wIChXaW5kb3dzIE5UIDEwLjA7IFdpbjY0OyB4NjQ7IHJ2OjEzNS4wKSBHZWNrby8yMDEwMDEwMSBGaXJlZm94LzEzNS4wIiwiaWF0IjoxNzM5ODgxODk3fQ.K48TD_7Ah2YB7EIMf5FKIJ7pDqQnfTYL0EbdNMAHLQY', '2025-03-21 12:31:37', 1),
	(312, 25, '2025-02-18 12:37:07', 'eyJhbGciOiJIUzI1NiIsInR5cCI6IkpXVCJ9.eyJyb2xlIjoidXNlciIsImlkIjoyNSwiaWRlbnRpdHkiOiJhbmVza29zdHJlYmE0OEBnbWFpbC5jb20iLCJleHAiOjE3NDI1NjA2MjcuOTI1LCJpcCI6Ijo6ZmZmZjoxMjcuMC4wLjEiLCJ1YSI6Ik1vemlsbGEvNS4wIChXaW5kb3dzIE5UIDEwLjA7IFdpbjY0OyB4NjQ7IHJ2OjEzNS4wKSBHZWNrby8yMDEwMDEwMSBGaXJlZm94LzEzNS4wIiwiaWF0IjoxNzM5ODgyMjI3fQ.nx2OvJ6mCSm0b24WiFq6tah8wtflESyFlMT26h_P8nY', '2025-03-21 12:37:07', 1),
	(313, 25, '2025-02-18 12:38:52', 'eyJhbGciOiJIUzI1NiIsInR5cCI6IkpXVCJ9.eyJyb2xlIjoidXNlciIsImlkIjoyNSwiaWRlbnRpdHkiOiJhbmVza29zdHJlYmE0OEBnbWFpbC5jb20iLCJleHAiOjE3NDI1NjA3MzIuMzIxLCJpcCI6Ijo6ZmZmZjoxMjcuMC4wLjEiLCJ1YSI6Ik1vemlsbGEvNS4wIChXaW5kb3dzIE5UIDEwLjA7IFdpbjY0OyB4NjQ7IHJ2OjEzNS4wKSBHZWNrby8yMDEwMDEwMSBGaXJlZm94LzEzNS4wIiwiaWF0IjoxNzM5ODgyMzMyfQ.rh38qy8kFmyr_AJmYX_5APl59rpcz7nNNUGMWReEk_0', '2025-03-21 12:38:52', 1),
	(314, 25, '2025-02-18 12:39:33', 'eyJhbGciOiJIUzI1NiIsInR5cCI6IkpXVCJ9.eyJyb2xlIjoidXNlciIsImlkIjoyNSwiaWRlbnRpdHkiOiJhbmVza29zdHJlYmE0OEBnbWFpbC5jb20iLCJleHAiOjE3NDI1NjA3NzMuNTA4LCJpcCI6Ijo6ZmZmZjoxMjcuMC4wLjEiLCJ1YSI6Ik1vemlsbGEvNS4wIChXaW5kb3dzIE5UIDEwLjA7IFdpbjY0OyB4NjQ7IHJ2OjEzNS4wKSBHZWNrby8yMDEwMDEwMSBGaXJlZm94LzEzNS4wIiwiaWF0IjoxNzM5ODgyMzczfQ.YcM5tG-Q9nqAQ1Wm3yWWeh8OljhwaCLObl741yK9snE', '2025-03-21 12:39:33', 1),
	(315, 25, '2025-02-18 12:43:11', 'eyJhbGciOiJIUzI1NiIsInR5cCI6IkpXVCJ9.eyJyb2xlIjoidXNlciIsImlkIjoyNSwiaWRlbnRpdHkiOiJhbmVza29zdHJlYmE0OEBnbWFpbC5jb20iLCJleHAiOjE3NDI1NjA5OTEuMDI1LCJpcCI6Ijo6MSIsInVhIjoiTW96aWxsYS81LjAgKFdpbmRvd3MgTlQgMTAuMDsgV2luNjQ7IHg2NCkgQXBwbGVXZWJLaXQvNTM3LjM2IChLSFRNTCwgbGlrZSBHZWNrbykgQ2hyb21lLzEzMy4wLjAuMCBTYWZhcmkvNTM3LjM2IiwiaWF0IjoxNzM5ODgyNTkxfQ.SzyI51urNm_aijw0yvarquHiapA8rdOX8SS5zNtdGtU', '2025-03-21 12:43:11', 1),
	(316, 25, '2025-02-18 12:50:29', 'eyJhbGciOiJIUzI1NiIsInR5cCI6IkpXVCJ9.eyJyb2xlIjoidXNlciIsImlkIjoyNSwiaWRlbnRpdHkiOiJhbmVza29zdHJlYmE0OEBnbWFpbC5jb20iLCJleHAiOjE3NDI1NjE0MjkuMTg2LCJpcCI6Ijo6ZmZmZjoxMjcuMC4wLjEiLCJ1YSI6Ik1vemlsbGEvNS4wIChXaW5kb3dzIE5UIDEwLjA7IFdpbjY0OyB4NjQ7IHJ2OjEzNS4wKSBHZWNrby8yMDEwMDEwMSBGaXJlZm94LzEzNS4wIiwiaWF0IjoxNzM5ODgzMDI5fQ.8mHnha8p3SDiYLfG71ynZ7hdOpGOvqxZ-qvzR_AJ3Iw', '2025-03-21 12:50:29', 1),
	(317, 25, '2025-02-18 12:52:52', 'eyJhbGciOiJIUzI1NiIsInR5cCI6IkpXVCJ9.eyJyb2xlIjoidXNlciIsImlkIjoyNSwiaWRlbnRpdHkiOiJhbmVza29zdHJlYmE0OEBnbWFpbC5jb20iLCJleHAiOjE3NDI1NjE1NzIuNzUzLCJpcCI6Ijo6ZmZmZjoxMjcuMC4wLjEiLCJ1YSI6Ik1vemlsbGEvNS4wIChXaW5kb3dzIE5UIDEwLjA7IFdpbjY0OyB4NjQ7IHJ2OjEzNS4wKSBHZWNrby8yMDEwMDEwMSBGaXJlZm94LzEzNS4wIiwiaWF0IjoxNzM5ODgzMTcyfQ.gGc1r5O12HyvhZeDbOVkBltsycIW7CglS0MAshsOTPM', '2025-03-21 12:52:52', 1),
	(318, 25, '2025-02-18 13:13:07', 'eyJhbGciOiJIUzI1NiIsInR5cCI6IkpXVCJ9.eyJyb2xlIjoidXNlciIsImlkIjoyNSwiaWRlbnRpdHkiOiJhbmVza29zdHJlYmE0OEBnbWFpbC5jb20iLCJleHAiOjE3NDI1NjI3ODcuOTQ0LCJpcCI6Ijo6ZmZmZjoxMjcuMC4wLjEiLCJ1YSI6Ik1vemlsbGEvNS4wIChXaW5kb3dzIE5UIDEwLjA7IFdpbjY0OyB4NjQ7IHJ2OjEzNS4wKSBHZWNrby8yMDEwMDEwMSBGaXJlZm94LzEzNS4wIiwiaWF0IjoxNzM5ODg0Mzg3fQ.2u_b5YfkuGbnzeuGcIPkM-7ohHtmUL6P8Gk1RhOKurQ', '2025-03-21 13:13:07', 1),
	(319, 25, '2025-02-18 13:15:00', 'eyJhbGciOiJIUzI1NiIsInR5cCI6IkpXVCJ9.eyJyb2xlIjoidXNlciIsImlkIjoyNSwiaWRlbnRpdHkiOiJhbmVza29zdHJlYmE0OEBnbWFpbC5jb20iLCJleHAiOjE3NDI1NjI5MDAuNTc4LCJpcCI6Ijo6ZmZmZjoxMjcuMC4wLjEiLCJ1YSI6Ik1vemlsbGEvNS4wIChXaW5kb3dzIE5UIDEwLjA7IFdpbjY0OyB4NjQ7IHJ2OjEzNS4wKSBHZWNrby8yMDEwMDEwMSBGaXJlZm94LzEzNS4wIiwiaWF0IjoxNzM5ODg0NTAwfQ.svdTlwO6Ai_vX2_C2WHYHHvSJBS816qjp8A-IZJ2Cp0', '2025-03-21 13:15:00', 1),
	(320, 25, '2025-02-18 13:15:10', 'eyJhbGciOiJIUzI1NiIsInR5cCI6IkpXVCJ9.eyJyb2xlIjoidXNlciIsImlkIjoyNSwiaWRlbnRpdHkiOiJhbmVza29zdHJlYmE0OEBnbWFpbC5jb20iLCJleHAiOjE3NDI1NjI5MTAuNzk3LCJpcCI6Ijo6ZmZmZjoxMjcuMC4wLjEiLCJ1YSI6Ik1vemlsbGEvNS4wIChXaW5kb3dzIE5UIDEwLjA7IFdpbjY0OyB4NjQ7IHJ2OjEzNS4wKSBHZWNrby8yMDEwMDEwMSBGaXJlZm94LzEzNS4wIiwiaWF0IjoxNzM5ODg0NTEwfQ.MUDZFYt9F_Szfd8Hiu5fv0Ebf1wNgLreEr9TvLO5Q5g', '2025-03-21 13:15:10', 1),
	(321, 25, '2025-02-18 13:19:16', 'eyJhbGciOiJIUzI1NiIsInR5cCI6IkpXVCJ9.eyJyb2xlIjoidXNlciIsImlkIjoyNSwiaWRlbnRpdHkiOiJhbmVza29zdHJlYmE0OEBnbWFpbC5jb20iLCJleHAiOjE3NDI1NjMxNTYuNzU3LCJpcCI6Ijo6ZmZmZjoxMjcuMC4wLjEiLCJ1YSI6Ik1vemlsbGEvNS4wIChXaW5kb3dzIE5UIDEwLjA7IFdpbjY0OyB4NjQ7IHJ2OjEzNS4wKSBHZWNrby8yMDEwMDEwMSBGaXJlZm94LzEzNS4wIiwiaWF0IjoxNzM5ODg0NzU2fQ.Co7CExl4OVij0Mbj6hJq5ln_KfvAKkBmp4XCGtYQGUM', '2025-03-21 13:19:16', 1),
	(322, 25, '2025-02-18 13:22:06', 'eyJhbGciOiJIUzI1NiIsInR5cCI6IkpXVCJ9.eyJyb2xlIjoidXNlciIsImlkIjoyNSwiaWRlbnRpdHkiOiJhbmVza29zdHJlYmE0OEBnbWFpbC5jb20iLCJleHAiOjE3NDI1NjMzMjYuOTksImlwIjoiOjpmZmZmOjEyNy4wLjAuMSIsInVhIjoiTW96aWxsYS81LjAgKFdpbmRvd3MgTlQgMTAuMDsgV2luNjQ7IHg2NDsgcnY6MTM1LjApIEdlY2tvLzIwMTAwMTAxIEZpcmVmb3gvMTM1LjAiLCJpYXQiOjE3Mzk4ODQ5MjZ9.6SUhWVGkTA6rr8G8wFzD7I05V17UbRZWbHy4OufDi2U', '2025-03-21 13:22:06', 1),
	(323, 25, '2025-02-18 13:50:48', 'eyJhbGciOiJIUzI1NiIsInR5cCI6IkpXVCJ9.eyJyb2xlIjoidXNlciIsImlkIjoyNSwiaWRlbnRpdHkiOiJhbmVza29zdHJlYmE0OEBnbWFpbC5jb20iLCJleHAiOjE3NDI1NjUwNDguMzgxLCJpcCI6Ijo6ZmZmZjoxMjcuMC4wLjEiLCJ1YSI6Ik1vemlsbGEvNS4wIChXaW5kb3dzIE5UIDEwLjA7IFdpbjY0OyB4NjQ7IHJ2OjEzNS4wKSBHZWNrby8yMDEwMDEwMSBGaXJlZm94LzEzNS4wIiwiaWF0IjoxNzM5ODg2NjQ4fQ.J-YLsjThsC4rpSGQf7HkSGgJYbXvUufPLXJeU2ssdg8', '2025-03-21 13:50:48', 1),
	(324, 25, '2025-02-18 13:51:07', 'eyJhbGciOiJIUzI1NiIsInR5cCI6IkpXVCJ9.eyJyb2xlIjoidXNlciIsImlkIjoyNSwiaWRlbnRpdHkiOiJhbmVza29zdHJlYmE0OEBnbWFpbC5jb20iLCJleHAiOjE3NDI1NjUwNjcuMTUzLCJpcCI6Ijo6ZmZmZjoxMjcuMC4wLjEiLCJ1YSI6Ik1vemlsbGEvNS4wIChXaW5kb3dzIE5UIDEwLjA7IFdpbjY0OyB4NjQ7IHJ2OjEzNS4wKSBHZWNrby8yMDEwMDEwMSBGaXJlZm94LzEzNS4wIiwiaWF0IjoxNzM5ODg2NjY3fQ.ARaUk9V9XBM4xGwgeXeAZ7Htlteg33wCmWPgHdfcxvk', '2025-03-21 13:51:07', 1),
	(325, 25, '2025-02-18 13:52:46', 'eyJhbGciOiJIUzI1NiIsInR5cCI6IkpXVCJ9.eyJyb2xlIjoidXNlciIsImlkIjoyNSwiaWRlbnRpdHkiOiJhbmVza29zdHJlYmE0OEBnbWFpbC5jb20iLCJleHAiOjE3NDI1NjUxNjYuODMyLCJpcCI6Ijo6ZmZmZjoxMjcuMC4wLjEiLCJ1YSI6Ik1vemlsbGEvNS4wIChXaW5kb3dzIE5UIDEwLjA7IFdpbjY0OyB4NjQ7IHJ2OjEzNS4wKSBHZWNrby8yMDEwMDEwMSBGaXJlZm94LzEzNS4wIiwiaWF0IjoxNzM5ODg2NzY2fQ.yTUs4JNEntUVN5z35_rGzLLARPXRwWn6SD1WQVTTniU', '2025-03-21 13:52:46', 1),
	(326, 25, '2025-02-18 13:53:25', 'eyJhbGciOiJIUzI1NiIsInR5cCI6IkpXVCJ9.eyJyb2xlIjoidXNlciIsImlkIjoyNSwiaWRlbnRpdHkiOiJhbmVza29zdHJlYmE0OEBnbWFpbC5jb20iLCJleHAiOjE3NDI1NjUyMDUuMTI1LCJpcCI6Ijo6ZmZmZjoxMjcuMC4wLjEiLCJ1YSI6Ik1vemlsbGEvNS4wIChXaW5kb3dzIE5UIDEwLjA7IFdpbjY0OyB4NjQ7IHJ2OjEzNS4wKSBHZWNrby8yMDEwMDEwMSBGaXJlZm94LzEzNS4wIiwiaWF0IjoxNzM5ODg2ODA1fQ.LLQJMZ5nrBJCDohhKyUb3xYNZY2Dg2wWxzXXwCiJ2iM', '2025-03-21 13:53:25', 1),
	(327, 25, '2025-02-18 13:53:47', 'eyJhbGciOiJIUzI1NiIsInR5cCI6IkpXVCJ9.eyJyb2xlIjoidXNlciIsImlkIjoyNSwiaWRlbnRpdHkiOiJhbmVza29zdHJlYmE0OEBnbWFpbC5jb20iLCJleHAiOjE3NDI1NjUyMjcuNDksImlwIjoiOjpmZmZmOjEyNy4wLjAuMSIsInVhIjoiTW96aWxsYS81LjAgKFdpbmRvd3MgTlQgMTAuMDsgV2luNjQ7IHg2NDsgcnY6MTM1LjApIEdlY2tvLzIwMTAwMTAxIEZpcmVmb3gvMTM1LjAiLCJpYXQiOjE3Mzk4ODY4Mjd9.WgvZdThJd2dmzDENlN5HLcHNzZ-CuZAORMGTiNkDWkM', '2025-03-21 13:53:47', 1),
	(328, 25, '2025-02-18 13:54:35', 'eyJhbGciOiJIUzI1NiIsInR5cCI6IkpXVCJ9.eyJyb2xlIjoidXNlciIsImlkIjoyNSwiaWRlbnRpdHkiOiJhbmVza29zdHJlYmE0OEBnbWFpbC5jb20iLCJleHAiOjE3NDI1NjUyNzUuMzAxLCJpcCI6Ijo6ZmZmZjoxMjcuMC4wLjEiLCJ1YSI6Ik1vemlsbGEvNS4wIChXaW5kb3dzIE5UIDEwLjA7IFdpbjY0OyB4NjQ7IHJ2OjEzNS4wKSBHZWNrby8yMDEwMDEwMSBGaXJlZm94LzEzNS4wIiwiaWF0IjoxNzM5ODg2ODc1fQ.h2_onY0A4EAdGpybmWHUPU0BKEMo8S3ZyKz_45MsD0c', '2025-03-21 13:54:35', 1),
	(329, 25, '2025-02-18 13:54:45', 'eyJhbGciOiJIUzI1NiIsInR5cCI6IkpXVCJ9.eyJyb2xlIjoidXNlciIsImlkIjoyNSwiaWRlbnRpdHkiOiJhbmVza29zdHJlYmE0OEBnbWFpbC5jb20iLCJleHAiOjE3NDI1NjUyODUuNCwiaXAiOiI6OmZmZmY6MTI3LjAuMC4xIiwidWEiOiJNb3ppbGxhLzUuMCAoV2luZG93cyBOVCAxMC4wOyBXaW42NDsgeDY0OyBydjoxMzUuMCkgR2Vja28vMjAxMDAxMDEgRmlyZWZveC8xMzUuMCIsImlhdCI6MTczOTg4Njg4NX0.EhRr-AX3yUU9TxEUwVmtIsy98a4obqc1GC4izph2Uws', '2025-03-21 13:54:45', 1),
	(330, 25, '2025-02-18 13:54:53', 'eyJhbGciOiJIUzI1NiIsInR5cCI6IkpXVCJ9.eyJyb2xlIjoidXNlciIsImlkIjoyNSwiaWRlbnRpdHkiOiJhbmVza29zdHJlYmE0OEBnbWFpbC5jb20iLCJleHAiOjE3NDI1NjUyOTMuNTk1LCJpcCI6Ijo6ZmZmZjoxMjcuMC4wLjEiLCJ1YSI6Ik1vemlsbGEvNS4wIChXaW5kb3dzIE5UIDEwLjA7IFdpbjY0OyB4NjQ7IHJ2OjEzNS4wKSBHZWNrby8yMDEwMDEwMSBGaXJlZm94LzEzNS4wIiwiaWF0IjoxNzM5ODg2ODkzfQ.1zF9k8RBFT3mUGve2lN81jnuq-D_8iEXFOD4mGw50i4', '2025-03-21 13:54:53', 1),
	(331, 25, '2025-02-18 14:09:46', 'eyJhbGciOiJIUzI1NiIsInR5cCI6IkpXVCJ9.eyJyb2xlIjoidXNlciIsImlkIjoyNSwiaWRlbnRpdHkiOiJhbmVza29zdHJlYmE0OEBnbWFpbC5jb20iLCJleHAiOjE3NDI1NjYxODYuNDY3LCJpcCI6Ijo6ZmZmZjoxMjcuMC4wLjEiLCJ1YSI6Ik1vemlsbGEvNS4wIChXaW5kb3dzIE5UIDEwLjA7IFdpbjY0OyB4NjQ7IHJ2OjEzNS4wKSBHZWNrby8yMDEwMDEwMSBGaXJlZm94LzEzNS4wIiwiaWF0IjoxNzM5ODg3Nzg2fQ.OKubs9WHmOJYuuwa1QlctscFSagvCoCnalxwAnkadVA', '2025-03-21 14:09:46', 1),
	(332, 25, '2025-02-18 14:13:35', 'eyJhbGciOiJIUzI1NiIsInR5cCI6IkpXVCJ9.eyJyb2xlIjoidXNlciIsImlkIjoyNSwiaWRlbnRpdHkiOiJhbmVza29zdHJlYmE0OEBnbWFpbC5jb20iLCJleHAiOjE3NDI1NjY0MTUuMywiaXAiOiI6OjEiLCJ1YSI6Ik1vemlsbGEvNS4wIChXaW5kb3dzIE5UIDEwLjA7IFdpbjY0OyB4NjQpIEFwcGxlV2ViS2l0LzUzNy4zNiAoS0hUTUwsIGxpa2UgR2Vja28pIENocm9tZS8xMzMuMC4wLjAgU2FmYXJpLzUzNy4zNiIsImlhdCI6MTczOTg4ODAxNX0.azU1e1UoQmVeqOTV8cVtX0Bl8w27SifTyWcaT956SJg', '2025-03-21 14:13:35', 1),
	(333, 25, '2025-02-18 14:14:34', 'eyJhbGciOiJIUzI1NiIsInR5cCI6IkpXVCJ9.eyJyb2xlIjoidXNlciIsImlkIjoyNSwiaWRlbnRpdHkiOiJhbmVza29zdHJlYmE0OEBnbWFpbC5jb20iLCJleHAiOjE3NDI1NjY0NzQuMzY4LCJpcCI6Ijo6MSIsInVhIjoiTW96aWxsYS81LjAgKFdpbmRvd3MgTlQgMTAuMDsgV2luNjQ7IHg2NCkgQXBwbGVXZWJLaXQvNTM3LjM2IChLSFRNTCwgbGlrZSBHZWNrbykgQ2hyb21lLzEzMy4wLjAuMCBTYWZhcmkvNTM3LjM2IiwiaWF0IjoxNzM5ODg4MDc0fQ.0CUFeN9p1qNH1cIagbNmTqUxtOCnP9GzRicIXCDejdw', '2025-03-21 14:14:34', 1),
	(334, 25, '2025-02-18 14:14:49', 'eyJhbGciOiJIUzI1NiIsInR5cCI6IkpXVCJ9.eyJyb2xlIjoidXNlciIsImlkIjoyNSwiaWRlbnRpdHkiOiJhbmVza29zdHJlYmE0OEBnbWFpbC5jb20iLCJleHAiOjE3NDI1NjY0ODkuNTM2LCJpcCI6Ijo6MSIsInVhIjoiTW96aWxsYS81LjAgKFdpbmRvd3MgTlQgMTAuMDsgV2luNjQ7IHg2NCkgQXBwbGVXZWJLaXQvNTM3LjM2IChLSFRNTCwgbGlrZSBHZWNrbykgQ2hyb21lLzEzMy4wLjAuMCBTYWZhcmkvNTM3LjM2IiwiaWF0IjoxNzM5ODg4MDg5fQ.x7rjMdO-q3FFu5WIslYZh6E5TCWtdPj2XsL2tscHsX8', '2025-03-21 14:14:49', 1),
	(335, 25, '2025-02-18 15:02:35', 'eyJhbGciOiJIUzI1NiIsInR5cCI6IkpXVCJ9.eyJyb2xlIjoidXNlciIsImlkIjoyNSwiaWRlbnRpdHkiOiJhbmVza29zdHJlYmE0OEBnbWFpbC5jb20iLCJleHAiOjE3NDI1NjkzNTUuNTU5LCJpcCI6Ijo6MSIsInVhIjoiTW96aWxsYS81LjAgKFdpbmRvd3MgTlQgMTAuMDsgV2luNjQ7IHg2NCkgQXBwbGVXZWJLaXQvNTM3LjM2IChLSFRNTCwgbGlrZSBHZWNrbykgQ2hyb21lLzEzMy4wLjAuMCBTYWZhcmkvNTM3LjM2IiwiaWF0IjoxNzM5ODkwOTU1fQ.TD9ImCkSFylN4uNSonbD41EendjUXgcnkEi8Ubb8qDU', '2025-03-21 15:02:35', 1),
	(336, 25, '2025-02-18 15:12:05', 'eyJhbGciOiJIUzI1NiIsInR5cCI6IkpXVCJ9.eyJyb2xlIjoidXNlciIsImlkIjoyNSwiaWRlbnRpdHkiOiJhbmVza29zdHJlYmE0OEBnbWFpbC5jb20iLCJleHAiOjE3NDI1Njk5MjUuMDQyLCJpcCI6Ijo6MSIsInVhIjoiTW96aWxsYS81LjAgKFdpbmRvd3MgTlQgMTAuMDsgV2luNjQ7IHg2NCkgQXBwbGVXZWJLaXQvNTM3LjM2IChLSFRNTCwgbGlrZSBHZWNrbykgQ2hyb21lLzEzMy4wLjAuMCBTYWZhcmkvNTM3LjM2IiwiaWF0IjoxNzM5ODkxNTI1fQ.hbCbQEPuhqsdrOgKVebQTT5GyTk2PkqPED3zSH2H26s', '2025-03-21 15:12:05', 1),
	(337, 25, '2025-02-18 15:12:27', 'eyJhbGciOiJIUzI1NiIsInR5cCI6IkpXVCJ9.eyJyb2xlIjoidXNlciIsImlkIjoyNSwiaWRlbnRpdHkiOiJhbmVza29zdHJlYmE0OEBnbWFpbC5jb20iLCJleHAiOjE3NDI1Njk5NDcuNTUzLCJpcCI6Ijo6MSIsInVhIjoiTW96aWxsYS81LjAgKFdpbmRvd3MgTlQgMTAuMDsgV2luNjQ7IHg2NCkgQXBwbGVXZWJLaXQvNTM3LjM2IChLSFRNTCwgbGlrZSBHZWNrbykgQ2hyb21lLzEzMy4wLjAuMCBTYWZhcmkvNTM3LjM2IiwiaWF0IjoxNzM5ODkxNTQ3fQ.OCK_fI4nR7v8jIRDoj6VnAWezl18pLr9F-6b9WFCv3Q', '2025-03-21 15:12:27', 1),
	(338, 25, '2025-02-18 15:37:30', 'eyJhbGciOiJIUzI1NiIsInR5cCI6IkpXVCJ9.eyJyb2xlIjoidXNlciIsImlkIjoyNSwiaWRlbnRpdHkiOiJhbmVza29zdHJlYmE0OEBnbWFpbC5jb20iLCJleHAiOjE3NDI1NzE0NTAuNjg1LCJpcCI6Ijo6MSIsInVhIjoiTW96aWxsYS81LjAgKFdpbmRvd3MgTlQgMTAuMDsgV2luNjQ7IHg2NCkgQXBwbGVXZWJLaXQvNTM3LjM2IChLSFRNTCwgbGlrZSBHZWNrbykgQ2hyb21lLzEzMy4wLjAuMCBTYWZhcmkvNTM3LjM2IiwiaWF0IjoxNzM5ODkzMDUwfQ.GJ8oO-kJG9rpQ4Iq9RHDzEpWK8qhdhP0QCBG6u_oWDw', '2025-03-21 15:37:30', 1),
	(339, 25, '2025-02-18 15:50:57', 'eyJhbGciOiJIUzI1NiIsInR5cCI6IkpXVCJ9.eyJyb2xlIjoidXNlciIsImlkIjoyNSwiaWRlbnRpdHkiOiJhbmVza29zdHJlYmE0OEBnbWFpbC5jb20iLCJleHAiOjE3NDI1NzIyNTcuMzc0LCJpcCI6Ijo6MSIsInVhIjoiTW96aWxsYS81LjAgKFdpbmRvd3MgTlQgMTAuMDsgV2luNjQ7IHg2NCkgQXBwbGVXZWJLaXQvNTM3LjM2IChLSFRNTCwgbGlrZSBHZWNrbykgQ2hyb21lLzEzMy4wLjAuMCBTYWZhcmkvNTM3LjM2IiwiaWF0IjoxNzM5ODkzODU3fQ.S5p8LuGqGxw1_d3gGnb97osQ3zkpKE1iK54oiyfwvz0', '2025-03-21 15:50:57', 1),
	(340, 25, '2025-02-18 15:57:07', 'eyJhbGciOiJIUzI1NiIsInR5cCI6IkpXVCJ9.eyJyb2xlIjoidXNlciIsImlkIjoyNSwiaWRlbnRpdHkiOiJhbmVza29zdHJlYmE0OEBnbWFpbC5jb20iLCJleHAiOjE3NDI1NzI2MjcuMjc1LCJpcCI6Ijo6MSIsInVhIjoiTW96aWxsYS81LjAgKFdpbmRvd3MgTlQgMTAuMDsgV2luNjQ7IHg2NCkgQXBwbGVXZWJLaXQvNTM3LjM2IChLSFRNTCwgbGlrZSBHZWNrbykgQ2hyb21lLzEzMy4wLjAuMCBTYWZhcmkvNTM3LjM2IiwiaWF0IjoxNzM5ODk0MjI3fQ.UKm9vXVPAjWPcc8sYLrEJFXHX9z89sTJtpoHqSqfmEQ', '2025-03-21 15:57:07', 1),
	(341, 25, '2025-02-18 16:02:26', 'eyJhbGciOiJIUzI1NiIsInR5cCI6IkpXVCJ9.eyJyb2xlIjoidXNlciIsImlkIjoyNSwiaWRlbnRpdHkiOiJhbmVza29zdHJlYmE0OEBnbWFpbC5jb20iLCJleHAiOjE3NDI1NzI5NDYuNDI2LCJpcCI6Ijo6ZmZmZjoxMjcuMC4wLjEiLCJ1YSI6Ik1vemlsbGEvNS4wIChXaW5kb3dzIE5UIDEwLjA7IFdpbjY0OyB4NjQ7IHJ2OjEzNS4wKSBHZWNrby8yMDEwMDEwMSBGaXJlZm94LzEzNS4wIiwiaWF0IjoxNzM5ODk0NTQ2fQ.D5n3gI-_FUXADIsu9GHX7wSFozzIonLWPQTi6MyrcYw', '2025-03-21 16:02:26', 1),
	(342, 25, '2025-02-18 16:03:02', 'eyJhbGciOiJIUzI1NiIsInR5cCI6IkpXVCJ9.eyJyb2xlIjoidXNlciIsImlkIjoyNSwiaWRlbnRpdHkiOiJhbmVza29zdHJlYmE0OEBnbWFpbC5jb20iLCJleHAiOjE3NDI1NzI5ODIuNCwiaXAiOiI6OmZmZmY6MTI3LjAuMC4xIiwidWEiOiJNb3ppbGxhLzUuMCAoV2luZG93cyBOVCAxMC4wOyBXaW42NDsgeDY0OyBydjoxMzUuMCkgR2Vja28vMjAxMDAxMDEgRmlyZWZveC8xMzUuMCIsImlhdCI6MTczOTg5NDU4Mn0.hJUtL7HnDpRxmzAogkggtoDF3NiVCERGfysFO2Z_c5U', '2025-03-21 16:03:02', 1),
	(343, 25, '2025-02-18 16:09:02', 'eyJhbGciOiJIUzI1NiIsInR5cCI6IkpXVCJ9.eyJyb2xlIjoidXNlciIsImlkIjoyNSwiaWRlbnRpdHkiOiJhbmVza29zdHJlYmE0OEBnbWFpbC5jb20iLCJleHAiOjE3NDI1NzMzNDIuOTY0LCJpcCI6Ijo6ZmZmZjoxMjcuMC4wLjEiLCJ1YSI6Ik1vemlsbGEvNS4wIChXaW5kb3dzIE5UIDEwLjA7IFdpbjY0OyB4NjQ7IHJ2OjEzNS4wKSBHZWNrby8yMDEwMDEwMSBGaXJlZm94LzEzNS4wIiwiaWF0IjoxNzM5ODk0OTQyfQ.MxRcECwdTrLxjfD--ALFKYeO60Fi0UZZgdXH2FAcZ64', '2025-03-21 16:09:02', 1),
	(344, 25, '2025-02-18 16:10:18', 'eyJhbGciOiJIUzI1NiIsInR5cCI6IkpXVCJ9.eyJyb2xlIjoidXNlciIsImlkIjoyNSwiaWRlbnRpdHkiOiJhbmVza29zdHJlYmE0OEBnbWFpbC5jb20iLCJleHAiOjE3NDI1NzM0MTguODk1LCJpcCI6Ijo6MSIsInVhIjoiTW96aWxsYS81LjAgKFdpbmRvd3MgTlQgMTAuMDsgV2luNjQ7IHg2NCkgQXBwbGVXZWJLaXQvNTM3LjM2IChLSFRNTCwgbGlrZSBHZWNrbykgQ2hyb21lLzEzMy4wLjAuMCBTYWZhcmkvNTM3LjM2IiwiaWF0IjoxNzM5ODk1MDE4fQ.14-mJGRjsTUnNWL7536I9_IYIKBOmhMfkh-RovE4IkQ', '2025-03-21 16:10:18', 1),
	(345, 25, '2025-02-18 17:02:43', 'eyJhbGciOiJIUzI1NiIsInR5cCI6IkpXVCJ9.eyJyb2xlIjoidXNlciIsImlkIjoyNSwiaWRlbnRpdHkiOiJhbmVza29zdHJlYmE0OEBnbWFpbC5jb20iLCJleHAiOjE3NDI1NzY1NjMuMzA4LCJpcCI6Ijo6MSIsInVhIjoiTW96aWxsYS81LjAgKFdpbmRvd3MgTlQgMTAuMDsgV2luNjQ7IHg2NCkgQXBwbGVXZWJLaXQvNTM3LjM2IChLSFRNTCwgbGlrZSBHZWNrbykgQ2hyb21lLzEzMy4wLjAuMCBTYWZhcmkvNTM3LjM2IiwiaWF0IjoxNzM5ODk4MTYzfQ.I0logknC5jb__TR0PtgbYi0w6wov67AoPPs2BhbhfN0', '2025-03-21 17:02:43', 1),
	(346, 25, '2025-02-18 17:32:13', 'eyJhbGciOiJIUzI1NiIsInR5cCI6IkpXVCJ9.eyJyb2xlIjoidXNlciIsImlkIjoyNSwiaWRlbnRpdHkiOiJhbmVza29zdHJlYmE0OEBnbWFpbC5jb20iLCJleHAiOjE3NDI1NzgzMzMuNTM4LCJpcCI6Ijo6MSIsInVhIjoiTW96aWxsYS81LjAgKFdpbmRvd3MgTlQgMTAuMDsgV2luNjQ7IHg2NCkgQXBwbGVXZWJLaXQvNTM3LjM2IChLSFRNTCwgbGlrZSBHZWNrbykgQ2hyb21lLzEzMy4wLjAuMCBTYWZhcmkvNTM3LjM2IiwiaWF0IjoxNzM5ODk5OTMzfQ.pEo_0YPoW-aKt3V8_QRymutdLLzXWd9kB5UD8gFRgIQ', '2025-03-21 17:32:13', 1),
	(347, 36, '2025-02-19 08:09:21', 'eyJhbGciOiJIUzI1NiIsInR5cCI6IkpXVCJ9.eyJyb2xlIjoidXNlciIsImlkIjozNiwiaWRlbnRpdHkiOiJuZWtpZW1haWxAZ21haWwuY29tIiwiZXhwIjoxNzQyNjMwOTYxLjIxMSwiaXAiOiI6OjEiLCJ1YSI6Ik1vemlsbGEvNS4wIChXaW5kb3dzIE5UIDEwLjA7IFdpbjY0OyB4NjQpIEFwcGxlV2ViS2l0LzUzNy4zNiAoS0hUTUwsIGxpa2UgR2Vja28pIENocm9tZS8xMzMuMC4wLjAgU2FmYXJpLzUzNy4zNiIsImlhdCI6MTczOTk1MjU2MX0.J4uFLlZppeG9LKHXcvbAFslejmOT8JNvt_l3tK39XWA', '2025-03-22 08:09:21', 1),
	(348, 37, '2025-02-19 08:18:55', 'eyJhbGciOiJIUzI1NiIsInR5cCI6IkpXVCJ9.eyJyb2xlIjoidXNlciIsImlkIjozNywiaWRlbnRpdHkiOiJ0cmVjaWVtYWlsQGdtYWlsLmNvbSIsImV4cCI6MTc0MjYzMTUzNS4xNzksImlwIjoiOjoxIiwidWEiOiJNb3ppbGxhLzUuMCAoV2luZG93cyBOVCAxMC4wOyBXaW42NDsgeDY0KSBBcHBsZVdlYktpdC81MzcuMzYgKEtIVE1MLCBsaWtlIEdlY2tvKSBDaHJvbWUvMTMzLjAuMC4wIFNhZmFyaS81MzcuMzYiLCJpYXQiOjE3Mzk5NTMxMzV9.-Is2QKJTZxbqxy4djdD8yFJDb6V8xvUG2tFSf5WPTmc', '2025-03-22 08:18:55', 1);

/*!40103 SET TIME_ZONE=IFNULL(@OLD_TIME_ZONE, 'system') */;
/*!40101 SET SQL_MODE=IFNULL(@OLD_SQL_MODE, '') */;
/*!40014 SET FOREIGN_KEY_CHECKS=IFNULL(@OLD_FOREIGN_KEY_CHECKS, 1) */;
/*!40101 SET CHARACTER_SET_CLIENT=@OLD_CHARACTER_SET_CLIENT */;
/*!40111 SET SQL_NOTES=IFNULL(@OLD_SQL_NOTES, 1) */;
